{
"type": "FeatureCollection",
"name": "GISCO_adm_corsica",
"crs": { "type": "name", "properties": { "name": "urn:ogc:def:crs:EPSG::4258" } },
"features": [
{ "type": "Feature", "properties": { "ADM_ID": "FR942A1", "SHAPE_Leng": 0.709677889, "SHAPE_Area": 0.01380783015 }, "geometry": { "type": "MultiPolygon", "coordinates": [ [ [ [ 8.597121, 41.882251500000109 ], [ 8.597885, 41.882072500000049 ], [ 8.598543000000177, 41.88068 ], [ 8.598079499999983, 41.879719 ], [ 8.597309, 41.879261 ], [ 8.594941, 41.876594500000124 ], [ 8.594546500000263, 41.876289500000098 ], [ 8.593436, 41.876041500000042 ], [ 8.593362000000127, 41.875911500000086 ], [ 8.59332350000011, 41.875553 ], [ 8.593382097455731, 41.875477113075419 ], [ 8.594233500000087, 41.874374500000101 ], [ 8.59420850000015, 41.874153 ], [ 8.593184500000177, 41.873577 ], [ 8.592884000000197, 41.873592500000086 ], [ 8.592479500000081, 41.873745 ], [ 8.591917872255635, 41.874455544191903 ], [ 8.59188550000016, 41.874496500000078 ], [ 8.591435500000216, 41.874119000000121 ], [ 8.589613, 41.874084500000095 ], [ 8.589368, 41.874592 ], [ 8.588774499999943, 41.874672 ], [ 8.588132, 41.874298000000181 ], [ 8.586972639735393, 41.874026924146335 ], [ 8.586402000000135, 41.873893500000122 ], [ 8.585498000000143, 41.873996500000089 ], [ 8.585406500000204, 41.874271500000134 ], [ 8.58605490634784, 41.874392031437935 ], [ 8.586143500000048, 41.874408500000072 ], [ 8.58613898849103, 41.874451749074638 ], [ 8.586048000000176, 41.875324000000148 ], [ 8.586664000000155, 41.876007000000186 ], [ 8.588430500000129, 41.876762500000154 ], [ 8.588710000000162, 41.877117 ], [ 8.589447000000177, 41.8772545 ], [ 8.589963, 41.87758249999996 ], [ 8.590610500000025, 41.878002 ], [ 8.590701, 41.8784025 ], [ 8.591353622017436, 41.878155336768032 ], [ 8.59140600000012, 41.878135500000099 ], [ 8.592199500000049, 41.878231 ], [ 8.593261500000153, 41.879257000000166 ], [ 8.593133537991662, 41.879419485986602 ], [ 8.592889, 41.879730000000222 ], [ 8.593650603409912, 41.879786721212099 ], [ 8.594225000000108, 41.879829500000085 ], [ 8.595145, 41.880550500000084 ], [ 8.595762500000149, 41.881241000000159 ], [ 8.595755943919642, 41.881281996606447 ], [ 8.595646000000102, 41.881969500000025 ], [ 8.59585, 41.882183000000111 ], [ 8.596743500000116, 41.8820915 ], [ 8.597121, 41.882251500000109 ] ] ], [ [ [ 8.537896, 42.372688500000152 ], [ 8.540537, 42.371254 ], [ 8.540739, 42.371784000000105 ], [ 8.541065000000231, 42.371761500000162 ], [ 8.541754, 42.371269 ], [ 8.541938000000187, 42.370395500000143 ], [ 8.541725000000156, 42.369415500000059 ], [ 8.541995, 42.369339 ], [ 8.542108500000097, 42.368908000000147 ], [ 8.543061500000078, 42.369076 ], [ 8.5426895, 42.368442500000015 ], [ 8.542151500000102, 42.368400500000064 ], [ 8.541808, 42.367809500000021 ], [ 8.542341000000135, 42.36699700000014 ], [ 8.542314500000089, 42.366871000000174 ], [ 8.541660500000148, 42.366188 ], [ 8.540616, 42.36619550000006 ], [ 8.539665, 42.366497 ], [ 8.540239500000155, 42.36755 ], [ 8.539985500000114, 42.368015500000183 ], [ 8.539334500000223, 42.36795450000011 ], [ 8.538641, 42.368282500000078 ], [ 8.538779500000146, 42.368671500000119 ], [ 8.537692, 42.369301 ], [ 8.536545, 42.369243500000039 ], [ 8.536128000000133, 42.369659499999955 ], [ 8.536350500000083, 42.370029500000044 ], [ 8.535547500000234, 42.37024700000012 ], [ 8.535319500000014, 42.370388 ], [ 8.535140000000126, 42.370758 ], [ 8.535541500000079, 42.371338000000151 ], [ 8.534673500000054, 42.371956000000125 ], [ 8.534705000000145, 42.372150500000032 ], [ 8.536339, 42.37186800000012 ], [ 8.537045500000033, 42.372692 ], [ 8.537598500000115, 42.372757 ], [ 8.537896, 42.372688500000152 ] ] ], [ [ [ 8.591283, 42.375267000000122 ], [ 8.591752606579803, 42.373785933095121 ], [ 8.592134500000157, 42.372581499999967 ], [ 8.594920000899094, 42.370628499899681 ], [ 8.597687, 42.370319500000051 ], [ 8.599824055126305, 42.369393752689405 ], [ 8.600100500000053, 42.369274 ], [ 8.601026500000103, 42.369091000000196 ], [ 8.601943000000119, 42.369198000000154 ], [ 8.603532000000143, 42.369999 ], [ 8.604140559346149, 42.370684485632182 ], [ 8.605086500000141, 42.371750000000134 ], [ 8.610166495631404, 42.373767998264611 ], [ 8.614815, 42.373573500000191 ], [ 8.617241000000206, 42.374721500000135 ], [ 8.618170500000019, 42.374771000000123 ], [ 8.618255679667584, 42.374668689618431 ], [ 8.620597, 42.371856500000035 ], [ 8.623399500000119, 42.371376 ], [ 8.62815850000004, 42.371738500000049 ], [ 8.631479500000069, 42.373092499999984 ], [ 8.635181500000101, 42.373626500000114 ], [ 8.636997, 42.373165000000142 ], [ 8.640624000000116, 42.373504500000138 ], [ 8.644700000000228, 42.366424500000164 ], [ 8.647135, 42.364212 ], [ 8.650263, 42.362575500000048 ], [ 8.650263025904167, 42.362575493751024 ], [ 8.657569, 42.360813 ], [ 8.658392515796436, 42.360300479595253 ], [ 8.659720500000105, 42.359474 ], [ 8.664385000296306, 42.358623500057092 ], [ 8.668068000000119, 42.359333 ], [ 8.671920000000171, 42.359413 ], [ 8.674566500000083, 42.360115 ], [ 8.68218400000012, 42.359581000000105 ], [ 8.682804, 42.35917650000016 ], [ 8.682309550866876, 42.358593642938217 ], [ 8.681403000000159, 42.357525000000123 ], [ 8.682757392800227, 42.355071724632239 ], [ 8.6828395, 42.354923 ], [ 8.683045499641366, 42.352805998453789 ], [ 8.682719, 42.351398500000187 ], [ 8.681526, 42.350475500000016 ], [ 8.683482000000254, 42.348026500000117 ], [ 8.6880825, 42.348835 ], [ 8.694614500000114, 42.347805000000221 ], [ 8.7061225, 42.347385499999973 ], [ 8.7102405, 42.349148 ], [ 8.714065500000117, 42.349087000000111 ], [ 8.71690950000027, 42.345615500000065 ], [ 8.719296500000041, 42.344429000000162 ], [ 8.720005176432608, 42.344257490999212 ], [ 8.723866500000156, 42.343323000000112 ], [ 8.72475350000002, 42.342174500000112 ], [ 8.726739, 42.340645 ], [ 8.729340503506307, 42.339774999976726 ], [ 8.737919, 42.339718000000119 ], [ 8.741939500000171, 42.3378945 ], [ 8.747604500000136, 42.33803550000016 ], [ 8.752196500000139, 42.338955 ], [ 8.758802500000115, 42.338161500000069 ], [ 8.762381500000117, 42.331615500000112 ], [ 8.766030500000056, 42.329365 ], [ 8.766907713283786, 42.328419965133833 ], [ 8.76819050000006, 42.327038 ], [ 8.771172500000091, 42.325409 ], [ 8.77170650000005, 42.3248365 ], [ 8.776481500000045, 42.325073 ], [ 8.780205499999965, 42.325683500000082 ], [ 8.780626941085757, 42.325913076001314 ], [ 8.781669500000135, 42.326481000000172 ], [ 8.783416604402817, 42.326061810581848 ], [ 8.783482500000048, 42.326046 ], [ 8.789197000000172, 42.326370000000225 ], [ 8.792602500000044, 42.323105 ], [ 8.796361000000161, 42.323288000000105 ], [ 8.800999500000103, 42.322693 ], [ 8.804339500000196, 42.321483500000227 ], [ 8.806555000000174, 42.320141000000149 ], [ 8.810247500000173, 42.319973000000118 ], [ 8.814611500000126, 42.318722 ], [ 8.819317, 42.318351500000063 ], [ 8.819707000000221, 42.315815000000157 ], [ 8.8231525, 42.317039500000021 ], [ 8.823668960652753, 42.317372361990465 ], [ 8.825318500000151, 42.318435500000078 ], [ 8.826476387016271, 42.318475901245961 ], [ 8.828055500000119, 42.318531 ], [ 8.829529000000207, 42.319439 ], [ 8.831213000000105, 42.319786 ], [ 8.831361958182242, 42.320396314774086 ], [ 8.831537, 42.321113500000138 ], [ 8.832255500000201, 42.321544500000073 ], [ 8.836340000000121, 42.32341 ], [ 8.837216499999954, 42.3236925 ], [ 8.840989002437709, 42.324180501293597 ], [ 8.844102, 42.325832500000161 ], [ 8.844523014670585, 42.326780776820215 ], [ 8.844684500000085, 42.327144499999974 ], [ 8.845447500000148, 42.327461000000255 ], [ 8.84822650000001, 42.327587 ], [ 8.851001689685347, 42.329129412906582 ], [ 8.852797500000065, 42.33012750000006 ], [ 8.854352506095836, 42.330135958534754 ], [ 8.855647, 42.330143000000135 ], [ 8.857169, 42.330982 ], [ 8.861525500000141, 42.329578500000139 ], [ 8.861632500000098, 42.328163 ], [ 8.860563500000126, 42.325451 ], [ 8.861698, 42.323578000000111 ], [ 8.862371499057929, 42.320785501679723 ], [ 8.85924650000004, 42.315792000000215 ], [ 8.859213, 42.315239 ], [ 8.861046, 42.313747499999977 ], [ 8.86131400000022, 42.308746500000098 ], [ 8.861294500000213, 42.308025500000099 ], [ 8.861025, 42.307346500000051 ], [ 8.860907972599364, 42.307202713404649 ], [ 8.859531500000173, 42.30551150000008 ], [ 8.859908, 42.304153499999984 ], [ 8.858921, 42.302967 ], [ 8.858701500000052, 42.301544 ], [ 8.859059500000171, 42.300174500000139 ], [ 8.859525500000188, 42.299549 ], [ 8.863646500000129, 42.296734000000185 ], [ 8.870316500000058, 42.296005 ], [ 8.876435500000071, 42.293911000000207 ], [ 8.877176500000132, 42.293468500000017 ], [ 8.877634000000114, 42.292850500000043 ], [ 8.877663471208564, 42.29267438927991 ], [ 8.878107, 42.29002400000013 ], [ 8.87843050000015, 42.289348500000017 ], [ 8.878915, 42.288730500000042 ], [ 8.882757, 42.285599000000104 ], [ 8.885958500000243, 42.284321 ], [ 8.88624300000015, 42.281502 ], [ 8.884548, 42.279823500000077 ], [ 8.884491000000139, 42.277702500000089 ], [ 8.8832327300168, 42.275749398413154 ], [ 8.882829500000128, 42.275123500000063 ], [ 8.882789398309626, 42.274355273895083 ], [ 8.882718, 42.272987500000056 ], [ 8.881942, 42.271690500000204 ], [ 8.882734500000083, 42.270477500000197 ], [ 8.886167974433192, 42.268390652427058 ], [ 8.890021500000103, 42.266048500000068 ], [ 8.891006326927538, 42.264612630106285 ], [ 8.89167, 42.26364500000011 ], [ 8.892743865048203, 42.26325587534086 ], [ 8.894196500000078, 42.262729500000034 ], [ 8.895458598594928, 42.261136078582126 ], [ 8.895634500000028, 42.260914000000128 ], [ 8.896541470803754, 42.260290518987176 ], [ 8.901172500000143, 42.257107 ], [ 8.904771000000153, 42.253864500000191 ], [ 8.907584, 42.254036000000156 ], [ 8.911097499999926, 42.254997499999945 ], [ 8.912973500000078, 42.254875000000141 ], [ 8.917573000000175, 42.255596 ], [ 8.922504500000173, 42.257629500000121 ], [ 8.923393000000146, 42.257580000000132 ], [ 8.926621499815155, 42.254192499111468 ], [ 8.92655950000011, 42.25206750000018 ], [ 8.927167000000111, 42.251579500000162 ], [ 8.931818, 42.250828000000126 ], [ 8.933217998446594, 42.250015500901725 ], [ 8.934441500000162, 42.247356500000137 ], [ 8.934817071353905, 42.247043625323045 ], [ 8.93690950000007, 42.245300500000042 ], [ 8.939119500000174, 42.240673000000129 ], [ 8.940108500000292, 42.237209500000063 ], [ 8.942773000000102, 42.236431000000152 ], [ 8.944062237779235, 42.23541812090258 ], [ 8.944744000000128, 42.234882500000083 ], [ 8.948107, 42.233585500000061 ], [ 8.949919500000078, 42.233761 ], [ 8.952558527642509, 42.233392616122842 ], [ 8.956370500000048, 42.232860500000129 ], [ 8.971618500000091, 42.231998500000032 ], [ 8.9741745, 42.232456 ], [ 8.9768830000001, 42.230476500000066 ], [ 8.976881520422069, 42.228374019508294 ], [ 8.976881000000105, 42.227634500000079 ], [ 8.979790499999979, 42.223987500000135 ], [ 8.983346000113897, 42.225078499881704 ], [ 8.98781, 42.220428500000025 ], [ 8.989765538775259, 42.218981844124016 ], [ 8.990548000000103, 42.218403 ], [ 8.990747199750672, 42.218049557507072 ], [ 8.991638, 42.216469000000131 ], [ 8.994459998735749, 42.214523500871735 ], [ 8.997232500000052, 42.214493 ], [ 8.999881500000185, 42.215156500000091 ], [ 9.004174000826822, 42.213668999301092 ], [ 9.005929000000151, 42.212185 ], [ 9.006489999403527, 42.208713500602414 ], [ 9.014041, 42.208126000000107 ], [ 9.017124, 42.205379500000049 ], [ 9.021939500000258, 42.203220500000157 ], [ 9.027601, 42.203800000000115 ], [ 9.030499867791946, 42.204840548952177 ], [ 9.034478, 42.206268500000078 ], [ 9.040063723554397, 42.206650507926383 ], [ 9.042118, 42.20679100000018 ], [ 9.045743999936633, 42.207725498135233 ], [ 9.047483500000055, 42.203048500000136 ], [ 9.047097367317122, 42.201565715711013 ], [ 9.046595500000137, 42.199638500000049 ], [ 9.048980000000256, 42.192997000000162 ], [ 9.049162, 42.191597000000115 ], [ 9.050575500000093, 42.189785000000143 ], [ 9.051112000000103, 42.187725000000228 ], [ 9.048511030042107, 42.183614345986939 ], [ 9.047494, 42.182007 ], [ 9.04763150000008, 42.179912500000057 ], [ 9.048283671874287, 42.17906560466821 ], [ 9.049458500000071, 42.17754 ], [ 9.048115500000165, 42.175701000000117 ], [ 9.049511000000166, 42.171577499999955 ], [ 9.051077, 42.169830500000216 ], [ 9.054801000000168, 42.169143500000018 ], [ 9.056609, 42.169246500000042 ], [ 9.065369500000088, 42.166649 ], [ 9.06604950000002, 42.158134500000074 ], [ 9.066971, 42.156914000000143 ], [ 9.071688500000164, 42.154526 ], [ 9.070124480967081, 42.14997161549428 ], [ 9.070081, 42.149845 ], [ 9.07092, 42.147789000000103 ], [ 9.071577651285054, 42.147060666567597 ], [ 9.072525, 42.1460115000001 ], [ 9.073014540451481, 42.144182331574655 ], [ 9.073451, 42.142551499999968 ], [ 9.076771000000235, 42.136657500000126 ], [ 9.0744380000001, 42.13221 ], [ 9.072036500000138, 42.13000100000022 ], [ 9.076558, 42.128887 ], [ 9.077599772439157, 42.127548686168552 ], [ 9.0779685, 42.127075 ], [ 9.080149025839546, 42.126424964574198 ], [ 9.081512500000144, 42.126018500000043 ], [ 9.083848997352504, 42.12479400138767 ], [ 9.084388000000217, 42.123443500000121 ], [ 9.088302500000054, 42.119457 ], [ 9.093344500000171, 42.115295500000059 ], [ 9.095192, 42.115181 ], [ 9.103586000000234, 42.116409500000088 ], [ 9.107151000000158, 42.115387 ], [ 9.108587645797684, 42.114518733532407 ], [ 9.109347499999956, 42.11405950000011 ], [ 9.111901500000101, 42.113266 ], [ 9.111988, 42.111233000000198 ], [ 9.112677500000189, 42.110779 ], [ 9.1141985000001, 42.109913 ], [ 9.115046500000062, 42.109619 ], [ 9.117861, 42.109619 ], [ 9.119915, 42.107277000000124 ], [ 9.124779500639477, 42.105022498444896 ], [ 9.125320500000157, 42.103706500000101 ], [ 9.125341500000104, 42.098747500000115 ], [ 9.126692, 42.097786000000156 ], [ 9.127171624334153, 42.096949937034765 ], [ 9.128191, 42.095173000000102 ], [ 9.130098500000088, 42.093574500000045 ], [ 9.131321000000128, 42.09164050000004 ], [ 9.133688000000234, 42.090549500000179 ], [ 9.134785500000078, 42.087089500000104 ], [ 9.134083500000088, 42.085033499999952 ], [ 9.133968500239121, 42.080124010202667 ], [ 9.132649500000127, 42.078254500000071 ], [ 9.132796493976912, 42.077380702471487 ], [ 9.133000500000207, 42.076168 ], [ 9.131083500000045, 42.072975 ], [ 9.1306495, 42.070167500000082 ], [ 9.12809650000014, 42.066379499999982 ], [ 9.129822500000159, 42.063884500000142 ], [ 9.130491500000062, 42.061828500000047 ], [ 9.131593000000123, 42.060669 ], [ 9.132967685868323, 42.060162451540123 ], [ 9.133290500000044, 42.060043499999949 ], [ 9.133569000000193, 42.059395000000109 ], [ 9.131967500000201, 42.057625 ], [ 9.131106500550459, 42.055584000358067 ], [ 9.131010000000174, 42.054161000000136 ], [ 9.131730000000232, 42.052845000000161 ], [ 9.133043500000042, 42.051811 ], [ 9.133182599004726, 42.051805121542316 ], [ 9.13682950000009, 42.051651000000106 ], [ 9.138174000000163, 42.049782 ], [ 9.14209650000015, 42.047905000000128 ], [ 9.141396500000155, 42.045925000000125 ], [ 9.145429500000091, 42.042026500000134 ], [ 9.145998333199827, 42.041777640955672 ], [ 9.148673, 42.040607500000135 ], [ 9.151480500000162, 42.040489 ], [ 9.152040500000112, 42.040054500000053 ], [ 9.152600500000119, 42.035827500000039 ], [ 9.1559315, 42.03152850000015 ], [ 9.160408, 42.026958500000035 ], [ 9.15961950000019, 42.026588500000173 ], [ 9.161290000000179, 42.024879500000168 ], [ 9.176472500000159, 42.028980499999989 ], [ 9.180223500000011, 42.02942650000017 ], [ 9.182417, 42.030704500000184 ], [ 9.185128453272341, 42.030447335717099 ], [ 9.18616, 42.030349500000113 ], [ 9.188663500000246, 42.031273000000169 ], [ 9.189598000000103, 42.031208000000106 ], [ 9.192921500000125, 42.029827 ], [ 9.1957825, 42.028084 ], [ 9.203366500000129, 42.028354500000091 ], [ 9.208441, 42.029995 ], [ 9.213536500000146, 42.0281485000001 ], [ 9.221089499066295, 42.027599491696947 ], [ 9.218848, 42.007671500000129 ], [ 9.216667, 41.99636449999997 ], [ 9.215250000729327, 41.993786001326953 ], [ 9.216655, 41.991935500000181 ], [ 9.220241500000157, 41.989624 ], [ 9.218995, 41.986236500000075 ], [ 9.219674000000111, 41.984920500000101 ], [ 9.219703500000037, 41.9828415 ], [ 9.220443390559012, 41.981932334888484 ], [ 9.221659500000044, 41.980438000000106 ], [ 9.220591898769726, 41.976274440677912 ], [ 9.220410500000128, 41.975567000000126 ], [ 9.220628500000203, 41.974880000000155 ], [ 9.22104650000017, 41.974243000000172 ], [ 9.222391, 41.973255000000165 ], [ 9.225929500000063, 41.972240500000055 ], [ 9.226264, 41.971679500000164 ], [ 9.223325500092074, 41.966488000162542 ], [ 9.223538500000075, 41.962974500000087 ], [ 9.225180499633268, 41.959666996471924 ], [ 9.224889000000132, 41.956863500000168 ], [ 9.224251781868531, 41.955886925712775 ], [ 9.223253500000169, 41.954357 ], [ 9.222673500000099, 41.949463000000151 ], [ 9.220896000000153, 41.946155500000032 ], [ 9.215679000000137, 41.942108000000189 ], [ 9.22122300000018, 41.935562000000175 ], [ 9.229704, 41.932510500000092 ], [ 9.230645998988734, 41.932624999648624 ], [ 9.224695, 41.926285 ], [ 9.222275500000023, 41.922462500000051 ], [ 9.220506500000056, 41.922001 ], [ 9.213278013854563, 41.917461508700569 ], [ 9.213277999015247, 41.917461500100728 ], [ 9.213563, 41.916118500000096 ], [ 9.215175274040007, 41.915690415127813 ], [ 9.215214500000229, 41.91568 ], [ 9.217540417123132, 41.913482578298385 ], [ 9.217540500342636, 41.913482500147381 ], [ 9.219956500000023, 41.914520500000037 ], [ 9.220778645613848, 41.914350957696797 ], [ 9.22178950000017, 41.914142500000025 ], [ 9.224393, 41.915043 ], [ 9.226308, 41.915130500000032 ], [ 9.227990000000204, 41.915779 ], [ 9.228394500000263, 41.916393500000083 ], [ 9.233927, 41.9159815000001 ], [ 9.236375, 41.914871 ], [ 9.236393902939938, 41.914844207723775 ], [ 9.238057000000197, 41.912487000000169 ], [ 9.240494, 41.91134250000016 ], [ 9.24298750000014, 41.910877 ], [ 9.243389, 41.90958 ], [ 9.244280000000117, 41.909321 ], [ 9.245919000000185, 41.909851 ], [ 9.247497500000065, 41.909401000000116 ], [ 9.247880137491336, 41.90954882069019 ], [ 9.248287, 41.909706 ], [ 9.248697500000219, 41.909172000000126 ], [ 9.251972999886334, 41.898723499863081 ], [ 9.251972984954591, 41.898723481874583 ], [ 9.240874500000075, 41.885353 ], [ 9.239173397643128, 41.884154393516667 ], [ 9.238801000000137, 41.883892000000117 ], [ 9.23520950000011, 41.879642500000045 ], [ 9.236110499910353, 41.875431000419553 ], [ 9.236491000000115, 41.874042499999973 ], [ 9.233089500000233, 41.86824050000007 ], [ 9.230239, 41.859314 ], [ 9.227500000000134, 41.855587000000128 ], [ 9.225615500000174, 41.855434500000115 ], [ 9.223560916764541, 41.854698444654389 ], [ 9.2221975, 41.85421 ], [ 9.221702512869797, 41.854279236778666 ], [ 9.220424500000036, 41.854458000000136 ], [ 9.21867477925872, 41.853596258348034 ], [ 9.215723, 41.85214250000007 ], [ 9.212690198730172, 41.852246291692609 ], [ 9.211939000000143, 41.852272 ], [ 9.208406500000251, 41.85128 ], [ 9.204339000000118, 41.84737 ], [ 9.204331535820245, 41.847358337076457 ], [ 9.202703499999984, 41.844814499999984 ], [ 9.198049756446608, 41.841312879944041 ], [ 9.198024, 41.8412935 ], [ 9.193388032286862, 41.83682653110975 ], [ 9.193388000000141, 41.836826500000029 ], [ 9.187993, 41.8379745000002 ], [ 9.186915110553286, 41.838567453733731 ], [ 9.184934500000054, 41.839657000000102 ], [ 9.176227501567382, 41.841441999678693 ], [ 9.170602, 41.84081650000013 ], [ 9.163490500000194, 41.83889 ], [ 9.158972500000118, 41.839832500000057 ], [ 9.156605500000012, 41.841923 ], [ 9.15197953397535, 41.844188483361279 ], [ 9.151979498147341, 41.844188500945961 ], [ 9.147398, 41.846527 ], [ 9.147304484142069, 41.847836222013598 ], [ 9.147298000000148, 41.847927000000141 ], [ 9.146650499793282, 41.848346500060757 ], [ 9.14332950000005, 41.849319500000036 ], [ 9.142634500000099, 41.848869500000148 ], [ 9.140793000000144, 41.84877 ], [ 9.140416, 41.849407 ], [ 9.140936, 41.850754000000109 ], [ 9.144421499999964, 41.852913 ], [ 9.144734500000141, 41.853534500000137 ], [ 9.144290000000126, 41.855655500000125 ], [ 9.144453303644127, 41.856390841425196 ], [ 9.1450635, 41.859138500000142 ], [ 9.144066000000237, 41.860325000000103 ], [ 9.143221000000153, 41.860603500000025 ], [ 9.142303500000082, 41.860473500000126 ], [ 9.142087662049505, 41.860116303391635 ], [ 9.141948500000183, 41.859886 ], [ 9.141224234521815, 41.860025219663214 ], [ 9.14038, 41.860187500000109 ], [ 9.139791929037472, 41.859874124499413 ], [ 9.137316500000111, 41.858555 ], [ 9.133687, 41.85828800000013 ], [ 9.1299325, 41.85614 ], [ 9.124214000000109, 41.8563995 ], [ 9.11979849944646, 41.857764999943356 ], [ 9.118906, 41.857673500000089 ], [ 9.118418499987229, 41.85630400006761 ], [ 9.117847500000039, 41.854976500000078 ], [ 9.116142999651515, 41.854549500116775 ], [ 9.107077445321011, 41.857583516286979 ], [ 9.098009000000104, 41.860618500000044 ], [ 9.095458000000235, 41.863167 ], [ 9.0946245, 41.862831000000142 ], [ 9.093298946492553, 41.863154750744741 ], [ 9.093062500000087, 41.863212500000088 ], [ 9.092935598295469, 41.863152689311448 ], [ 9.09079650000001, 41.86214450000017 ], [ 9.090042, 41.862510500000099 ], [ 9.088218500000039, 41.8623465 ], [ 9.086644999936993, 41.863116999905685 ], [ 9.084355500000015, 41.861976500000139 ], [ 9.080620000000181, 41.862106500000039 ], [ 9.078778500000055, 41.863701 ], [ 9.072765500000287, 41.867138000000182 ], [ 9.068412000000137, 41.868503499999974 ], [ 9.064691500000151, 41.868889 ], [ 9.062434, 41.867634 ], [ 9.060099808121493, 41.865388666770968 ], [ 9.056077, 41.861519000000101 ], [ 9.052961499999981, 41.859947 ], [ 9.048473500000114, 41.859432 ], [ 9.047070500000189, 41.8602640000002 ], [ 9.044411500000081, 41.860496500000067 ], [ 9.043146000000206, 41.859516 ], [ 9.043408217570175, 41.857838393980501 ], [ 9.043459, 41.857513499999982 ], [ 9.042637107760584, 41.857327671874486 ], [ 9.04107950000008, 41.85697550000009 ], [ 9.040063627565758, 41.855623202279162 ], [ 9.039308500000118, 41.854618 ], [ 9.036294001173758, 41.853126500580629 ], [ 9.0346955, 41.851524500000096 ], [ 9.034671708797589, 41.848387203496259 ], [ 9.034669000000122, 41.848030000000108 ], [ 9.034391695420254, 41.847569184142117 ], [ 9.032389499999965, 41.844242 ], [ 9.032307500047523, 41.841480501599449 ], [ 9.031730499999981, 41.840935 ], [ 9.029921500000057, 41.840633500000081 ], [ 9.028462870692408, 41.841092847351206 ], [ 9.028202, 41.841175000000135 ], [ 9.026401500000134, 41.840885000000128 ], [ 9.024523000000158, 41.838482 ], [ 9.022042500000055, 41.83756650000015 ], [ 9.016846500000042, 41.834759 ], [ 9.015831, 41.833633500000019 ], [ 9.015271, 41.831619499999988 ], [ 9.012490500000013, 41.829860500000109 ], [ 9.011581500000148, 41.829921500000012 ], [ 9.009634000000119, 41.83137900000014 ], [ 9.007808500000067, 41.831405500000017 ], [ 9.006011, 41.831291 ], [ 9.005746, 41.830639 ], [ 9.006361532857852, 41.829147274962168 ], [ 9.00653, 41.828739 ], [ 9.004631, 41.826446500000088 ], [ 9.001056500000232, 41.827434500000095 ], [ 8.9962005000001, 41.8222540000001 ], [ 8.992395500000043, 41.820163500000149 ], [ 8.991489500656201, 41.819931000168481 ], [ 8.989657499999964, 41.819847 ], [ 8.986701827485433, 41.821074823019501 ], [ 8.983844000000204, 41.822262 ], [ 8.982937000000106, 41.822387499999934 ], [ 8.982021500000201, 41.822193000000198 ], [ 8.981305, 41.821781 ], [ 8.980768226524106, 41.820452763562059 ], [ 8.979953000000137, 41.818435500000021 ], [ 8.978376221497854, 41.817131338202046 ], [ 8.978053000000102, 41.816864 ], [ 8.973670024152625, 41.810596534537297 ], [ 8.973669996853403, 41.810596500990982 ], [ 8.971236, 41.811363000000142 ], [ 8.967458500762007, 41.811565499959329 ], [ 8.966808500000184, 41.812038500000085 ], [ 8.966718482808972, 41.812668465136142 ], [ 8.9665185, 41.814068000000134 ], [ 8.96512700071321, 41.815040499501833 ], [ 8.961602000000198, 41.814193500000215 ], [ 8.961244500000078, 41.81357550000007 ], [ 8.961876791204702, 41.812531727261558 ], [ 8.962818, 41.810978 ], [ 8.962477500000148, 41.808899000000167 ], [ 8.95755, 41.810856000000115 ], [ 8.953805000000216, 41.810898 ], [ 8.952168217818098, 41.807486577814757 ], [ 8.95160850000002, 41.806320000000142 ], [ 8.948536388893388, 41.805212765063345 ], [ 8.948476, 41.80519100000015 ], [ 8.948477205485347, 41.80517571155923 ], [ 8.948751500000071, 41.801697 ], [ 8.947284500000023, 41.799251500000082 ], [ 8.945790500000044, 41.801002499999981 ], [ 8.944086, 41.801487000000122 ], [ 8.941851055259121, 41.801027216354441 ], [ 8.941378500000042, 41.80093 ], [ 8.93722350000013, 41.798130000000185 ], [ 8.937369500000159, 41.79747 ], [ 8.938772, 41.796516500000052 ], [ 8.939168000000109, 41.795910000000163 ], [ 8.938787500000046, 41.795353 ], [ 8.93792650000006, 41.7950515 ], [ 8.93349650000016, 41.793792500000109 ], [ 8.931783500000165, 41.794258 ], [ 8.930788, 41.7954595 ], [ 8.92897049951182, 41.795352999810348 ], [ 8.928282500000023, 41.79488350000014 ], [ 8.92827749662132, 41.794520096709562 ], [ 8.928273, 41.794193500000063 ], [ 8.9295275, 41.791610500000047 ], [ 8.925215948839821, 41.790840494301392 ], [ 8.92414650000012, 41.790649500000086 ], [ 8.921705, 41.789665 ], [ 8.9211075, 41.789135 ], [ 8.921241, 41.788456 ], [ 8.922462734158159, 41.787531470207682 ], [ 8.92252150000013, 41.787487000000112 ], [ 8.921777, 41.784054 ], [ 8.919081500000061, 41.780433500000186 ], [ 8.918311000000131, 41.780052 ], [ 8.916500000000212, 41.780365 ], [ 8.913019000000133, 41.779373 ], [ 8.912968255725559, 41.779104205590215 ], [ 8.912495500000148, 41.7766 ], [ 8.9111185000001, 41.775749 ], [ 8.90831100000014, 41.775501500000132 ], [ 8.904649500000232, 41.776134500000126 ], [ 8.903764000000137, 41.775944 ], [ 8.902772000000141, 41.774875500000064 ], [ 8.896178, 41.774486500000023 ], [ 8.892586500000107, 41.773586499999965 ], [ 8.890191000000129, 41.77244550000006 ], [ 8.887578, 41.7726935 ], [ 8.885056500000019, 41.77170550000011 ], [ 8.880649500000231, 41.772575500000187 ], [ 8.878969, 41.771911500000101 ], [ 8.875705500000095, 41.768409500000075 ], [ 8.873927, 41.766826500000036 ], [ 8.873752354887984, 41.766365228025791 ], [ 8.873174500000118, 41.764839 ], [ 8.873141500000031, 41.762790500000051 ], [ 8.871567000000141, 41.761101 ], [ 8.868139500000041, 41.760490500000174 ], [ 8.866327500000068, 41.760113 ], [ 8.864974617623261, 41.758726243927185 ], [ 8.863052500000151, 41.756756000000109 ], [ 8.86043350000017, 41.756065499999977 ], [ 8.857334000000208, 41.754467 ], [ 8.855574499999932, 41.75280400000014 ], [ 8.854560891674851, 41.75235189587778 ], [ 8.853128500000082, 41.751713000000109 ], [ 8.85283300009678, 41.751033999573735 ], [ 8.853787500000067, 41.746818500000131 ], [ 8.856713500000069, 41.743194500000129 ], [ 8.855982, 41.741878500000155 ], [ 8.854585500000042, 41.740913500000033 ], [ 8.850938, 41.740162 ], [ 8.84863450000006, 41.738895500000069 ], [ 8.845028, 41.738476000000162 ], [ 8.844938500000126, 41.737781500000096 ], [ 8.842797500000074, 41.736572500000023 ], [ 8.843119500000057, 41.734604 ], [ 8.842495, 41.731426 ], [ 8.839891500000135, 41.730613500000118 ], [ 8.837908500000026, 41.731540500000051 ], [ 8.836572500000159, 41.730591 ], [ 8.836439, 41.729244000000108 ], [ 8.833803000000159, 41.727287500000102 ], [ 8.831949, 41.72703150000001 ], [ 8.830262101104438, 41.72735998626456 ], [ 8.830185000000142, 41.727375 ], [ 8.828258500000061, 41.725887500000226 ], [ 8.824185500000226, 41.720459000000119 ], [ 8.825139, 41.719234500000084 ], [ 8.825429844406187, 41.719194871769048 ], [ 8.828610500000025, 41.718761500000028 ], [ 8.829097000000161, 41.7181625 ], [ 8.828462500000228, 41.716114000000175 ], [ 8.827967500000113, 41.715515 ], [ 8.828060981449198, 41.715224512191412 ], [ 8.828391, 41.714199 ], [ 8.826984021933129, 41.712838713683141 ], [ 8.826809, 41.712669500000118 ], [ 8.826855356908197, 41.712553680847805 ], [ 8.827601500000071, 41.710689500000058 ], [ 8.825424999844813, 41.70938500052057 ], [ 8.821169, 41.711303500000042 ], [ 8.816223, 41.713066 ], [ 8.812712500000032, 41.71413050000001 ], [ 8.810429500000168, 41.714119000000153 ], [ 8.809130500000151, 41.71379450000012 ], [ 8.809064931625755, 41.713732159887854 ], [ 8.807333, 41.712085500000114 ], [ 8.807022000000131, 41.710884000000135 ], [ 8.807128000000205, 41.710113499999977 ], [ 8.806681500000195, 41.709865500000092 ], [ 8.806219000000112, 41.710033500000122 ], [ 8.805954, 41.709812000000113 ], [ 8.805691000000138, 41.710148 ], [ 8.804927000000134, 41.7104185 ], [ 8.804400500000099, 41.710541 ], [ 8.802155499999969, 41.710987000000159 ], [ 8.801075, 41.710994500000083 ], [ 8.800388500000167, 41.710766000000149 ], [ 8.798276469422149, 41.710673749617342 ], [ 8.7972405000001, 41.710628499999984 ], [ 8.795600000000263, 41.709915 ], [ 8.795205, 41.709614 ], [ 8.794000500000095, 41.708374000000163 ], [ 8.793767000000116, 41.707893500000011 ], [ 8.793950000000166, 41.707248500000105 ], [ 8.794207180242438, 41.707203031205665 ], [ 8.795480000000111, 41.706978000000106 ], [ 8.79540250000008, 41.706802500000151 ], [ 8.795013500000039, 41.706558000000143 ], [ 8.794809500000042, 41.7056655 ], [ 8.792946, 41.7039185000001 ], [ 8.792667500000107, 41.701812500000074 ], [ 8.792364, 41.701786 ], [ 8.792294500000139, 41.701698500000077 ], [ 8.792252500000018, 41.70121 ], [ 8.791729, 41.700824500000067 ], [ 8.79057100000017, 41.700123 ], [ 8.78916049999998, 41.70039 ], [ 8.78829850000011, 41.700302 ], [ 8.787785500000098, 41.700557500000173 ], [ 8.787541500000145, 41.700527000000136 ], [ 8.786354000000131, 41.700096 ], [ 8.785942000000148, 41.700168500000132 ], [ 8.785458800649565, 41.699854962293045 ], [ 8.785295500000132, 41.699749 ], [ 8.78306850000007, 41.699154 ], [ 8.782835, 41.699215 ], [ 8.782618500000126, 41.699543 ], [ 8.781912000000148, 41.699669000000199 ], [ 8.781687, 41.699814000000117 ], [ 8.781707379319016, 41.699996326973348 ], [ 8.781762, 41.700485 ], [ 8.782548, 41.7005385 ], [ 8.782270500000152, 41.700866499999961 ], [ 8.782564, 41.7013475 ], [ 8.782222, 41.701500000000181 ], [ 8.782778500000063, 41.701652500000023 ], [ 8.78271500000011, 41.70229350000011 ], [ 8.78319, 41.702129500000012 ], [ 8.784093, 41.702801000000193 ], [ 8.784919500000115, 41.702568 ], [ 8.785178000000201, 41.702736000000129 ], [ 8.785081000000162, 41.7030565 ], [ 8.785606500000085, 41.702797 ], [ 8.786034499999971, 41.702873 ], [ 8.786284500000079, 41.703621 ], [ 8.786912000000143, 41.703861000000131 ], [ 8.787278, 41.704471500000011 ], [ 8.787843500000122, 41.704704500000105 ], [ 8.78722, 41.705147000000125 ], [ 8.787747500000137, 41.705574000000126 ], [ 8.786807000000124, 41.705757 ], [ 8.786603000000127, 41.706081499999982 ], [ 8.787083500000108, 41.706741500000078 ], [ 8.787098, 41.706875 ], [ 8.786813500000164, 41.707027500000095 ], [ 8.786811000000114, 41.707657000000154 ], [ 8.787434500000018, 41.707752 ], [ 8.787960000000169, 41.708267 ], [ 8.787979000000121, 41.708446500000093 ], [ 8.787869500000113, 41.708545500000128 ], [ 8.787117, 41.708805 ], [ 8.787080000000174, 41.709121500000151 ], [ 8.786547500000154, 41.709202 ], [ 8.786757500000135, 41.709461 ], [ 8.786472500000173, 41.709610000000112 ], [ 8.785674, 41.709434500000157 ], [ 8.785594000000117, 41.709800500000028 ], [ 8.78529850000001, 41.709953500000097 ], [ 8.784995000000151, 41.709926500000165 ], [ 8.784906500000091, 41.709564 ], [ 8.7839975, 41.708946000000196 ], [ 8.782967500000041, 41.708862500000066 ], [ 8.782445000000166, 41.709121500000151 ], [ 8.78142, 41.70908750000001 ], [ 8.780547000000183, 41.709453500000109 ], [ 8.7796305, 41.70932 ], [ 8.779060500000071, 41.7095835 ], [ 8.777951000000144, 41.709327500000143 ], [ 8.777656500000091, 41.709388500000045 ], [ 8.777543000000151, 41.70943850000009 ], [ 8.777574500000071, 41.70984250000015 ], [ 8.778665500000102, 41.709835 ], [ 8.778616000000113, 41.709926500000165 ], [ 8.777817500000083, 41.710426500000153 ], [ 8.77757, 41.71035 ], [ 8.777374500000064, 41.710766000000149 ], [ 8.777261500000122, 41.710819000000129 ], [ 8.776019, 41.711109000000135 ], [ 8.776005, 41.711513500000024 ], [ 8.775465000000167, 41.71163950000016 ], [ 8.775220000000104, 41.711609000000124 ], [ 8.77520950000013, 41.711387500000058 ], [ 8.774766252894608, 41.711099886448949 ], [ 8.774563000000114, 41.710968 ], [ 8.774264500000129, 41.710983500000225 ], [ 8.774340583537651, 41.711780819878811 ], [ 8.77435, 41.711879500000123 ], [ 8.774290349375008, 41.711861178307686 ], [ 8.77385350000003, 41.71172700000011 ], [ 8.773971500000016, 41.712261 ], [ 8.773868500000049, 41.712536 ], [ 8.773750500000062, 41.712547500000142 ], [ 8.773391500000173, 41.711891000000151 ], [ 8.772064000000114, 41.711963500000138 ], [ 8.77153600000014, 41.71141450000016 ], [ 8.7710115000001, 41.711662500000102 ], [ 8.771035, 41.711887500000046 ], [ 8.771623500000089, 41.712311000000113 ], [ 8.771696, 41.712440499999957 ], [ 8.771552, 41.712764500000162 ], [ 8.771865000000162, 41.712875500000109 ], [ 8.771807500000023, 41.713016500000037 ], [ 8.770700500000089, 41.713985500000092 ], [ 8.770835, 41.714111500000058 ], [ 8.771719000000189, 41.713840500000174 ], [ 8.772168000000192, 41.71476 ], [ 8.773290499999973, 41.71514900000011 ], [ 8.772648000000117, 41.715862500000128 ], [ 8.772939500000064, 41.716430500000058 ], [ 8.772233, 41.716564000000119 ], [ 8.773174536673025, 41.717679912401707 ], [ 8.773253500000123, 41.717773499999964 ], [ 8.773160867054912, 41.717978250751457 ], [ 8.773108500000205, 41.718094 ], [ 8.773154367273946, 41.718120107966115 ], [ 8.773751500000117, 41.718460000000107 ], [ 8.773293500000079, 41.719341500000041 ], [ 8.773741500000028, 41.719597 ], [ 8.774403500000062, 41.719600500000013 ], [ 8.774183500000163, 41.719791500000156 ], [ 8.774367500000096, 41.7203675 ], [ 8.773027906388052, 41.720880106943071 ], [ 8.772972, 41.720901499999968 ], [ 8.773010500000282, 41.721260000000143 ], [ 8.773888500000112, 41.721706499999982 ], [ 8.774620506259453, 41.721336711153299 ], [ 8.775097, 41.721096000000102 ], [ 8.775335500000097, 41.721081 ], [ 8.775583499999982, 41.721157 ], [ 8.775899008598287, 41.721397627307056 ], [ 8.776304, 41.721706499999982 ], [ 8.776797380554854, 41.721440431580959 ], [ 8.776870500000086, 41.721401000000128 ], [ 8.777125500000068, 41.721428 ], [ 8.777127503952443, 41.721456160803314 ], [ 8.77714450000019, 41.721695 ], [ 8.778215500000158, 41.721508000000256 ], [ 8.778942, 41.722103000000118 ], [ 8.77917407376134, 41.722536159115805 ], [ 8.779455, 41.723060500000088 ], [ 8.779388500000039, 41.723648 ], [ 8.780758171255911, 41.724235250354525 ], [ 8.780964, 41.724323500000139 ], [ 8.781253000000163, 41.724766000000159 ], [ 8.780742500000201, 41.725700500000016 ], [ 8.7800845000001, 41.725731 ], [ 8.780245, 41.726085500000124 ], [ 8.780672, 41.726154500000121 ], [ 8.780779000000166, 41.726593 ], [ 8.779908, 41.726967 ], [ 8.7800815, 41.727447500000153 ], [ 8.780871499999989, 41.728084500000136 ], [ 8.781708000000151, 41.728031 ], [ 8.781665000000146, 41.729397 ], [ 8.782603500000164, 41.729740000000163 ], [ 8.783348000000103, 41.730602500000089 ], [ 8.783386, 41.730961 ], [ 8.7830485, 41.731167 ], [ 8.78268050000014, 41.731094500000097 ], [ 8.783090500000128, 41.73165500000016 ], [ 8.784098500000027, 41.731422500000065 ], [ 8.784545999169325, 41.731663000098308 ], [ 8.784271000000103, 41.731907 ], [ 8.784280000000138, 41.73209 ], [ 8.78447065672998, 41.732183977254294 ], [ 8.784597500000132, 41.732246500000031 ], [ 8.784363500000097, 41.734611500000142 ], [ 8.784012000000132, 41.735355500000082 ], [ 8.781470500000182, 41.738254500000153 ], [ 8.780023499483832, 41.739414000004786 ], [ 8.77912450000008, 41.739422000000104 ], [ 8.778963976636419, 41.739708801743177 ], [ 8.778862, 41.739891000000171 ], [ 8.777412499999969, 41.740467 ], [ 8.776847986467374, 41.740297555328084 ], [ 8.77678950000012, 41.74028 ], [ 8.776750824042779, 41.740324589823047 ], [ 8.776256500000102, 41.740894500000081 ], [ 8.774979500000143, 41.741417000000126 ], [ 8.772454500000094, 41.741520000000151 ], [ 8.770709, 41.740944 ], [ 8.770540201222445, 41.740961072964978 ], [ 8.769878500000118, 41.741028 ], [ 8.769534918660725, 41.740667555773086 ], [ 8.769471, 41.740600500000085 ], [ 8.769327559835176, 41.740607012217879 ], [ 8.769052500000157, 41.740619500000037 ], [ 8.768820945648145, 41.74045909363349 ], [ 8.768336500000089, 41.740123500000209 ], [ 8.767983482809314, 41.740214575574328 ], [ 8.767226, 41.740410000000111 ], [ 8.766615000000115, 41.740310500000078 ], [ 8.766093500000125, 41.739937 ], [ 8.765465500000232, 41.739696500000093 ], [ 8.764228000000116, 41.739357 ], [ 8.763503, 41.73944849999998 ], [ 8.76248650000008, 41.738827 ], [ 8.760161499999924, 41.738552 ], [ 8.759819, 41.738163 ], [ 8.758371499999953, 41.737568 ], [ 8.757292000000177, 41.737591000000123 ], [ 8.756502, 41.736953500000141 ], [ 8.756312500000149, 41.736873500000058 ], [ 8.755367500000091, 41.737022500000137 ], [ 8.754701500000067, 41.7364235 ], [ 8.753966195248211, 41.736121880604742 ], [ 8.753632500000094, 41.735985 ], [ 8.753374, 41.735821000000215 ], [ 8.753037500000232, 41.735389500000053 ], [ 8.752277500000048, 41.735023500000125 ], [ 8.751416, 41.73485200000016 ], [ 8.750952, 41.735096000000112 ], [ 8.75050850000008, 41.734897499999988 ], [ 8.749935, 41.7344855 ], [ 8.749378000000149, 41.7337875 ], [ 8.748916500000178, 41.733955500000036 ], [ 8.746996, 41.733429 ], [ 8.74652, 41.7335855 ], [ 8.746213000000125, 41.733516499999951 ], [ 8.746180500000094, 41.733112500000118 ], [ 8.74458200000015, 41.732883500000014 ], [ 8.743744000000106, 41.73225 ], [ 8.742698500000131, 41.732136000000139 ], [ 8.74224, 41.732345500000065 ], [ 8.741315, 41.732120500000121 ], [ 8.740420500000084, 41.731624500000123 ], [ 8.738971500000105, 41.730358000000138 ], [ 8.737604, 41.72993850000006 ], [ 8.736844000000133, 41.729030500000079 ], [ 8.736594, 41.729492 ], [ 8.73629550000004, 41.729515 ], [ 8.735651000000189, 41.729103 ], [ 8.735471500000074, 41.729114500000094 ], [ 8.735626, 41.729419500000063 ], [ 8.735354500000142, 41.729793500000142 ], [ 8.734186, 41.729004 ], [ 8.733669500000019, 41.729217500000061 ], [ 8.732882500000073, 41.729164 ], [ 8.732292, 41.728706500000044 ], [ 8.731923000000108, 41.728626500000018 ], [ 8.731575, 41.728740500000015 ], [ 8.73107350000015, 41.728546000000108 ], [ 8.73092749999995, 41.728870500000141 ], [ 8.730550000000164, 41.72871 ], [ 8.72985057070224, 41.729080725542531 ], [ 8.729801, 41.729107 ], [ 8.729715747837361, 41.729041360661199 ], [ 8.728829500000131, 41.728359 ], [ 8.727186000000188, 41.728267500000186 ], [ 8.72681700370714, 41.728195000728533 ], [ 8.725808, 41.727756500000169 ], [ 8.725484, 41.727546500000017 ], [ 8.724549500000194, 41.726566500000104 ], [ 8.724071837632721, 41.725512076612063 ], [ 8.723853000000133, 41.725029 ], [ 8.723145290157902, 41.724606536051283 ], [ 8.722249, 41.724071500000093 ], [ 8.722274000000198, 41.723755 ], [ 8.721608000000174, 41.723705500000165 ], [ 8.721760500000187, 41.72401050000019 ], [ 8.721537500000011, 41.724159 ], [ 8.721064500000125, 41.724231499999973 ], [ 8.720621, 41.7241285 ], [ 8.720228, 41.723736 ], [ 8.718949119917113, 41.723324197187026 ], [ 8.717242, 41.722774500000071 ], [ 8.7171985, 41.722374 ], [ 8.716835000000117, 41.722347500000069 ], [ 8.715394000000117, 41.722469500000045 ], [ 8.715149411367008, 41.722831871120547 ], [ 8.715136500000085, 41.722851 ], [ 8.714005500000155, 41.72295 ], [ 8.713628616120673, 41.72263482254931 ], [ 8.713608500000134, 41.722618 ], [ 8.712569000000144, 41.722450500000093 ], [ 8.712268000000108, 41.721878000000117 ], [ 8.712078, 41.721798 ], [ 8.712000000000103, 41.722168 ], [ 8.711447150607171, 41.722352171308728 ], [ 8.711176000000137, 41.722442500000113 ], [ 8.709897, 41.722286000000167 ], [ 8.707201000000225, 41.721802 ], [ 8.706604, 41.721931499999926 ], [ 8.70668075656863, 41.722236448469289 ], [ 8.706918, 41.72317900000013 ], [ 8.706167000000107, 41.723575500000095 ], [ 8.705195875369441, 41.723476453291482 ], [ 8.704711, 41.723427 ], [ 8.704126500000029, 41.724231499999973 ], [ 8.703328, 41.72464 ], [ 8.703528438635885, 41.724868907847053 ], [ 8.703588500000137, 41.724937499999953 ], [ 8.702971500000217, 41.725334 ], [ 8.70303250000012, 41.726005500000042 ], [ 8.703647040822091, 41.726860504226408 ], [ 8.704502, 41.72805000000011 ], [ 8.704495850614308, 41.728778540402686 ], [ 8.704492500000129, 41.7291755 ], [ 8.704681196941749, 41.729197363282196 ], [ 8.70505350000019, 41.7292405 ], [ 8.705461500000013, 41.729801 ], [ 8.706089, 41.730041500000198 ], [ 8.706053000000111, 41.730266500000027 ], [ 8.705645500000116, 41.730373500000155 ], [ 8.705696, 41.730964500000027 ], [ 8.705916500000171, 41.731895500000121 ], [ 8.706226500000071, 41.731968000000109 ], [ 8.706306500000096, 41.73283 ], [ 8.706290993844448, 41.732834984718977 ], [ 8.705843000000129, 41.732979 ], [ 8.706659758465094, 41.733668273742524 ], [ 8.706701500000122, 41.733703500000161 ], [ 8.706695395938709, 41.733748802931018 ], [ 8.706628, 41.734249 ], [ 8.707211645949769, 41.73491536133605 ], [ 8.707383, 41.735111 ], [ 8.707348074720471, 41.735223646324869 ], [ 8.707241000000181, 41.735569000000169 ], [ 8.707712000000242, 41.736046000000158 ], [ 8.707228500000042, 41.736561000000165 ], [ 8.70722115483909, 41.736563497354837 ], [ 8.706578500000091, 41.736782 ], [ 8.706623940331042, 41.73719313976062 ], [ 8.706662, 41.737537500000144 ], [ 8.70540700000015, 41.7388305 ], [ 8.704553502474312, 41.739375998418893 ], [ 8.704553296123265, 41.739376051733416 ], [ 8.70408650000013, 41.739494500000035 ], [ 8.704082350168676, 41.73949267104706 ], [ 8.703264000000104, 41.739132 ], [ 8.702974500000096, 41.739330500000165 ], [ 8.702977096628103, 41.73976636255685 ], [ 8.702978, 41.739918000000102 ], [ 8.702799000000141, 41.739925500000027 ], [ 8.702555500000074, 41.739895000000161 ], [ 8.702527785129178, 41.739877624577787 ], [ 8.702232500000036, 41.739692500000103 ], [ 8.702228500000047, 41.739105000000166 ], [ 8.701736499999981, 41.738994500000047 ], [ 8.70189500000015, 41.739341500000023 ], [ 8.701764000000139, 41.739807000000155 ], [ 8.701601, 41.739956 ], [ 8.701014500000156, 41.740204000000119 ], [ 8.700423, 41.740284 ], [ 8.699691, 41.740192500000092 ], [ 8.699121264019141, 41.740721173928364 ], [ 8.699025000000177, 41.740810500000066 ], [ 8.698681000000136, 41.740967 ], [ 8.698576122218867, 41.740856166196579 ], [ 8.698478500000078, 41.740753 ], [ 8.698460986974396, 41.740884676884605 ], [ 8.698412, 41.741253 ], [ 8.698127500000169, 41.741409500000032 ], [ 8.697362201165731, 41.741156766804238 ], [ 8.697319, 41.741142499999967 ], [ 8.696281500000055, 41.741104 ], [ 8.695869500000072, 41.741173 ], [ 8.695598248962597, 41.741593570419241 ], [ 8.695508, 41.7417335 ], [ 8.69491, 41.741764 ], [ 8.692888500000151, 41.740841000000103 ], [ 8.691915500000107, 41.74084849999997 ], [ 8.691174500000045, 41.740669500000081 ], [ 8.691098000000125, 41.740402 ], [ 8.690539500000114, 41.740345000000104 ], [ 8.690341000000217, 41.740078 ], [ 8.689673500000026, 41.740120000000104 ], [ 8.689606500000195, 41.739940500000159 ], [ 8.689356, 41.739959500000168 ], [ 8.688793, 41.740310500000078 ], [ 8.688081, 41.740391000000159 ], [ 8.687194, 41.741749 ], [ 8.686549, 41.742012000000159 ], [ 8.686196499999937, 41.742077 ], [ 8.685882500000105, 41.741955 ], [ 8.6851625, 41.740734 ], [ 8.684714500000098, 41.740486 ], [ 8.684400500000038, 41.740368 ], [ 8.682497, 41.739979000000176 ], [ 8.68201050000016, 41.739921500000037 ], [ 8.681294500000092, 41.740089500000067 ], [ 8.680451499999947, 41.740635000000111 ], [ 8.680319, 41.741180500000098 ], [ 8.67977250000007, 41.74112700000012 ], [ 8.679742, 41.741398 ], [ 8.67914, 41.74139 ], [ 8.678364000000101, 41.742103500000098 ], [ 8.675938500000143, 41.742012000000159 ], [ 8.675582000000134, 41.742035000000101 ], [ 8.675071500000172, 41.742332500000032 ], [ 8.67464450000017, 41.742264 ], [ 8.673711, 41.742634000000123 ], [ 8.671769000000268, 41.743686500000138 ], [ 8.670437, 41.743587499999933 ], [ 8.670384514030332, 41.743574006643485 ], [ 8.669696, 41.743397 ], [ 8.669612000000143, 41.74317950000011 ], [ 8.669367000000136, 41.743149 ], [ 8.667867500000057, 41.743274500000155 ], [ 8.667533000000105, 41.742847500000039 ], [ 8.666971, 41.742645500000151 ], [ 8.666833, 41.7431525 ], [ 8.666181500000164, 41.74323250000009 ], [ 8.665928, 41.743114500000104 ], [ 8.665591000000177, 41.742771 ], [ 8.665470013081745, 41.742568088257372 ], [ 8.665018, 41.741810000000157 ], [ 8.664884500000142, 41.741684000000191 ], [ 8.663235500000155, 41.740326 ], [ 8.663059710946584, 41.740317262555891 ], [ 8.662390500000015, 41.740284 ], [ 8.6621735, 41.739940500000159 ], [ 8.662338500000146, 41.739795500000071 ], [ 8.661708, 41.739422000000104 ], [ 8.661798499059159, 41.739139499843304 ], [ 8.661615500000039, 41.739109 ], [ 8.660974230181637, 41.739440022649433 ], [ 8.660921000000144, 41.739467500000103 ], [ 8.660911653098026, 41.739462837864892 ], [ 8.660095000000183, 41.73905550000012 ], [ 8.659652000000108, 41.739399000000162 ], [ 8.65994651803959, 41.739814720104334 ], [ 8.6601465, 41.740097 ], [ 8.659314798656794, 41.740045041062217 ], [ 8.658986, 41.7400245 ], [ 8.658711500000095, 41.740265 ], [ 8.658981500000039, 41.741104 ], [ 8.658914629862693, 41.741216572749352 ], [ 8.658564500000182, 41.741806 ], [ 8.659125245411531, 41.742203212597929 ], [ 8.659216, 41.742267500000139 ], [ 8.659177036738697, 41.742445831850432 ], [ 8.659086, 41.7428625 ], [ 8.659323838329669, 41.743133531785816 ], [ 8.659498, 41.743332000000123 ], [ 8.659384036219876, 41.743415532035101 ], [ 8.658764, 41.74387 ], [ 8.65872300000018, 41.744053000000122 ], [ 8.659321, 41.74515150000002 ], [ 8.658896500000139, 41.745224 ], [ 8.660025763545548, 41.746421738152549 ], [ 8.660389, 41.746807 ], [ 8.660421034282763, 41.748273405146165 ], [ 8.660422500000095, 41.748340500000097 ], [ 8.660125500000049, 41.7484970000001 ], [ 8.660224, 41.74885200000017 ], [ 8.659749000000147, 41.749462 ], [ 8.660499500000071, 41.749733000000219 ], [ 8.660845000471852, 41.750259499867241 ], [ 8.661441, 41.750091500000053 ], [ 8.663069500000063, 41.750721 ], [ 8.66441350000008, 41.7509195 ], [ 8.664881500000092, 41.750797500000033 ], [ 8.665263, 41.751003500000195 ], [ 8.665526500000169, 41.751209500000016 ], [ 8.66591550000004, 41.752144 ], [ 8.667600500000162, 41.752723500000059 ], [ 8.667669535263201, 41.752927890919352 ], [ 8.667689500000051, 41.752987000000189 ], [ 8.667753000000175, 41.753029 ], [ 8.668122500000209, 41.753105000000176 ], [ 8.668236500000205, 41.753052 ], [ 8.668549499999983, 41.752495000000124 ], [ 8.6690265000002, 41.752468 ], [ 8.669469, 41.752662500000156 ], [ 8.669919274783354, 41.752623674699123 ], [ 8.670837500000118, 41.75254450000017 ], [ 8.671773, 41.752857 ], [ 8.672311, 41.752826500000026 ], [ 8.673313000000121, 41.7525405 ], [ 8.674700000000144, 41.75134300000019 ], [ 8.676686500000187, 41.751274000000194 ], [ 8.677004, 41.75143450000013 ], [ 8.676985, 41.751930000000129 ], [ 8.678357, 41.752395500000091 ], [ 8.678458000000205, 41.751533500000164 ], [ 8.677985000000149, 41.751060500000108 ], [ 8.677951, 41.750747500000159 ], [ 8.678054000000202, 41.75047300000017 ], [ 8.678365000000156, 41.750004000000104 ], [ 8.679308000000219, 41.749180000000138 ], [ 8.679982, 41.748741 ], [ 8.6816675, 41.748100500000135 ], [ 8.682277500000055, 41.748073500000032 ], [ 8.682791500000121, 41.7472765 ], [ 8.6834965, 41.747009500000104 ], [ 8.684517000000255, 41.74700150000001 ], [ 8.684706500000118, 41.747082 ], [ 8.684858500000075, 41.747383000000127 ], [ 8.685929500000043, 41.747825499999976 ], [ 8.686177500000156, 41.749790000000132 ], [ 8.687217500000031, 41.749962000000153 ], [ 8.687460000000215, 41.749313500000142 ], [ 8.687817500000108, 41.749294500000019 ], [ 8.690139, 41.750206000000105 ], [ 8.691478000000131, 41.750358500000118 ], [ 8.691849000000104, 41.751014500000053 ], [ 8.693208500000139, 41.750805000000128 ], [ 8.69457250091682, 41.751182500784182 ], [ 8.695082500000126, 41.751465000000167 ], [ 8.69531550000022, 41.751941500000157 ], [ 8.69597350000015, 41.751911000000121 ], [ 8.696266, 41.752392 ], [ 8.696881500000131, 41.752533 ], [ 8.696807, 41.752945 ], [ 8.697170500000027, 41.752979500000095 ], [ 8.697779499999967, 41.753616500000021 ], [ 8.697409500000106, 41.753635499999973 ], [ 8.697468, 41.754173500000093 ], [ 8.698081, 41.75428 ], [ 8.698766, 41.755047000000104 ], [ 8.699314000000129, 41.754562500000134 ], [ 8.699588, 41.754871500000149 ], [ 8.699538000000189, 41.755642 ], [ 8.699667000000204, 41.755726 ], [ 8.70215700000017, 41.756401 ], [ 8.702476499999932, 41.7572325000001 ], [ 8.703212, 41.757377500000018 ], [ 8.703463500000055, 41.758041500000218 ], [ 8.704409500000168, 41.757889 ], [ 8.704911, 41.757412 ], [ 8.706886500000167, 41.757896500000129 ], [ 8.707816402525452, 41.757430190554487 ], [ 8.707913500000018, 41.757381499999951 ], [ 8.707940858238373, 41.75748890140062 ], [ 8.708014500000047, 41.757778 ], [ 8.708683000000121, 41.75783900000016 ], [ 8.712107500000116, 41.76009 ], [ 8.716355500000077, 41.763950500000078 ], [ 8.716635500000166, 41.764427 ], [ 8.716631609324622, 41.764549520909043 ], [ 8.716608000000178, 41.765293000000156 ], [ 8.717147000000182, 41.765262500000119 ], [ 8.71778239299141, 41.765521056626028 ], [ 8.718028, 41.765621000000124 ], [ 8.71799280429525, 41.765698693920399 ], [ 8.717881000000148, 41.765945500000157 ], [ 8.718068, 41.766655 ], [ 8.718276000000174, 41.766914500000041 ], [ 8.719041, 41.767326500000195 ], [ 8.719081, 41.767681 ], [ 8.720134500000086, 41.767986500000063 ], [ 8.720265500000096, 41.76807 ], [ 8.720222500000091, 41.768341000000134 ], [ 8.721059897559201, 41.768288051710783 ], [ 8.721250500000053, 41.768276 ], [ 8.721448, 41.768455500000016 ], [ 8.721598500000084, 41.768718500000091 ], [ 8.721587606308447, 41.768733563680541 ], [ 8.721430000000169, 41.768951500000014 ], [ 8.720963500000153, 41.7690695 ], [ 8.720951000000184, 41.769520000000114 ], [ 8.721015, 41.769562 ], [ 8.72241, 41.769665 ], [ 8.722931, 41.770038500000055 ], [ 8.722543500000143, 41.77100750000011 ], [ 8.722558, 41.771141000000171 ], [ 8.722822, 41.771347 ], [ 8.7230015, 41.771339500000067 ], [ 8.72321600000015, 41.771103 ], [ 8.723619499999984, 41.771488 ], [ 8.724267, 41.771358500000019 ], [ 8.724722, 41.772243500000059 ], [ 8.725718500000085, 41.77254100000016 ], [ 8.726035, 41.772712500000125 ], [ 8.726245000000119, 41.7729685 ], [ 8.726474, 41.774082000000135 ], [ 8.726907500000038, 41.774196500000016 ], [ 8.727460000000121, 41.773758000000157 ], [ 8.72753448319537, 41.773754145276996 ], [ 8.727759500000047, 41.773742500000083 ], [ 8.728017, 41.773903 ], [ 8.728658478887439, 41.774703065557844 ], [ 8.728781500000025, 41.774856500000055 ], [ 8.728637500000218, 41.775181 ], [ 8.728828500000191, 41.7753945 ], [ 8.730087500000081, 41.775909500000182 ], [ 8.730370500000049, 41.776302500000156 ], [ 8.730367944085856, 41.77634613310795 ], [ 8.730349500000102, 41.776661 ], [ 8.73020350000013, 41.776985000000138 ], [ 8.729166, 41.776954500000102 ], [ 8.72876, 41.777073000000144 ], [ 8.728704500000049, 41.777122499999962 ], [ 8.72855949999996, 41.777443 ], [ 8.728637500000218, 41.777618500000017 ], [ 8.72910300000018, 41.778129499999977 ], [ 8.729722, 41.778190500000051 ], [ 8.730107500000145, 41.778530000000103 ], [ 8.730493499999966, 41.778099000000111 ], [ 8.730913, 41.778076000000169 ], [ 8.731346000000144, 41.778183 ], [ 8.731745623161032, 41.778491089364309 ], [ 8.732330500000046, 41.778942 ], [ 8.732750000000124, 41.779602 ], [ 8.732665, 41.779922500000225 ], [ 8.731480500000089, 41.780746500000191 ], [ 8.731255264296919, 41.780751241300322 ], [ 8.729129, 41.780796 ], [ 8.728863500000102, 41.781124 ], [ 8.728611000000171, 41.781009500000096 ], [ 8.728082500000141, 41.781128000000137 ], [ 8.727913000000115, 41.781231000000105 ], [ 8.72794650000003, 41.781543500000055 ], [ 8.728341000000171, 41.781967 ], [ 8.728238, 41.782108500000049 ], [ 8.727470500000095, 41.782245500000045 ], [ 8.727852552662853, 41.782751595735306 ], [ 8.727894, 41.782806500000106 ], [ 8.72791500000011, 41.783115500000065 ], [ 8.727750000000128, 41.783264 ], [ 8.727465500000221, 41.783416500000101 ], [ 8.726958251241115, 41.783277329328655 ], [ 8.72666, 41.78319550000009 ], [ 8.726637802510822, 41.783465711745009 ], [ 8.726634, 41.783512 ], [ 8.726053000000263, 41.783809500000132 ], [ 8.725952, 41.783993 ], [ 8.72598, 41.784225500000048 ], [ 8.72699850000015, 41.785301 ], [ 8.726784500000178, 41.786213000000203 ], [ 8.727197500000102, 41.787357500000212 ], [ 8.72668450000009, 41.787613 ], [ 8.726658, 41.787929500000132 ], [ 8.726063500000066, 41.788105 ], [ 8.72637200000014, 41.788711500000147 ], [ 8.72616, 41.788994000000116 ], [ 8.725169000000108, 41.788833500000123 ], [ 8.724306000000126, 41.789737499999944 ], [ 8.724190500000134, 41.789779500000066 ], [ 8.723332500000197, 41.789741500000105 ], [ 8.722629500000153, 41.789371500000073 ], [ 8.721684500000094, 41.789520499999981 ], [ 8.721375500000136, 41.789448 ], [ 8.720871000000102, 41.789245500000106 ], [ 8.720340500000077, 41.788784000000135 ], [ 8.720220500000096, 41.788791500000059 ], [ 8.720399000000157, 41.789322 ], [ 8.719254500000147, 41.788753500000098 ], [ 8.718961000000149, 41.788814500000171 ], [ 8.719084, 41.789489500000059 ], [ 8.719555000000128, 41.789955000000191 ], [ 8.718268500000079, 41.790294500000073 ], [ 8.718425, 41.79074850000012 ], [ 8.717534000000228, 41.790836500000125 ], [ 8.71742450000005, 41.79093150000017 ], [ 8.717581500000051, 41.791282500000079 ], [ 8.717095500000198, 41.79189700000012 ], [ 8.71781249999998, 41.792400500000042 ], [ 8.717722000000151, 41.792675 ], [ 8.718307500000094, 41.793091 ], [ 8.718446000000199, 41.793361499999946 ], [ 8.71838, 41.793861500000105 ], [ 8.717908, 41.79461300000014 ], [ 8.717523500000084, 41.794948500000032 ], [ 8.717343500000084, 41.794952499999965 ], [ 8.7164085, 41.794647000000111 ], [ 8.716113, 41.79470850000007 ], [ 8.7159575, 41.795036499999981 ], [ 8.71517, 41.794986500000107 ], [ 8.715054500000065, 41.795036499999981 ], [ 8.715159500000027, 41.795437000000106 ], [ 8.715112500000089, 41.795574 ], [ 8.714874500000121, 41.795585500000129 ], [ 8.71457, 41.795562500000017 ], [ 8.714363, 41.795303500000045 ], [ 8.714239, 41.795265 ], [ 8.713826, 41.795337500000016 ], [ 8.713575500000104, 41.795254 ], [ 8.712237500000072, 41.794559500000162 ], [ 8.711450500000126, 41.79451750000004 ], [ 8.711027511603277, 41.794590690116422 ], [ 8.710612500000082, 41.794662500000129 ], [ 8.7104475000001, 41.794803500000114 ], [ 8.710545377685946, 41.794941720713382 ], [ 8.710661000000187, 41.795105000000149 ], [ 8.710549500000184, 41.795742000000132 ], [ 8.710427500000037, 41.795841000000109 ], [ 8.709985, 41.795639000000108 ], [ 8.709449244969278, 41.795739789689776 ], [ 8.709336500000177, 41.795761 ], [ 8.709161, 41.795822000000157 ], [ 8.708832500000028, 41.796108 ], [ 8.708618000000229, 41.796345 ], [ 8.708636500000011, 41.796615500000087 ], [ 8.70931550000023, 41.797348000000113 ], [ 8.709281, 41.797573000000114 ], [ 8.70912450000003, 41.797809500000142 ], [ 8.708688500000051, 41.797657000000129 ], [ 8.708393818756008, 41.797745046683644 ], [ 8.708153000000152, 41.797817 ], [ 8.708201500000087, 41.798271000000113 ], [ 8.708281499689406, 41.798446499318459 ], [ 8.708528500000114, 41.798519 ], [ 8.70886350000012, 41.798279 ], [ 8.709047500000054, 41.798309500000073 ], [ 8.709381000000121, 41.798603 ], [ 8.709404, 41.798828 ], [ 8.709110470338373, 41.799167860718399 ], [ 8.708913000000109, 41.799396500000171 ], [ 8.709283989584605, 41.799318854834837 ], [ 8.710043, 41.799160000000143 ], [ 8.709983, 41.799839 ], [ 8.710096563960235, 41.80002594613677 ], [ 8.710349000000122, 41.80044150000009 ], [ 8.710832500000151, 41.801006500000142 ], [ 8.711985500000139, 41.801758 ], [ 8.712372000000187, 41.802006000000233 ], [ 8.71373850000009, 41.802292 ], [ 8.716560196389878, 41.803496252482034 ], [ 8.717573, 41.803928499999984 ], [ 8.717752500000017, 41.8039205 ], [ 8.719347000000141, 41.802879500000017 ], [ 8.719532828349088, 41.802464250007972 ], [ 8.719639000000143, 41.802227 ], [ 8.720104338278645, 41.801996773958592 ], [ 8.720448500000145, 41.801826500000118 ], [ 8.720713500000215, 41.80149850000015 ], [ 8.720814500000074, 41.800762 ], [ 8.720816500000069, 41.800670500000024 ], [ 8.720090000000141, 41.800087 ], [ 8.719781000000182, 41.798794 ], [ 8.720664, 41.798061500000188 ], [ 8.721250500000053, 41.797806 ], [ 8.721614000000102, 41.797832500000084 ], [ 8.721663762746743, 41.797846387278241 ], [ 8.723226499999953, 41.798282499999971 ], [ 8.724690500000122, 41.7984735 ], [ 8.726081, 41.798530500000084 ], [ 8.728116198664623, 41.798476969943408 ], [ 8.728970500000059, 41.7984545 ], [ 8.730016, 41.797996500000124 ], [ 8.731573, 41.798492500000123 ], [ 8.732344499999954, 41.798401 ], [ 8.733309500000075, 41.798984500000017 ], [ 8.733429000000172, 41.798973000000103 ], [ 8.734212000000127, 41.797756000000106 ], [ 8.735336500000074, 41.796924500000102 ], [ 8.735689, 41.796856000000105 ], [ 8.737883500000123, 41.797012500000051 ], [ 8.7393075, 41.79738250000014 ], [ 8.739947500000028, 41.797748500000068 ], [ 8.740597499999978, 41.79830550000014 ], [ 8.740941, 41.798687 ], [ 8.741054499999962, 41.799850500000048 ], [ 8.74092, 41.800262500000031 ], [ 8.740815, 41.800403499999959 ], [ 8.740293500000064, 41.800571500000046 ], [ 8.739683653134989, 41.801144691907098 ], [ 8.739628, 41.801197000000116 ], [ 8.739395000000172, 41.801933500000075 ], [ 8.739708000000121, 41.802597000000105 ], [ 8.740642500000149, 41.802898500000197 ], [ 8.741006, 41.80347450000005 ], [ 8.740893500000141, 41.804199000000153 ], [ 8.741485500000124, 41.804119 ], [ 8.740932499999985, 41.804558 ], [ 8.740968499999951, 41.8050080000001 ], [ 8.742038500000206, 41.805443 ], [ 8.742471499999965, 41.805549499999984 ], [ 8.742592000000172, 41.805546 ], [ 8.743047, 41.805198500000074 ], [ 8.743671499999948, 41.805397000000141 ], [ 8.744747000000132, 41.805332 ], [ 8.744900500000028, 41.805649 ], [ 8.743915500000071, 41.806103000000121 ], [ 8.743994500000213, 41.80682000000013 ], [ 8.745806500000072, 41.808662500000139 ], [ 8.746314, 41.808899000000167 ], [ 8.746828, 41.809864 ], [ 8.747501500000112, 41.8099595 ], [ 8.747899, 41.810306500000081 ], [ 8.747975500000109, 41.810440000000142 ], [ 8.747885, 41.810714500000131 ], [ 8.749692, 41.811287 ], [ 8.751283500000056, 41.810882500000162 ], [ 8.753463499999953, 41.811565500000029 ], [ 8.753873000000112, 41.812004 ], [ 8.7550315000002, 41.812156500000071 ], [ 8.755172500000128, 41.812336 ], [ 8.755531500000188, 41.812313 ], [ 8.75581950000003, 41.812206500000116 ], [ 8.756488000000104, 41.811039000000164 ], [ 8.75717950000012, 41.8107720000001 ], [ 8.756984000000102, 41.80997450000018 ], [ 8.757368, 41.809639000000118 ], [ 8.757333, 41.809322500000064 ], [ 8.757546500000103, 41.808952500000146 ], [ 8.759095000000173, 41.808819000000142 ], [ 8.761454499999957, 41.809494 ], [ 8.761813, 41.809471 ], [ 8.761901, 41.809059000000104 ], [ 8.762418499999967, 41.808849500000179 ], [ 8.76350900000017, 41.809467499999982 ], [ 8.764407441933599, 41.809385268504229 ], [ 8.76476, 41.809353000000101 ], [ 8.764991958093731, 41.809542721821799 ], [ 8.765949, 41.81032550000009 ], [ 8.766098000000113, 41.810589 ], [ 8.7657575, 41.810875 ], [ 8.765957000000185, 41.811046500000032 ], [ 8.767179500000111, 41.811115500000085 ], [ 8.767661961750264, 41.810261950754409 ], [ 8.767682, 41.810226500000056 ], [ 8.768633, 41.80999 ], [ 8.771296500000233, 41.811241000000166 ], [ 8.773222, 41.813659500000085 ], [ 8.773761500000035, 41.814850000000149 ], [ 8.772542, 41.816459500000121 ], [ 8.773068500000079, 41.816875500000037 ], [ 8.772817500000087, 41.8174285 ], [ 8.773380500000144, 41.817627 ], [ 8.77311600000013, 41.817962500000135 ], [ 8.774108000000126, 41.819439 ], [ 8.774112499999944, 41.82002250000005 ], [ 8.773237, 41.820381 ], [ 8.773648500000149, 41.823257500000182 ], [ 8.773892500000045, 41.823829500000102 ], [ 8.774335, 41.824024 ], [ 8.774129, 41.824440000000152 ], [ 8.77420700000016, 41.824615500000107 ], [ 8.774566500000049, 41.825145500000076 ], [ 8.77565200000015, 41.825168500000018 ], [ 8.7761805, 41.825596 ], [ 8.776788000000181, 41.825645500000064 ], [ 8.776851500000134, 41.826229 ], [ 8.777749000000142, 41.826183500000184 ], [ 8.777783499999941, 41.826496 ], [ 8.778704500000117, 41.826671500000032 ], [ 8.778965000000198, 41.826835500000129 ], [ 8.778879, 41.827156 ], [ 8.7796305, 41.827427 ], [ 8.779884500000037, 41.82700350000016 ], [ 8.78074150000009, 41.827141 ], [ 8.780957000000171, 41.827446 ], [ 8.781434, 41.827411500000153 ], [ 8.781629499133317, 41.827544999408133 ], [ 8.782613, 41.828933499999948 ], [ 8.783599, 41.82914750000009 ], [ 8.7837975, 41.82931149999996 ], [ 8.783708500000103, 41.82959000000011 ], [ 8.78299605049574, 41.829769727261805 ], [ 8.782771000000139, 41.829826500000138 ], [ 8.782853, 41.830135499999926 ], [ 8.783121000000165, 41.830387 ], [ 8.783360500000072, 41.830375500000059 ], [ 8.783365772335003, 41.830371629390982 ], [ 8.783817500000055, 41.83004 ], [ 8.784120500000085, 41.8300665000001 ], [ 8.78438750000015, 41.83041 ], [ 8.784527000000139, 41.83111950000017 ], [ 8.78422349925313, 41.831768000789054 ], [ 8.783799000000101, 41.832290500000056 ], [ 8.782536500000106, 41.833496000000196 ], [ 8.78206450000016, 41.833702 ], [ 8.781183, 41.833343500000012 ], [ 8.780341, 41.833351 ], [ 8.779708, 41.834156 ], [ 8.778897500000085, 41.834015000000136 ], [ 8.777498000000151, 41.834415500000205 ], [ 8.776067500000067, 41.833999500000061 ], [ 8.775604000000101, 41.83361450000001 ], [ 8.77531050000016, 41.833675500000084 ], [ 8.775280000000123, 41.833946 ], [ 8.774707000000149, 41.833668 ], [ 8.774534, 41.833729 ], [ 8.774262500000134, 41.834102500000085 ], [ 8.77351200000021, 41.83440800000011 ], [ 8.773544500000071, 41.83481200000017 ], [ 8.773340000000189, 41.835140000000138 ], [ 8.772996000000148, 41.835296500000084 ], [ 8.772563, 41.835186 ], [ 8.77222450000005, 41.834850499999959 ], [ 8.771401500000024, 41.835026 ], [ 8.772012, 41.835762000000102 ], [ 8.772051, 41.83612050000005 ], [ 8.771734, 41.8371735 ], [ 8.771622500000205, 41.837269 ], [ 8.770812, 41.837547500000028 ], [ 8.770086500000104, 41.837627500000053 ], [ 8.769285, 41.837452 ], [ 8.76828600000016, 41.83823 ], [ 8.767606, 41.838173 ], [ 8.768095, 41.838779499999987 ], [ 8.767930000000206, 41.838928 ], [ 8.767424500000118, 41.838722 ], [ 8.767068000000108, 41.838749000000121 ], [ 8.766719, 41.838855500000079 ], [ 8.766742000000136, 41.839081 ], [ 8.767244500000118, 41.839367 ], [ 8.767864, 41.839428000000169 ], [ 8.767986500000063, 41.839554000000135 ], [ 8.768229500000132, 41.840126 ], [ 8.767894500000125, 41.840374000000111 ], [ 8.767287499999952, 41.840317 ], [ 8.767070000000103, 41.8406485000001 ], [ 8.766137, 41.840919500000155 ], [ 8.765756500000123, 41.841942 ], [ 8.766022500000133, 41.842735500000117 ], [ 8.7658025, 41.843017499999974 ], [ 8.765650896898194, 41.843133145955903 ], [ 8.765412500000082, 41.843315 ], [ 8.765069000000267, 41.843467500000088 ], [ 8.763834, 41.843849 ], [ 8.762553, 41.843696500000021 ], [ 8.761403000000143, 41.843082500000037 ], [ 8.761249500000076, 41.842777500000011 ], [ 8.760636500000146, 41.842678 ], [ 8.760566500000039, 41.842594000000133 ], [ 8.7604295000001, 41.841781500000025 ], [ 8.760634499999981, 41.841453500000057 ], [ 8.759353500000032, 41.841308500000139 ], [ 8.758906500000194, 41.841057000000148 ], [ 8.758233, 41.841503000000102 ], [ 8.756051, 41.84081650000013 ], [ 8.755988000000116, 41.841449500000124 ], [ 8.755131, 41.841861500000107 ], [ 8.755003000000158, 41.842457000000138 ], [ 8.75376150000011, 41.842117500000143 ], [ 8.752744500000176, 41.842174500000056 ], [ 8.752578, 41.842407 ], [ 8.751830000000155, 41.842182 ], [ 8.750883000000158, 41.842319500000144 ], [ 8.750876499999947, 41.842815500000142 ], [ 8.750282500000026, 41.842899500000158 ], [ 8.750891500000137, 41.844173500000068 ], [ 8.750928000000158, 41.845165500000064 ], [ 8.752497500000175, 41.8457525 ], [ 8.753634500000089, 41.8456915000001 ], [ 8.75416, 41.845432500000129 ], [ 8.755180500000108, 41.846058000000198 ], [ 8.756737500000156, 41.845878500000083 ], [ 8.757408, 41.846512000000132 ], [ 8.758435, 41.84655 ], [ 8.7590075, 41.846828500000015 ], [ 8.759693, 41.847698 ], [ 8.759347, 41.848392500000102 ], [ 8.759661499999936, 41.848510500000089 ], [ 8.760311, 41.848388500000112 ], [ 8.76174050000003, 41.847042000000101 ], [ 8.761969500000134, 41.846935500000143 ], [ 8.76353249999994, 41.846802000000139 ], [ 8.764694000000134, 41.846966 ], [ 8.7664860000001, 41.846733 ], [ 8.768608000528104, 41.845657500003654 ], [ 8.771511, 41.845676500000081 ], [ 8.7726775000001, 41.845886 ], [ 8.773749370595397, 41.846285089848834 ], [ 8.774246000000176, 41.84647 ], [ 8.775223500000038, 41.847141500000134 ], [ 8.776175500000136, 41.847038500000167 ], [ 8.777356000000111, 41.847381500000097 ], [ 8.777953000000139, 41.847343499999965 ], [ 8.778593000000114, 41.847671500000104 ], [ 8.77955900000012, 41.847702 ], [ 8.77982250000008, 41.847912000000122 ], [ 8.780304000000115, 41.847248 ], [ 8.782543008857203, 41.847358504063777 ], [ 8.785079000000167, 41.848522 ], [ 8.785262513614043, 41.848843543949499 ], [ 8.785601500000041, 41.849437500000079 ], [ 8.786746108223724, 41.849653690837897 ], [ 8.787076000000184, 41.849716000000171 ], [ 8.788230000000112, 41.850464000000102 ], [ 8.789586, 41.853054000000157 ], [ 8.790616000000171, 41.85551850000013 ], [ 8.790995500000122, 41.859836500000029 ], [ 8.790275500000064, 41.866413 ], [ 8.789749, 41.867214 ], [ 8.78852949989539, 41.868282499869963 ], [ 8.787626500000101, 41.868290000000115 ], [ 8.786566500000106, 41.868618 ], [ 8.786031500000263, 41.869232000000238 ], [ 8.785931500000174, 41.869419 ], [ 8.786662000000206, 41.870689500000026 ], [ 8.786203500000113, 41.870899000000122 ], [ 8.786085, 41.871582 ], [ 8.785381500000142, 41.87175 ], [ 8.785527000000116, 41.871975 ], [ 8.785300500000176, 41.872215499999982 ], [ 8.784068000000161, 41.871967500000096 ], [ 8.783719, 41.872074 ], [ 8.783314500000017, 41.872226500000011 ], [ 8.783360500000072, 41.8726385 ], [ 8.782788499999981, 41.873028 ], [ 8.782034000000124, 41.873298500000089 ], [ 8.780815000000132, 41.873276 ], [ 8.780893500000047, 41.874626000000148 ], [ 8.781378500000017, 41.874553500000161 ], [ 8.781275500000049, 41.87483200000014 ], [ 8.782412500000135, 41.875309000000186 ], [ 8.782701500000087, 41.875740000000121 ], [ 8.783976500000051, 41.876388500000132 ], [ 8.784752, 41.876304500000117 ], [ 8.785204000000192, 41.876598500000114 ], [ 8.785542500000133, 41.876934 ], [ 8.785632, 41.877197500000079 ], [ 8.785605500000031, 41.877613 ], [ 8.78522, 41.877941000000135 ], [ 8.785185, 41.87817 ], [ 8.785257500000171, 41.878940500000056 ], [ 8.783871500000089, 41.880142 ], [ 8.783467500000029, 41.880302500000141 ], [ 8.782785500000102, 41.880119500000092 ], [ 8.782431500000143, 41.880184 ], [ 8.781793500000106, 41.880531500000075 ], [ 8.780852500000037, 41.880184 ], [ 8.78061850000006, 41.880245 ], [ 8.780503500000123, 41.880295 ], [ 8.779765000000111, 41.880691500000012 ], [ 8.780166500000121, 41.881172000000163 ], [ 8.780472000000202, 41.882412 ], [ 8.78048600000011, 41.882549500000096 ], [ 8.780267, 41.88274 ], [ 8.779848, 41.882766500000116 ], [ 8.778565500000013, 41.882614000000103 ], [ 8.778461466276497, 41.882646079563244 ], [ 8.778392, 41.882667500000082 ], [ 8.778411000000176, 41.882847000000197 ], [ 8.779266500000062, 41.883613500000024 ], [ 8.779461, 41.883735500000171 ], [ 8.779894000000127, 41.883846500000118 ], [ 8.781240499999967, 41.884041 ], [ 8.782404000000156, 41.884113500000012 ], [ 8.783157262719044, 41.884029616798614 ], [ 8.7832975, 41.884014 ], [ 8.783727500000055, 41.88408650000008 ], [ 8.786524000000156, 41.884868500000096 ], [ 8.786931, 41.884075000000166 ], [ 8.787327, 41.883838500000138 ], [ 8.787744500000088, 41.883812 ], [ 8.788233, 41.883869 ], [ 8.789291499076853, 41.884177999730525 ], [ 8.790886000000114, 41.884987000000137 ], [ 8.791014362555018, 41.884987000000137 ], [ 8.791609000000108, 41.884987000000137 ], [ 8.79332549999998, 41.885803 ], [ 8.794502869201438, 41.886625090837356 ], [ 8.795347000000106, 41.887214500000084 ], [ 8.798717500000066, 41.888923500000089 ], [ 8.799145499999952, 41.88953000000015 ], [ 8.799459500000012, 41.889644500000031 ], [ 8.800642415811751, 41.889508025017449 ], [ 8.800946, 41.889473 ], [ 8.801511000000119, 41.889663499999983 ], [ 8.802493000000197, 41.890377 ], [ 8.803134000000114, 41.891380500000139 ], [ 8.80324250000001, 41.891823000000159 ], [ 8.803314000000114, 41.893135 ], [ 8.803142500000092, 41.894405500000119 ], [ 8.802622, 41.896465500000033 ], [ 8.801413500000024, 41.899383500000113 ], [ 8.799809500000038, 41.902000500000099 ], [ 8.799517886113563, 41.902039257115973 ], [ 8.799264, 41.902073 ], [ 8.79869, 41.902874 ], [ 8.797663500000112, 41.905369 ], [ 8.79566200000022, 41.908863000000167 ], [ 8.793804, 41.911365500000102 ], [ 8.789974, 41.915878500000133 ], [ 8.788175500000193, 41.917824000000167 ], [ 8.785817000000122, 41.920269000000133 ], [ 8.784430499999985, 41.921467000000121 ], [ 8.782535500000222, 41.922977500000059 ], [ 8.780333500000097, 41.924545500000136 ], [ 8.779137500000274, 41.925297000000114 ], [ 8.777812, 41.925953 ], [ 8.775773, 41.926700500000095 ], [ 8.773766500000136, 41.927215500000045 ], [ 8.772639500000139, 41.927376 ], [ 8.772038526429299, 41.927380955801993 ], [ 8.77082050000007, 41.927391000000171 ], [ 8.770086500000104, 41.927292000000136 ], [ 8.768548, 41.927013500000044 ], [ 8.768175, 41.926903000000152 ], [ 8.766690499999982, 41.9259035 ], [ 8.766581499999972, 41.925461 ], [ 8.766233500000169, 41.925022000000126 ], [ 8.765455, 41.92453 ], [ 8.764511, 41.92295850000005 ], [ 8.763029, 41.922634 ], [ 8.762853500000119, 41.922691499999985 ], [ 8.762235500000145, 41.924305000000118 ], [ 8.761371500000052, 41.924122 ], [ 8.75977400000022, 41.92516350000011 ], [ 8.75968950000015, 41.925483500000098 ], [ 8.758206500000028, 41.925701000000174 ], [ 8.758198500000049, 41.926285 ], [ 8.758573500000011, 41.926399000000174 ], [ 8.758608, 41.926723500000037 ], [ 8.758209, 41.927601000000152 ], [ 8.757994500000223, 41.927841000000114 ], [ 8.755865, 41.929535000000101 ], [ 8.75554649999998, 41.931133500000044 ], [ 8.755207000000155, 41.931331500000056 ], [ 8.755358500000057, 41.9322775 ], [ 8.753688, 41.933090000000107 ], [ 8.752989000000127, 41.933311500000116 ], [ 8.752380500000072, 41.933388 ], [ 8.749611, 41.93341050000015 ], [ 8.745905001631058, 41.933261999991601 ], [ 8.74511050000001, 41.933166500000198 ], [ 8.743594000000144, 41.932525500000111 ], [ 8.743424211863669, 41.932383903101481 ], [ 8.743196500000124, 41.932194 ], [ 8.743078, 41.931560500000046 ], [ 8.742257, 41.931881 ], [ 8.740386, 41.931308500000114 ], [ 8.740192500000035, 41.929420500000049 ], [ 8.740907500000048, 41.929241000000104 ], [ 8.740839000000108, 41.927944 ], [ 8.741062, 41.927791500000126 ], [ 8.740979, 41.927574 ], [ 8.739930000000186, 41.927356499999973 ], [ 8.739662, 41.927105000000154 ], [ 8.739493500000151, 41.926666500000124 ], [ 8.739564, 41.925537 ], [ 8.739611146284687, 41.925360983669123 ], [ 8.740008500000101, 41.92387750000006 ], [ 8.740609, 41.923855 ], [ 8.740747500000168, 41.92226050000005 ], [ 8.74238, 41.922302000000116 ], [ 8.742355500000144, 41.922077 ], [ 8.740579500000081, 41.921818 ], [ 8.740433500000108, 41.920925 ], [ 8.740118000000109, 41.920803 ], [ 8.740106604836569, 41.91986289901314 ], [ 8.740094, 41.918823 ], [ 8.740267000000188, 41.918083 ], [ 8.740647500000023, 41.917709500000115 ], [ 8.741064, 41.917549000000122 ], [ 8.741428500000211, 41.917572 ], [ 8.743122000000142, 41.918289 ], [ 8.743432, 41.918266500000186 ], [ 8.7436485, 41.918030000000158 ], [ 8.743563500000107, 41.917812500000082 ], [ 8.74323, 41.917515 ], [ 8.741639000000191, 41.916748 ], [ 8.741847000000178, 41.916332 ], [ 8.741308000000174, 41.91581350000007 ], [ 8.740471000000184, 41.915867 ], [ 8.739951, 41.915531000000158 ], [ 8.739107000000104, 41.915535 ], [ 8.736668894560466, 41.916391485748591 ], [ 8.73571950000013, 41.916725000000156 ], [ 8.734331, 41.91671 ], [ 8.733091499999944, 41.9165 ], [ 8.731724499999984, 41.916130000000123 ], [ 8.731037, 41.91590100000019 ], [ 8.730836, 41.91572200000013 ], [ 8.730119920306549, 41.913312731257065 ], [ 8.730018500000085, 41.912971500000083 ], [ 8.728734, 41.91214 ], [ 8.7285405, 41.912021500000037 ], [ 8.727492931591087, 41.912077751091829 ], [ 8.72733, 41.912086500000044 ], [ 8.726700000000108, 41.912391500000069 ], [ 8.724507500000072, 41.912292500000035 ], [ 8.723401000000194, 41.912079000000176 ], [ 8.7230780000001, 41.911876500000119 ], [ 8.722221500000103, 41.911106000000132 ], [ 8.7219885, 41.910629500000141 ], [ 8.7222585, 41.910339500000134 ], [ 8.721934500000202, 41.910137 ], [ 8.721892500000081, 41.909641500000077 ], [ 8.721430000000169, 41.909260000000131 ], [ 8.720168, 41.908737 ], [ 8.719860391405803, 41.908489598739152 ], [ 8.719442500000071, 41.908153500000083 ], [ 8.718569000720208, 41.907882500264691 ], [ 8.71746550000006, 41.907715 ], [ 8.716727580296947, 41.907759948119917 ], [ 8.716029, 41.9078025 ], [ 8.71457850000013, 41.908420500000148 ], [ 8.710793500000136, 41.9080925 ], [ 8.710206000000198, 41.908218499999975 ], [ 8.708379500000035, 41.908050500000058 ], [ 8.705677, 41.907024500000091 ], [ 8.702656, 41.90773 ], [ 8.70145800000023, 41.908344500000055 ], [ 8.699630000000127, 41.908268000000135 ], [ 8.699539, 41.908542500000124 ], [ 8.698885, 41.908619 ], [ 8.6983765, 41.908378500000026 ], [ 8.69768050000016, 41.908737 ], [ 8.696367500000065, 41.908848000000148 ], [ 8.695039500000121, 41.908828500000141 ], [ 8.693629500000156, 41.9086 ], [ 8.693169500000124, 41.90826050000004 ], [ 8.692138500000056, 41.908867 ], [ 8.688109499999939, 41.909046 ], [ 8.686543500000084, 41.908500500000173 ], [ 8.685364000000163, 41.907619500000123 ], [ 8.684535, 41.907749 ], [ 8.683306500000128, 41.907543 ], [ 8.68272, 41.907131 ], [ 8.680252000000166, 41.907268500000043 ], [ 8.679333499999984, 41.907135 ], [ 8.678597500000024, 41.907001499999978 ], [ 8.67740450000008, 41.906570500000043 ], [ 8.676893, 41.90628049999998 ], [ 8.676598500000182, 41.905796 ], [ 8.676572000000135, 41.905437500000062 ], [ 8.67718600000012, 41.904995 ], [ 8.677163000000178, 41.904773500000033 ], [ 8.676528, 41.90436150000005 ], [ 8.675843, 41.904167 ], [ 8.675717500000133, 41.904220500000065 ], [ 8.674671, 41.905140000000131 ], [ 8.673731, 41.905464000000109 ], [ 8.6727745, 41.904976 ], [ 8.671248500000047, 41.904789 ], [ 8.669508, 41.905514 ], [ 8.667244000000153, 41.9058685 ], [ 8.666947500000163, 41.9064715 ], [ 8.664310500000113, 41.907387 ], [ 8.660713000000158, 41.906997499999989 ], [ 8.658787500000017, 41.907692000000111 ], [ 8.657255, 41.907547 ], [ 8.65529800000013, 41.908512 ], [ 8.654045000000167, 41.908634 ], [ 8.653934394251451, 41.908751364988859 ], [ 8.653775, 41.908920500000136 ], [ 8.652534053878185, 41.908881485974518 ], [ 8.651707500000043, 41.908855500000072 ], [ 8.650031, 41.908397500000035 ], [ 8.648360500000024, 41.909218 ], [ 8.648020877923443, 41.909300854661296 ], [ 8.646704500000169, 41.909622 ], [ 8.64227, 41.909961500000122 ], [ 8.641481500000168, 41.909908500000142 ], [ 8.641323, 41.909557500000062 ], [ 8.639600000000144, 41.909206499999982 ], [ 8.639131500000076, 41.908783000000142 ], [ 8.638019500000098, 41.908523500000115 ], [ 8.638114, 41.908294500000011 ], [ 8.637856500000112, 41.908130500000141 ], [ 8.6375655, 41.908237500000098 ], [ 8.63680949999997, 41.907974000000138 ], [ 8.636300000000119, 41.907673000000102 ], [ 8.635906, 41.907921 ], [ 8.635571500000026, 41.907619500000123 ], [ 8.632302208018018, 41.907046106382381 ], [ 8.631090000000142, 41.906833500000118 ], [ 8.629699499454318, 41.906234499545008 ], [ 8.629434500000116, 41.906013500000142 ], [ 8.628828000000226, 41.904747000000157 ], [ 8.62799050000001, 41.904251000000102 ], [ 8.626699500000143, 41.903999500000111 ], [ 8.624557500000037, 41.901996500000109 ], [ 8.622207500000059, 41.901993 ], [ 8.619886500000064, 41.901134500000012 ], [ 8.618739000000176, 41.901104000000146 ], [ 8.616630500000156, 41.900547 ], [ 8.614591500000017, 41.898262 ], [ 8.613016, 41.897625 ], [ 8.612663500000167, 41.897144500000081 ], [ 8.611553000000129, 41.896896500000025 ], [ 8.610333500000138, 41.896194500000036 ], [ 8.609995, 41.895847500000059 ], [ 8.60978300000022, 41.895450500000095 ], [ 8.6097910000002, 41.894954500000097 ], [ 8.609228000000144, 41.894764000000123 ], [ 8.609199500000102, 41.894497 ], [ 8.607972000000132, 41.893615499999953 ], [ 8.607610500000078, 41.893722500000138 ], [ 8.607854, 41.894298500000161 ], [ 8.607647, 41.894630500000119 ], [ 8.607104499999934, 41.894737 ], [ 8.606609500000047, 41.895176000000106 ], [ 8.606897500000059, 41.895618500000126 ], [ 8.608237500000087, 41.896312500000022 ], [ 8.609079500000121, 41.896305 ], [ 8.609375, 41.896919500000138 ], [ 8.610399, 41.896820000000105 ], [ 8.610599500000092, 41.896988000000135 ], [ 8.61027050000007, 41.897411499999976 ], [ 8.610647, 41.898113499999965 ], [ 8.610095000000115, 41.898685500000056 ], [ 8.610187500000109, 41.899002000000166 ], [ 8.610619500000155, 41.899654500000111 ], [ 8.611386500000037, 41.900062499999933 ], [ 8.611615, 41.900635 ], [ 8.612820500000225, 41.90120300000018 ], [ 8.613923000000113, 41.901363500000116 ], [ 8.614933, 41.902347500000189 ], [ 8.615758, 41.9027595 ], [ 8.615902, 41.902969500000154 ], [ 8.615745500000116, 41.903297500000122 ], [ 8.615635, 41.903393 ], [ 8.614671, 41.903396499999928 ], [ 8.61368450000009, 41.903862000000117 ], [ 8.612427500000024, 41.90641 ], [ 8.611987, 41.906799500000147 ], [ 8.611697000000163, 41.906906 ], [ 8.610715, 41.906730500000094 ], [ 8.610408, 41.906791500000168 ], [ 8.609244500000102, 41.907181 ], [ 8.609207000000197, 41.907406 ], [ 8.6092680000001, 41.908077000000162 ], [ 8.609407048498497, 41.908244136759322 ], [ 8.610166500000162, 41.909157000000164 ], [ 8.609550995011318, 41.909185608571136 ], [ 8.609435, 41.909191000000135 ], [ 8.609113500000092, 41.909572500000081 ], [ 8.609192000000178, 41.910293500000023 ], [ 8.609725799933301, 41.910328907589417 ], [ 8.610285, 41.910366 ], [ 8.609959500000116, 41.911373 ], [ 8.610085500000025, 41.912681500000076 ], [ 8.610327500000153, 41.91325 ], [ 8.611037137407493, 41.913709552970658 ], [ 8.611105, 41.913753499999984 ], [ 8.611106327172365, 41.913784298606856 ], [ 8.611153500000114, 41.914879 ], [ 8.611458, 41.914901500000099 ], [ 8.611472, 41.915046500000017 ], [ 8.611246000000108, 41.915188000000171 ], [ 8.611687500000073, 41.915485500000102 ], [ 8.612504117508252, 41.915294330154268 ], [ 8.612992500000018, 41.91518 ], [ 8.614276, 41.917148500000053 ], [ 8.61471, 41.91725550000001 ], [ 8.615251500000056, 41.917812500000082 ], [ 8.615770500000224, 41.918823000000202 ], [ 8.615831500000127, 41.919407 ], [ 8.61539149999993, 41.9204675000002 ], [ 8.615526, 41.921276000000148 ], [ 8.614946500000087, 41.921493500000167 ], [ 8.614977000000124, 41.921756500000072 ], [ 8.61456, 41.921821500000135 ], [ 8.614578, 41.922100000000114 ], [ 8.61532, 41.9234045 ], [ 8.615581500000019, 41.92371 ], [ 8.615966, 41.923916 ], [ 8.61672300000015, 41.92423250000013 ], [ 8.619060500000103, 41.924556500000108 ], [ 8.619991500000026, 41.92482 ], [ 8.620432000000108, 41.92498 ], [ 8.621652500000152, 41.925815500000056 ], [ 8.622499008546811, 41.926071150432222 ], [ 8.622525, 41.926079000000186 ], [ 8.622665500000153, 41.926250500000151 ], [ 8.622704500000168, 41.926609 ], [ 8.622699612564134, 41.926652592775724 ], [ 8.62264250000004, 41.927162 ], [ 8.622429000000125, 41.927536 ], [ 8.621743, 41.927883 ], [ 8.621134, 41.92782950000003 ], [ 8.620017, 41.928200000000174 ], [ 8.620675000000119, 41.928707 ], [ 8.620713, 41.929065500000149 ], [ 8.620114500000113, 41.929104000000166 ], [ 8.619877000000145, 41.929252500000018 ], [ 8.619547, 41.929542500000196 ], [ 8.61936, 41.930050000000108 ], [ 8.619441000000165, 41.930359 ], [ 8.61987900000014, 41.93051150000008 ], [ 8.620450000000176, 41.93134300000014 ], [ 8.622624500000143, 41.931942000000163 ], [ 8.623280500000021, 41.93366600000013 ], [ 8.623394000000189, 41.934837500000071 ], [ 8.621961500000168, 41.938118 ], [ 8.620776000000149, 41.939544500000181 ], [ 8.619905500000016, 41.93985350000014 ], [ 8.618509500000187, 41.939884 ], [ 8.618498000000102, 41.940082500000074 ], [ 8.618048500000214, 41.940632000000107 ], [ 8.617744500000128, 41.940605 ], [ 8.617479500000059, 41.940395500000079 ], [ 8.617480021387394, 41.94020849571973 ], [ 8.617481000000168, 41.93985750000013 ], [ 8.616706360782871, 41.939632135289401 ], [ 8.616549500000019, 41.939586500000075 ], [ 8.616082000000233, 41.939167000000225 ], [ 8.615946000000179, 41.939579 ], [ 8.6148665, 41.939632500000016 ], [ 8.614303500000176, 41.939441500000157 ], [ 8.614014500000053, 41.939686000000165 ], [ 8.613236499999971, 41.939731500000164 ], [ 8.612359, 41.93941500000011 ], [ 8.612138500000071, 41.940281 ], [ 8.610229789532184, 41.939486219239484 ], [ 8.610132, 41.939445500000147 ], [ 8.609225500000093, 41.939541 ], [ 8.608938000000137, 41.940231499999982 ], [ 8.609193, 41.941036000000111 ], [ 8.608174500000189, 41.941086000000155 ], [ 8.606356500000061, 41.942234 ], [ 8.606376500000124, 41.942547000000104 ], [ 8.60675150000003, 41.942657500000166 ], [ 8.606549500000199, 41.943027500000028 ], [ 8.606858500000044, 41.943104000000176 ], [ 8.606721, 41.943516000000159 ], [ 8.607255, 41.943985 ], [ 8.60713, 41.944622 ], [ 8.606734500000073, 41.944874 ], [ 8.607395000000167, 41.946094499999958 ], [ 8.607422, 41.946327 ], [ 8.607324500000232, 41.94656 ], [ 8.606820000000198, 41.947025500000109 ], [ 8.606296500000042, 41.947193 ], [ 8.604933, 41.946861500000011 ], [ 8.604509500000177, 41.946842000000174 ], [ 8.604285, 41.946991 ], [ 8.604359500000044, 41.947120499999983 ], [ 8.604674499999987, 41.947368500000039 ], [ 8.605490500000144, 41.947555500000078 ], [ 8.605158000000188, 41.947937 ], [ 8.605913, 41.948791500000027 ], [ 8.606247, 41.949772000000166 ], [ 8.60621, 41.9500010000001 ], [ 8.60604950000004, 41.950187500000084 ], [ 8.605585, 41.950351500000124 ], [ 8.605586, 41.950489000000118 ], [ 8.606016000000125, 41.950550000000192 ], [ 8.606668500000126, 41.951015499999983 ], [ 8.606872500000122, 41.951229 ], [ 8.606919500000117, 41.951679 ], [ 8.606826, 41.951908000000117 ], [ 8.606476000000157, 41.952152500000125 ], [ 8.605651000000137, 41.952324 ], [ 8.604688500000066, 41.952339000000109 ], [ 8.60398, 41.951923499999964 ], [ 8.603186500000106, 41.951835500000016 ], [ 8.602348500000062, 41.951885000000175 ], [ 8.601446, 41.952022500000169 ], [ 8.6011850000001, 41.95239650000002 ], [ 8.600077500000111, 41.952183 ], [ 8.599435, 41.952488 ], [ 8.59857584816416, 41.952415932987549 ], [ 8.598523000000114, 41.952411500000039 ], [ 8.597646, 41.952678500000104 ], [ 8.597311, 41.952926500000046 ], [ 8.59732050000008, 41.9530145 ], [ 8.597867462371141, 41.953342942295592 ], [ 8.598146500000041, 41.95351050000005 ], [ 8.598179, 41.953827000000103 ], [ 8.597788, 41.954120500000045 ], [ 8.598226500000067, 41.954273 ], [ 8.597652500000208, 41.954532500000028 ], [ 8.597653500000092, 41.95467 ], [ 8.598528, 41.954841500000043 ], [ 8.598179, 41.955627500000048 ], [ 8.599351, 41.956554499999982 ], [ 8.599375, 41.956787 ], [ 8.5991, 41.957020000000171 ], [ 8.598398, 41.957241000000124 ], [ 8.598649, 41.958 ], [ 8.598134, 41.958935000000167 ], [ 8.597479, 41.959011 ], [ 8.597774499999957, 41.960079000000121 ], [ 8.597481, 41.960273500000028 ], [ 8.596806500000014, 41.960170500000061 ], [ 8.594982, 41.960586500000034 ], [ 8.594483500000024, 41.960438000000181 ], [ 8.593436, 41.960903 ], [ 8.593180500000187, 41.960777500000177 ], [ 8.5932065, 41.96101 ], [ 8.592619, 41.961166500000218 ], [ 8.592241500000114, 41.961014 ], [ 8.591888500000039, 41.961212 ], [ 8.591922, 41.961525 ], [ 8.591812000000118, 41.961624 ], [ 8.591415598477113, 41.961785994008324 ], [ 8.591177, 41.961883500000056 ], [ 8.591134000000125, 41.962154500000054 ], [ 8.591478500000051, 41.963127 ], [ 8.591692000000137, 41.963428500000134 ], [ 8.592376, 41.963623 ], [ 8.591997000000163, 41.964142 ], [ 8.592087, 41.964405000000113 ], [ 8.592903000000149, 41.964729499999976 ], [ 8.592997500000138, 41.9650345 ], [ 8.593944499999964, 41.965431 ], [ 8.594668796492101, 41.965481647789545 ], [ 8.595038500000101, 41.965507500000058 ], [ 8.595211000000177, 41.965992000000142 ], [ 8.596563500000173, 41.966236 ], [ 8.596815000000163, 41.965774500000123 ], [ 8.596990500000118, 41.96571350000022 ], [ 8.597257500000012, 41.965969 ], [ 8.597844, 41.965809 ], [ 8.598243000000195, 41.966148500000145 ], [ 8.599095500000033, 41.96622850000017 ], [ 8.599099000000137, 41.966823500000032 ], [ 8.600128, 41.966854 ], [ 8.601711500000135, 41.967575 ], [ 8.602715500000045, 41.967258500000128 ], [ 8.606119, 41.968063500000142 ], [ 8.606602500000179, 41.968078500000104 ], [ 8.607049000000131, 41.9677355 ], [ 8.607404500000087, 41.967670500000111 ], [ 8.608316500000058, 41.967624500000056 ], [ 8.608925000000113, 41.967678 ], [ 8.6096, 41.967785000000163 ], [ 8.609853000000157, 41.967899500000044 ], [ 8.609876500000155, 41.968124500000044 ], [ 8.61078550000002, 41.968162500000176 ], [ 8.610981, 41.968296 ], [ 8.61101350000007, 41.968605 ], [ 8.610956, 41.968746000000124 ], [ 8.610494500000129, 41.968940500000031 ], [ 8.610492500000134, 41.969494000000168 ], [ 8.610028500000112, 41.969646500000181 ], [ 8.610074000000168, 41.970196 ], [ 8.611273, 41.970123500000057 ], [ 8.612094000000127, 41.971027500000218 ], [ 8.6128635, 41.97089 ], [ 8.613004458000319, 41.970981400325911 ], [ 8.613640000000146, 41.971393499999976 ], [ 8.614319000000194, 41.971531000000141 ], [ 8.615557500000193, 41.971153500000014 ], [ 8.618134500000053, 41.971008500000096 ], [ 8.620399500000076, 41.971203 ], [ 8.622867500000154, 41.970482 ], [ 8.623541000000102, 41.970577000000105 ], [ 8.624601500000097, 41.970340500000077 ], [ 8.625427, 41.970741500000031 ], [ 8.627063, 41.970115500000077 ], [ 8.62803, 41.970146000000113 ], [ 8.629893500000094, 41.969414000000143 ], [ 8.631283846208589, 41.967844908468237 ], [ 8.63136750000001, 41.967750499999966 ], [ 8.632132500000239, 41.967579000000171 ], [ 8.632732500000145, 41.967544499999974 ], [ 8.635649500000113, 41.967651500000159 ], [ 8.635888163655522, 41.967772512557815 ], [ 8.636288500000035, 41.967975500000136 ], [ 8.637092077256682, 41.967834544843242 ], [ 8.639615000000106, 41.967392 ], [ 8.640518, 41.967380500000104 ], [ 8.642294000000106, 41.96751 ], [ 8.642952, 41.96802150000002 ], [ 8.643776, 41.967830500000048 ], [ 8.6443215, 41.96785750000015 ], [ 8.645965500000102, 41.967991000000154 ], [ 8.648192500000164, 41.968406500000071 ], [ 8.648571, 41.968563 ], [ 8.648875171988436, 41.968781495801977 ], [ 8.649277500000039, 41.969070500000157 ], [ 8.649968000000172, 41.969883 ], [ 8.650289500000099, 41.970730000000117 ], [ 8.650842500000067, 41.970833000000141 ], [ 8.651969000000179, 41.9717635 ], [ 8.655240000000106, 41.972439000000122 ], [ 8.655914131292604, 41.97264803820309 ], [ 8.656236500000148, 41.972748000000138 ], [ 8.656437, 41.972915500000113 ], [ 8.656432597029436, 41.972932834530013 ], [ 8.65631, 41.973415500000101 ], [ 8.657093000000145, 41.973415500000101 ], [ 8.65731250000016, 41.973774000000105 ], [ 8.657895964877127, 41.973736671231961 ], [ 8.658031500000163, 41.973728 ], [ 8.658003460101384, 41.973795719000918 ], [ 8.657687, 41.97456000000011 ], [ 8.658602500000143, 41.97465150000005 ], [ 8.658656000000121, 41.975143500000115 ], [ 8.659582000000171, 41.975353 ], [ 8.660953499999948, 41.976314500000171 ], [ 8.662905500000193, 41.976532 ], [ 8.663379499999962, 41.977001000000143 ], [ 8.6647625, 41.97750850000017 ], [ 8.665743000000134, 41.9783175 ], [ 8.665641900960395, 41.978620061853235 ], [ 8.66560550000014, 41.978729000000101 ], [ 8.665079000000105, 41.978885500000104 ], [ 8.665334500000085, 41.979686500000128 ], [ 8.667458500000123, 41.980922500000077 ], [ 8.667451, 41.981518000000108 ], [ 8.667952071305763, 41.981540114645327 ], [ 8.668312, 41.981556 ], [ 8.668423500000245, 41.982136 ], [ 8.668877500000121, 41.982429500000023 ], [ 8.668641, 41.983028500000046 ], [ 8.669094, 41.983314500000063 ], [ 8.669430500000033, 41.984298500000136 ], [ 8.668913, 41.984546500000079 ], [ 8.669236000000126, 41.984848000000113 ], [ 8.669080500000064, 41.985080499999981 ], [ 8.669737, 41.987346500000115 ], [ 8.669040500342419, 41.990180999684469 ], [ 8.668236500000205, 41.992347500000164 ], [ 8.66774850000013, 41.992958 ], [ 8.667081000000167, 41.993492 ], [ 8.665495, 41.993992000000162 ], [ 8.663420500000143, 41.992664500000103 ], [ 8.661332, 41.992328499999985 ], [ 8.65936650000009, 41.99144 ], [ 8.658951000000172, 41.991504500000019 ], [ 8.657664499999953, 41.993114500000047 ], [ 8.657399, 41.994121500000062 ], [ 8.657405363711007, 41.994166142153119 ], [ 8.657597500000122, 41.995514000000128 ], [ 8.655472696447646, 41.997494265782052 ], [ 8.6554365, 41.997528000000159 ], [ 8.654454059153295, 41.999248396414487 ], [ 8.65445400001164, 41.999248501155193 ], [ 8.654481, 42.001961000000108 ], [ 8.654768, 42.0023920000001 ], [ 8.655886500000122, 42.002689500000031 ], [ 8.655395500000168, 42.003174000000115 ], [ 8.655959000000109, 42.003360500000099 ], [ 8.65656200128825, 42.00400899955514 ], [ 8.655724500000019, 42.004101000000105 ], [ 8.655266, 42.004982000000155 ], [ 8.655940000000101, 42.0062105 ], [ 8.655792000000133, 42.006622500000162 ], [ 8.656152500000132, 42.006603000000155 ], [ 8.656236126954525, 42.006701763054991 ], [ 8.656705000000159, 42.007255500000156 ], [ 8.656809, 42.007648499999959 ], [ 8.656481500000154, 42.008075500000132 ], [ 8.656999500000211, 42.008404000000155 ], [ 8.657014000000174, 42.008541 ], [ 8.656852500000127, 42.008728000000133 ], [ 8.655929500000127, 42.009235500000216 ], [ 8.656789, 42.009372500000154 ], [ 8.657447000000104, 42.009197 ], [ 8.657511500000112, 42.00923900000015 ], [ 8.657234, 42.009571 ], [ 8.657517500000097, 42.00996 ], [ 8.657366000000138, 42.010235000000137 ], [ 8.65786, 42.010345500000028 ], [ 8.659940500000175, 42.011719000000141 ], [ 8.659979427116127, 42.012151647088785 ], [ 8.6599930000001, 42.012302500000146 ], [ 8.660565358721215, 42.012573546717078 ], [ 8.662981, 42.013717500000155 ], [ 8.662966500000095, 42.014259500000037 ], [ 8.663630500000124, 42.014141 ], [ 8.664073000000144, 42.014427 ], [ 8.664410500000031, 42.01476300000013 ], [ 8.6647195, 42.015388500000199 ], [ 8.665707500000053, 42.01559450000002 ], [ 8.667366000000129, 42.016414500000167 ], [ 8.66801, 42.01746 ], [ 8.668982500000141, 42.018081500000108 ], [ 8.668841499999985, 42.01845550000013 ], [ 8.669661499999961, 42.018768500000078 ], [ 8.669462840555354, 42.018980172072304 ], [ 8.669432500000028, 42.019012500000031 ], [ 8.669501769030887, 42.019008202492955 ], [ 8.670045, 42.01897450000007 ], [ 8.670731500000045, 42.019294500000058 ], [ 8.670541000000128, 42.019756500000142 ], [ 8.671370500000194, 42.019623 ], [ 8.672088500000086, 42.020122500000014 ], [ 8.67363250000011, 42.020439000000124 ], [ 8.674064500000156, 42.020515500000045 ], [ 8.674835000000144, 42.020290500000044 ], [ 8.675835500000119, 42.02059550000007 ], [ 8.677274000000125, 42.020511500000055 ], [ 8.678063500000064, 42.021103000000153 ], [ 8.680446500000073, 42.02137 ], [ 8.681071500000087, 42.021568500000114 ], [ 8.68163, 42.022255 ], [ 8.68267550000013, 42.022426500000051 ], [ 8.682929000000115, 42.022545 ], [ 8.683197000000121, 42.022800500000073 ], [ 8.683330500000125, 42.023567 ], [ 8.683902500000045, 42.02384550000005 ], [ 8.683323, 42.024738500000012 ], [ 8.683357000000171, 42.025047500000028 ], [ 8.683912500000133, 42.025154000000157 ], [ 8.684191000000112, 42.025501500000132 ], [ 8.685217, 42.02549 ], [ 8.685074000076384, 42.026397499516293 ], [ 8.688382000000104, 42.02739349999996 ], [ 8.689235500000052, 42.027477499999975 ], [ 8.689310833801983, 42.027293701299811 ], [ 8.689331000000152, 42.027244500000108 ], [ 8.689932000000113, 42.02721 ], [ 8.690613000000155, 42.02735900000016 ], [ 8.692179500000066, 42.027900499999987 ], [ 8.696262500000046, 42.026905 ], [ 8.696916778379091, 42.026578475965209 ], [ 8.6975920000001, 42.026241500000026 ], [ 8.698875676926093, 42.026031809555832 ], [ 8.699251, 42.025970500000028 ], [ 8.699324520887558, 42.025906551452579 ], [ 8.699527500000045, 42.025730000000181 ], [ 8.700079000164465, 42.025696000093831 ], [ 8.701161500000012, 42.026314000000184 ], [ 8.70284950000007, 42.026851500000078 ], [ 8.702874000000179, 42.027076500000021 ], [ 8.704163500000107, 42.027279 ], [ 8.704451500000118, 42.02771 ], [ 8.705233500000134, 42.027672000000109 ], [ 8.705269000000101, 42.027443 ], [ 8.706341000000123, 42.027195 ], [ 8.706769, 42.027813 ], [ 8.706959500000153, 42.027889499999958 ], [ 8.707742500000109, 42.027885500000025 ], [ 8.708085, 42.028236500000105 ], [ 8.708454000000188, 42.028301000000113 ], [ 8.709094, 42.028084 ], [ 8.709478500000046, 42.02829 ], [ 8.711663871065639, 42.028461573017921 ], [ 8.71185400000013, 42.028476500000068 ], [ 8.712347, 42.028579500000035 ], [ 8.712333663727009, 42.028621467820358 ], [ 8.712258500000019, 42.028858 ], [ 8.713124699200705, 42.028810306050786 ], [ 8.713157500000136, 42.028808499999968 ], [ 8.713181151490176, 42.02882378250132 ], [ 8.713222500000029, 42.02885050000009 ], [ 8.712842000000137, 42.029236 ], [ 8.712802, 42.029419 ], [ 8.712932500000193, 42.029503 ], [ 8.713301500000171, 42.029567500000098 ], [ 8.714316500000109, 42.02946100000014 ], [ 8.714605500000062, 42.02990350000016 ], [ 8.716506, 42.029617500000143 ], [ 8.71572, 42.030147500000112 ], [ 8.715729000000124, 42.030239 ], [ 8.716386000000114, 42.030163 ], [ 8.716961, 42.031116500000167 ], [ 8.719007500000089, 42.031505500000037 ], [ 8.719267000000116, 42.031673500000068 ], [ 8.719334500000173, 42.031849000000193 ], [ 8.719169500000191, 42.031994000000111 ], [ 8.718569, 42.032032 ], [ 8.718579500000033, 42.03212 ], [ 8.718968500000074, 42.032364 ], [ 8.719804000000124, 42.0322685000001 ], [ 8.72028250000011, 42.032791 ], [ 8.721427000000119, 42.032768 ], [ 8.722051500000077, 42.033504500000049 ], [ 8.7226255, 42.033245 ], [ 8.722666000000117, 42.033603500000083 ], [ 8.722976500000073, 42.03368 ], [ 8.723666, 42.033367 ], [ 8.725460000000226, 42.034305500000073 ], [ 8.725180500000192, 42.0345 ], [ 8.726279500000146, 42.034622000000127 ], [ 8.726524500000153, 42.035194500000102 ], [ 8.726405, 42.035335500000031 ], [ 8.725795500000061, 42.035282 ], [ 8.7255715, 42.035431000000131 ], [ 8.725675500000079, 42.035831500000029 ], [ 8.725034, 42.03604150000001 ], [ 8.725331500000038, 42.0366590000001 ], [ 8.725060499999984, 42.036949000000106 ], [ 8.724689500000068, 42.036869 ], [ 8.72456, 42.037342000000137 ], [ 8.723827500000141, 42.037376500000164 ], [ 8.724296500000037, 42.037807500000099 ], [ 8.723666, 42.038105 ], [ 8.724167000000136, 42.038940500000081 ], [ 8.723711, 42.039192 ], [ 8.723776000000157, 42.039905500000145 ], [ 8.723432500000115, 42.040066 ], [ 8.724425500000052, 42.040317500000128 ], [ 8.724670500000059, 42.040897500000142 ], [ 8.724571000000196, 42.041084500000011 ], [ 8.723632, 42.04144650000012 ], [ 8.723186500000054, 42.041248500000052 ], [ 8.722886, 42.041271000000165 ], [ 8.722716500000047, 42.041370500000198 ], [ 8.72269150000011, 42.041687 ], [ 8.721873500000129, 42.042049500000076 ], [ 8.721933500000091, 42.042587500000025 ], [ 8.722422500000221, 42.042644500000108 ], [ 8.723840500000165, 42.042255500000067 ], [ 8.725559, 42.043056500000091 ], [ 8.727324500000122, 42.043186 ], [ 8.72768, 42.042576000000111 ], [ 8.728109500000016, 42.042644500000108 ], [ 8.728444000000195, 42.042263000000162 ], [ 8.728913500000147, 42.042145 ], [ 8.730287500000145, 42.042560500000093 ], [ 8.730248500000073, 42.042209500000013 ], [ 8.731472, 42.042232500000125 ], [ 8.733070500000167, 42.041282500000193 ], [ 8.734087000000102, 42.041179500000055 ], [ 8.734701, 42.040062000000148 ], [ 8.735192500000096, 42.040127000000155 ], [ 8.735591, 42.039921000000163 ], [ 8.736312000000169, 42.039882500000033 ], [ 8.737546000000123, 42.040672500000028 ], [ 8.738044000000116, 42.040146000000163 ], [ 8.740048500000057, 42.040798000000109 ], [ 8.741330000000232, 42.040912500000161 ], [ 8.741587500000037, 42.041076500000031 ], [ 8.743129, 42.042568 ], [ 8.743608500000107, 42.043087000000128 ], [ 8.745333500000015, 42.045151 ], [ 8.745682, 42.045681000000172 ], [ 8.746149000000116, 42.046642500000132 ], [ 8.746900500000152, 42.048763500000121 ], [ 8.747044500000186, 42.049530000000118 ], [ 8.746987500000046, 42.050209 ], [ 8.746598201710469, 42.050475180308354 ], [ 8.74648, 42.050556000000142 ], [ 8.746436, 42.050693500000136 ], [ 8.746476938429964, 42.050731994344346 ], [ 8.746704, 42.050945500000012 ], [ 8.74652650000013, 42.051094 ], [ 8.746266141415447, 42.051178424885961 ], [ 8.745185000000163, 42.05152900000013 ], [ 8.745209500000044, 42.05175400000013 ], [ 8.744512500000098, 42.052109 ], [ 8.74454100000014, 42.052376 ], [ 8.744147500000111, 42.052623500000095 ], [ 8.744462000000169, 42.052742000000137 ], [ 8.744268500000146, 42.053295000000105 ], [ 8.744053, 42.053531500000133 ], [ 8.743371000000138, 42.053932 ], [ 8.743398500000126, 42.054291 ], [ 8.744300000000123, 42.054786500000034 ], [ 8.74415300000021, 42.055111 ], [ 8.744363221632113, 42.055208470147761 ], [ 8.744407500000136, 42.055229 ], [ 8.743849, 42.056297499999971 ], [ 8.74348950000001, 42.056995500000028 ], [ 8.743114500000047, 42.056885000000136 ], [ 8.743019000000174, 42.057113500000014 ], [ 8.74388375249606, 42.057685180358703 ], [ 8.744842500000061, 42.058319 ], [ 8.743928, 42.059452 ], [ 8.74349100000012, 42.059437 ], [ 8.742957830505077, 42.059862837501839 ], [ 8.74288, 42.059925000000135 ], [ 8.74243950000016, 42.060302500000091 ], [ 8.742611000000124, 42.060882500000105 ], [ 8.74239150000011, 42.061081000000172 ], [ 8.741829000000109, 42.060920500000066 ], [ 8.741461, 42.061531000000116 ], [ 8.740862, 42.061569 ], [ 8.74046050000004, 42.061096 ], [ 8.739559, 42.061821000000123 ], [ 8.738885, 42.061725500000023 ], [ 8.739164500000072, 42.062065 ], [ 8.738711500000079, 42.062458000000106 ], [ 8.739216000000113, 42.062649 ], [ 8.739308500000107, 42.063598500000126 ], [ 8.738782, 42.063766500000156 ], [ 8.738836500000104, 42.064255 ], [ 8.738298500000042, 42.064327000000162 ], [ 8.738397500000019, 42.064781 ], [ 8.738127500000076, 42.065063500000178 ], [ 8.737841500000059, 42.065212 ], [ 8.737285500000041, 42.065109500000062 ], [ 8.735716, 42.065780500000187 ], [ 8.734501, 42.065719500000114 ], [ 8.733171500000196, 42.065162500000042 ], [ 8.732307500000104, 42.064438000000109 ], [ 8.732225987713605, 42.064407449039948 ], [ 8.731045500000164, 42.063965 ], [ 8.729686500000128, 42.063678500000151 ], [ 8.728362000000175, 42.063717000000167 ], [ 8.728021000000183, 42.063319 ], [ 8.727955, 42.063324000000136 ], [ 8.727925500000083, 42.063595 ], [ 8.726797000000147, 42.063888500000132 ], [ 8.725402000000201, 42.06328950000011 ], [ 8.722811500000091, 42.063350500000013 ], [ 8.721736, 42.063587 ], [ 8.719610000000216, 42.063480500000139 ], [ 8.718861500000116, 42.063797 ], [ 8.719031500000142, 42.064369000000113 ], [ 8.719551000000138, 42.064701 ], [ 8.719459500000198, 42.064975500000173 ], [ 8.719916500000011, 42.065273499999989 ], [ 8.720395000000167, 42.065243000000123 ], [ 8.720548500000064, 42.065548000000149 ], [ 8.7203245, 42.065696500000172 ], [ 8.720336, 42.06944250000015 ], [ 8.719985, 42.071441500000162 ], [ 8.719273500000099, 42.07334150000014 ], [ 8.717190500000243, 42.077389 ], [ 8.714766500000053, 42.081539 ], [ 8.713051, 42.083751500000119 ], [ 8.711279000000161, 42.085476 ], [ 8.709638500000096, 42.086605000000134 ], [ 8.708275000000128, 42.08696 ], [ 8.707838, 42.086838 ], [ 8.70755000000014, 42.086406500000066 ], [ 8.706915, 42.08667 ], [ 8.705627500000048, 42.086509500000034 ], [ 8.704919, 42.086109000000135 ], [ 8.703642000000116, 42.086036499999977 ], [ 8.70342050000005, 42.086235000000102 ], [ 8.703503500000011, 42.086544 ], [ 8.704112, 42.087139 ], [ 8.704933000000153, 42.087452 ], [ 8.704749, 42.088100500000053 ], [ 8.705308000000116, 42.08879450000012 ], [ 8.706507500000043, 42.08926 ], [ 8.706696500000078, 42.08988550000015 ], [ 8.706198500000085, 42.089863 ], [ 8.706158500000129, 42.090046 ], [ 8.706774, 42.090152500000045 ], [ 8.70667850000018, 42.090381500000149 ], [ 8.707087500000057, 42.090809 ], [ 8.70681100000013, 42.091049 ], [ 8.706857500000069, 42.091587 ], [ 8.707883, 42.092117500000086 ], [ 8.707932500000197, 42.0925675000002 ], [ 8.707826500000124, 42.092708500000128 ], [ 8.707037, 42.092670500000168 ], [ 8.706933000000106, 42.092945000000157 ], [ 8.707863000000145, 42.093155000000138 ], [ 8.708189000000118, 42.093372499999987 ], [ 8.708148, 42.093555500000036 ], [ 8.707968000000108, 42.093563000000131 ], [ 8.707467, 42.093406499999958 ], [ 8.707286000000181, 42.093418 ], [ 8.707302, 42.093551500000046 ], [ 8.707826500000124, 42.093933 ], [ 8.708228000000133, 42.093731000000162 ], [ 8.708533499999987, 42.093754 ], [ 8.709458499999982, 42.093925500000125 ], [ 8.709984000000134, 42.094307 ], [ 8.709994500000107, 42.094398500000011 ], [ 8.709328500000026, 42.094391 ], [ 8.709351500000025, 42.094616 ], [ 8.710162, 42.094837000000211 ], [ 8.709653, 42.095276000000126 ], [ 8.710402499180475, 42.096046499814463 ], [ 8.709524, 42.096409 ], [ 8.709555500000192, 42.097259500000121 ], [ 8.705730500000072, 42.103206500000113 ], [ 8.704877, 42.103798 ], [ 8.704638357240924, 42.103772098836487 ], [ 8.702979000000141, 42.103592 ], [ 8.702507000000139, 42.103801500000145 ], [ 8.70258600000011, 42.1039770000001 ], [ 8.703351, 42.104336000000103 ], [ 8.702824500000133, 42.1045 ], [ 8.702124500000139, 42.104172 ], [ 8.70195, 42.104233000000136 ], [ 8.701704000000177, 42.104873500000167 ], [ 8.700994500000093, 42.105007 ], [ 8.700867500000072, 42.10551050000015 ], [ 8.700249500000098, 42.106045000000108 ], [ 8.700699, 42.107509500000162 ], [ 8.701267, 42.108288 ], [ 8.700963000000115, 42.108936500000084 ], [ 8.701116500000069, 42.109791 ], [ 8.700938151506932, 42.109785265794642 ], [ 8.700510000000122, 42.109771500000079 ], [ 8.700121, 42.110744500000123 ], [ 8.700671000000114, 42.110809500000016 ], [ 8.70119550000021, 42.111183000000153 ], [ 8.700339500000041, 42.11231250000003 ], [ 8.696031500522906, 42.114177499582524 ], [ 8.691031500000122, 42.115135000000123 ], [ 8.689154498740095, 42.115104498226572 ], [ 8.687883500000112, 42.113315500000056 ], [ 8.687802890954799, 42.112495464523192 ], [ 8.687765, 42.112110000000143 ], [ 8.68804, 42.111866 ], [ 8.687606, 42.111759 ], [ 8.687461, 42.111541500000158 ], [ 8.687305500000036, 42.11055 ], [ 8.68592550000028, 42.108871500000021 ], [ 8.684766, 42.109436 ], [ 8.683958, 42.108577500000081 ], [ 8.682852500000195, 42.108406 ], [ 8.682397, 42.108120000000213 ], [ 8.681253500000082, 42.107055500000058 ], [ 8.680357557194441, 42.105349772312991 ], [ 8.680354, 42.105343000000119 ], [ 8.680159500000116, 42.105224500000077 ], [ 8.679119, 42.105095 ], [ 8.678349500000138, 42.104690499999947 ], [ 8.677885257516891, 42.10539008419039 ], [ 8.677881, 42.105396500000097 ], [ 8.677630598228063, 42.105408625439964 ], [ 8.676786500000105, 42.105449500000077 ], [ 8.676768020667737, 42.105471428041312 ], [ 8.676465000000178, 42.105831000000194 ], [ 8.675678500000117, 42.105823500000099 ], [ 8.675678500000117, 42.106373 ], [ 8.67445749999996, 42.106933500000082 ], [ 8.673607000000118, 42.106895500000178 ], [ 8.67171, 42.107361000000139 ], [ 8.670295000000181, 42.106579 ], [ 8.669524, 42.106708500000138 ], [ 8.668258500000093, 42.106189500000028 ], [ 8.668013500000029, 42.106159000000162 ], [ 8.667557000000102, 42.106411 ], [ 8.66738713442146, 42.106154432199048 ], [ 8.667269, 42.105976000000112 ], [ 8.667083, 42.105945500000075 ], [ 8.666868000000136, 42.106182000000103 ], [ 8.666804935122741, 42.10619682100247 ], [ 8.665617, 42.1064760000001 ], [ 8.664756000000182, 42.106346000000144 ], [ 8.663885, 42.106117 ], [ 8.663622000000146, 42.105911500000104 ], [ 8.663573500000041, 42.105461000000105 ], [ 8.663782, 42.105045500000188 ], [ 8.663176500000077, 42.103813000000173 ], [ 8.662642500000118, 42.103348 ], [ 8.662438500000121, 42.102588500000138 ], [ 8.660111500000141, 42.101635000000101 ], [ 8.659437, 42.10099050000008 ], [ 8.658926, 42.101291500000116 ], [ 8.658604500000138, 42.102344500000015 ], [ 8.658667500000035, 42.103603500000077 ], [ 8.65835850000019, 42.10421 ], [ 8.658653500000071, 42.104694500000107 ], [ 8.657717500000103, 42.105648 ], [ 8.657736, 42.105827500000089 ], [ 8.658335500000078, 42.106334500000116 ], [ 8.658711500000095, 42.107132 ], [ 8.658749500000056, 42.107490499999983 ], [ 8.657960000000116, 42.108116 ], [ 8.658203000000128, 42.108692000000133 ], [ 8.658046500000125, 42.108925 ], [ 8.657881, 42.109073500000079 ], [ 8.657484657329974, 42.109217102416778 ], [ 8.656880500000113, 42.109436 ], [ 8.65642750000012, 42.10915 ], [ 8.65616400000016, 42.109524000000192 ], [ 8.656308069712054, 42.110077178014706 ], [ 8.656454, 42.110637500000166 ], [ 8.656404500000178, 42.110729000000106 ], [ 8.655997500000069, 42.110885500000052 ], [ 8.655568, 42.110824500000149 ], [ 8.654997, 42.111805000000118 ], [ 8.653614, 42.1125525 ], [ 8.652684000000193, 42.113552 ], [ 8.652165500000081, 42.113811500000224 ], [ 8.651199500000075, 42.113811500000224 ], [ 8.651515, 42.114612500000078 ], [ 8.651113165898607, 42.114966550884503 ], [ 8.651073500000166, 42.115001500000119 ], [ 8.650962000000163, 42.116989 ], [ 8.649187, 42.119255000000123 ], [ 8.648381000000143, 42.119617500000118 ], [ 8.647729000000197, 42.120422500000075 ], [ 8.647045213276783, 42.120495030064376 ], [ 8.647012500000073, 42.120498500000167 ], [ 8.646902, 42.120598 ], [ 8.64690625164684, 42.1206194186733 ], [ 8.647008, 42.121132 ], [ 8.64606550000002, 42.121372000000122 ], [ 8.644965000000127, 42.121246500000041 ], [ 8.644376, 42.121505500000012 ], [ 8.643242, 42.120979499999976 ], [ 8.64282900000012, 42.121181500000034 ], [ 8.641854500000136, 42.121109 ], [ 8.641380500000196, 42.120540500000118 ], [ 8.6393605, 42.120426 ], [ 8.637475, 42.119766000000141 ], [ 8.636683500000231, 42.119713 ], [ 8.636224500000083, 42.119381 ], [ 8.635467499999947, 42.119652 ], [ 8.635581000000116, 42.120079 ], [ 8.636488, 42.120819000000211 ], [ 8.636330500000156, 42.121593500000017 ], [ 8.636561500000084, 42.122162 ], [ 8.635587500000099, 42.123348 ], [ 8.634614, 42.123844 ], [ 8.634057000000155, 42.123832500000162 ], [ 8.6321125, 42.123085000000117 ], [ 8.631700500000022, 42.123287 ], [ 8.630871000000127, 42.122883000000115 ], [ 8.630463500000189, 42.123039 ], [ 8.62953750000014, 42.122864000000163 ], [ 8.629077, 42.122528 ], [ 8.628768, 42.122459500000048 ], [ 8.6280955000002, 42.122398499999974 ], [ 8.628474, 42.123104000000126 ], [ 8.627637000000107, 42.123188000000141 ], [ 8.62694850000014, 42.122959 ], [ 8.626159500000028, 42.12305049999992 ], [ 8.625634000000105, 42.122669 ], [ 8.624233000000174, 42.122562500000072 ], [ 8.6236705, 42.122959 ], [ 8.624149499999987, 42.123478 ], [ 8.624000500000136, 42.123897500000055 ], [ 8.623705, 42.123958500000128 ], [ 8.624104499999987, 42.124965500000087 ], [ 8.623202500000161, 42.125023 ], [ 8.62254450000006, 42.12451550000003 ], [ 8.620808499999953, 42.124695 ], [ 8.62005900000014, 42.125145 ], [ 8.620380500000067, 42.125309000000129 ], [ 8.6204035, 42.125534 ], [ 8.620292500000062, 42.1256295 ], [ 8.619741500000146, 42.125572 ], [ 8.619605, 42.125984 ], [ 8.618805000000123, 42.125843 ], [ 8.618895500000122, 42.126251 ], [ 8.618273499999987, 42.126640499999951 ], [ 8.61776750000007, 42.126442 ], [ 8.617422, 42.126602000000162 ], [ 8.617752, 42.12685 ], [ 8.617422, 42.127277500000105 ], [ 8.617756, 42.127571 ], [ 8.617264500000033, 42.12872700000014 ], [ 8.618312000000174, 42.1301575 ], [ 8.618272000000218, 42.130340500000216 ], [ 8.617755000000102, 42.130596 ], [ 8.617159, 42.130676500000106 ], [ 8.617019499999969, 42.13118 ], [ 8.616276499999969, 42.131584 ], [ 8.616209756357364, 42.131764652793095 ], [ 8.616089000000102, 42.132091499999945 ], [ 8.616331, 42.13275150000004 ], [ 8.615658000000167, 42.133243500000049 ], [ 8.614777500000116, 42.13361 ], [ 8.612995, 42.134022000000186 ], [ 8.612561, 42.134498500000177 ], [ 8.612091000691066, 42.134608999837724 ], [ 8.611063000000115, 42.134620499999983 ], [ 8.610558500000081, 42.134418500000152 ], [ 8.609955, 42.134544500000061 ], [ 8.60977, 42.13451 ], [ 8.609209000000192, 42.134365 ], [ 8.608318500000223, 42.133957000000123 ], [ 8.608176000000128, 42.133651500000099 ], [ 8.60716252258544, 42.133155390383763 ], [ 8.606197500000064, 42.132683 ], [ 8.605908970920495, 42.132785666789061 ], [ 8.60579, 42.132828 ], [ 8.605045500000131, 42.132648500000073 ], [ 8.604895500000111, 42.133060500000056 ], [ 8.604595000000131, 42.133083500000168 ], [ 8.603568993939405, 42.1320955119877 ], [ 8.603529, 42.132057000000145 ], [ 8.603089500000124, 42.131901000000198 ], [ 8.602158502585837, 42.131679500615292 ], [ 8.602014500000166, 42.132137500000056 ], [ 8.601784500000122, 42.132240500000023 ], [ 8.600801499999989, 42.132656000000111 ], [ 8.599766000000102, 42.132709500000146 ], [ 8.598719500000016, 42.132545500000049 ], [ 8.597524500000077, 42.132114500000114 ], [ 8.597196500000109, 42.131767499999967 ], [ 8.596544500000164, 42.131984500000158 ], [ 8.596232499999928, 42.131912 ], [ 8.595824, 42.131489 ], [ 8.595774500000061, 42.130893500000127 ], [ 8.595832, 42.130306 ], [ 8.595886, 42.13026050000019 ], [ 8.596382, 42.130371 ], [ 8.59638, 42.130237500000021 ], [ 8.596244999999897, 42.130100500000083 ], [ 8.595150000271531, 42.129490000293117 ], [ 8.594441500000073, 42.1297495 ], [ 8.593645, 42.129661500000168 ], [ 8.593803500000035, 42.130012500000078 ], [ 8.593044500000133, 42.129696 ], [ 8.591892, 42.129669 ], [ 8.590460000000178, 42.129291500000136 ], [ 8.58879, 42.129608 ], [ 8.587999500000137, 42.129566 ], [ 8.587057000000129, 42.129253500000175 ], [ 8.586817500000052, 42.129265 ], [ 8.587472, 42.129730000000166 ], [ 8.587426000000107, 42.129867500000159 ], [ 8.586906500000111, 42.129532 ], [ 8.58667, 42.129589 ], [ 8.586769000000118, 42.129944 ], [ 8.586651000000131, 42.130085 ], [ 8.586406000000125, 42.130058499999961 ], [ 8.586342000000116, 42.130016500000067 ], [ 8.586195, 42.129661500000168 ], [ 8.585870500000055, 42.129459500000166 ], [ 8.585364500000082, 42.129249500000014 ], [ 8.585069500000031, 42.129318 ], [ 8.585420500000112, 42.129886499999941 ], [ 8.585305000000119, 42.129928500000062 ], [ 8.584855, 42.1296885000001 ], [ 8.583848, 42.129886499999941 ], [ 8.5835535, 42.129398500000093 ], [ 8.582518500000162, 42.129326000000106 ], [ 8.581620196370068, 42.128902909790668 ], [ 8.581562, 42.128875500000163 ], [ 8.581252000000177, 42.12880350000006 ], [ 8.58121832984267, 42.128885471849458 ], [ 8.581156500000077, 42.129036 ], [ 8.580944120591994, 42.128873573259966 ], [ 8.58082700000017, 42.128784 ], [ 8.5806465, 42.128792 ], [ 8.580469999767047, 42.12885300021378 ], [ 8.579854000000125, 42.129417500000045 ], [ 8.579893, 42.129783500000144 ], [ 8.580744500000094, 42.129825500000038 ], [ 8.580875500000104, 42.12990550000012 ], [ 8.580733500000065, 42.130275500000153 ], [ 8.581308500000034, 42.130565499999989 ], [ 8.581244500000082, 42.131107500000098 ], [ 8.581427500000132, 42.131233 ], [ 8.581795538244421, 42.131150386079469 ], [ 8.581971, 42.131111 ], [ 8.582698000000107, 42.131798 ], [ 8.583118500000069, 42.131771 ], [ 8.583161500000074, 42.132175500000017 ], [ 8.583531500000106, 42.132244 ], [ 8.583830000000148, 42.132774499999982 ], [ 8.58384500000011, 42.132908 ], [ 8.583372, 42.133018500000105 ], [ 8.583643000000109, 42.133953 ], [ 8.584266500000012, 42.134144 ], [ 8.584615500000098, 42.134575 ], [ 8.584009, 42.1345675 ], [ 8.5839595, 42.134659000000113 ], [ 8.583976000137284, 42.134929499688212 ], [ 8.584607000000119, 42.13517000000013 ], [ 8.584983000000136, 42.135864500000025 ], [ 8.585493, 42.136104499999988 ], [ 8.586511500000142, 42.136009000000115 ], [ 8.586314000000129, 42.137100000000146 ], [ 8.5871285, 42.137378500000068 ], [ 8.588696500000083, 42.138462 ], [ 8.589494000000172, 42.13855 ], [ 8.589929500000153, 42.139347 ], [ 8.590871, 42.13956050000013 ], [ 8.590574500000059, 42.139713500000198 ], [ 8.591399, 42.140663 ], [ 8.590951000000132, 42.141094 ], [ 8.592504500000018, 42.142044000000112 ], [ 8.592742, 42.142574500000137 ], [ 8.5936185, 42.142845000000136 ], [ 8.593957000000159, 42.143184500000132 ], [ 8.593993, 42.143631000000141 ], [ 8.593714, 42.144413 ], [ 8.593067, 42.145263500000056 ], [ 8.591346000000101, 42.14748 ], [ 8.58974550000022, 42.149154500000122 ], [ 8.588627000000201, 42.149433 ], [ 8.586689, 42.14954 ], [ 8.586115000000177, 42.150387000000137 ], [ 8.585585500000093, 42.150642500000117 ], [ 8.585681, 42.151535 ], [ 8.585460500000011, 42.151729499999988 ], [ 8.584521500000164, 42.151550500000099 ], [ 8.584345, 42.151603500000022 ], [ 8.584207500000105, 42.152019500000165 ], [ 8.583606500000087, 42.152054 ], [ 8.580831499999988, 42.150985500000047 ], [ 8.580559, 42.151272 ], [ 8.57933700000018, 42.151165000000162 ], [ 8.57812, 42.151767500000119 ], [ 8.577733000000137, 42.15337 ], [ 8.577553500000022, 42.15337750000009 ], [ 8.577359000000115, 42.153251499999953 ], [ 8.57726, 42.15289700000011 ], [ 8.576356, 42.152359 ], [ 8.574731, 42.1524465 ], [ 8.574072000000115, 42.151943 ], [ 8.573626499999989, 42.152286500000059 ], [ 8.573313, 42.152302000000134 ], [ 8.573057000000119, 42.152176000000168 ], [ 8.573169500000063, 42.151993000000118 ], [ 8.572641500000032, 42.151569500000051 ], [ 8.572315, 42.150779500000056 ], [ 8.571984500000042, 42.150516499999981 ], [ 8.570814, 42.150318 ], [ 8.570425000000171, 42.149975000000154 ], [ 8.56963850000011, 42.150066500000037 ], [ 8.569071, 42.149189 ], [ 8.567992000000118, 42.148708499999941 ], [ 8.567647000000136, 42.148868500000049 ], [ 8.566760000000158, 42.14850249999995 ], [ 8.566469, 42.148613 ], [ 8.566218500000105, 42.148536499999921 ], [ 8.56581, 42.148105500000156 ], [ 8.564533, 42.148044500000083 ], [ 8.561818, 42.146972500000061 ], [ 8.560729, 42.146980500000154 ], [ 8.5601845, 42.145839500000079 ], [ 8.5587845, 42.146320500000115 ], [ 8.558390500000087, 42.146030500000052 ], [ 8.55778800000013, 42.146057000000155 ], [ 8.558075, 42.146587499999953 ], [ 8.557914, 42.1467745 ], [ 8.557988, 42.146908 ], [ 8.558729000000199, 42.147041500000057 ], [ 8.55909650000001, 42.147663000000136 ], [ 8.560072000000105, 42.147739500000057 ], [ 8.560232, 42.148090500000194 ], [ 8.559438500000113, 42.148723500000131 ], [ 8.559539, 42.14907850000003 ], [ 8.560693500000014, 42.149826 ], [ 8.560478, 42.150062500000104 ], [ 8.5606785, 42.150818 ], [ 8.561270500000148, 42.151378500000078 ], [ 8.561876500000039, 42.151252500000112 ], [ 8.561730500000181, 42.151710500000036 ], [ 8.562570500000049, 42.151535 ], [ 8.562171, 42.151874500000076 ], [ 8.562370500000043, 42.152042499999936 ], [ 8.563391500000137, 42.151848 ], [ 8.563817, 42.152549500000134 ], [ 8.565267500000118, 42.153106500000035 ], [ 8.565242000000126, 42.153423499999974 ], [ 8.567645000000198, 42.154411500000037 ], [ 8.567771000000107, 42.154449500000169 ], [ 8.568112500000154, 42.154251000000102 ], [ 8.568226, 42.153618000000108 ], [ 8.56835, 42.153648500000145 ], [ 8.568701000000146, 42.154091000000165 ], [ 8.569801500000096, 42.154205500000046 ], [ 8.5697985, 42.15474300000011 ], [ 8.570128500000123, 42.15500650000007 ], [ 8.569928, 42.155514000000153 ], [ 8.57006350000006, 42.1556395 ], [ 8.570914500000129, 42.155678 ], [ 8.570717000000172, 42.156097500000101 ], [ 8.571802, 42.15662750000007 ], [ 8.572916000000191, 42.15561300000013 ], [ 8.575704499999972, 42.1555555 ], [ 8.576322500000174, 42.155117000000132 ], [ 8.576577, 42.155235500000174 ], [ 8.576679, 42.155048499999964 ], [ 8.576860500000066, 42.155040500000041 ], [ 8.576935, 42.155170500000111 ], [ 8.576927, 42.156349 ], [ 8.577095, 42.156788 ], [ 8.577629, 42.157253499999968 ], [ 8.577815, 42.157295 ], [ 8.578109500000039, 42.157234 ], [ 8.57850250000007, 42.156940500000019 ], [ 8.578536000000156, 42.157253499999968 ], [ 8.579612500000053, 42.157692 ], [ 8.57998, 42.158302500000104 ], [ 8.580477500000029, 42.158542500000067 ], [ 8.582402000000116, 42.158886 ], [ 8.582787500000052, 42.159778500000016 ], [ 8.582200000000114, 42.159942500000056 ], [ 8.582280000000139, 42.160118 ], [ 8.582471000000112, 42.160198 ], [ 8.583126000000163, 42.160114500000077 ], [ 8.583271, 42.160331500000098 ], [ 8.583331, 42.161014500000135 ], [ 8.58311, 42.161205500000108 ], [ 8.5835065, 42.162082500000054 ], [ 8.583571500000062, 42.162124499999948 ], [ 8.584989499999949, 42.162365000000136 ], [ 8.586228500000175, 42.162063500000045 ], [ 8.588439000000108, 42.162266000000102 ], [ 8.589491000000123, 42.163158500000065 ], [ 8.589429000000109, 42.163700000000119 ], [ 8.590220500000044, 42.163746000000174 ], [ 8.59042850000003, 42.164005499999973 ], [ 8.591236, 42.164192000000128 ], [ 8.591084500000136, 42.164470500000107 ], [ 8.591151000000139, 42.164646 ], [ 8.591532, 42.1648025 ], [ 8.59159, 42.165340500000127 ], [ 8.592088500000102, 42.16549700000013 ], [ 8.592212500000016, 42.166076500000088 ], [ 8.592619, 42.165916500000037 ], [ 8.592752500000131, 42.166042500000117 ], [ 8.593076070006816, 42.166637825086809 ], [ 8.593492500000082, 42.167404000000147 ], [ 8.593546, 42.1679 ], [ 8.593319192549529, 42.167914060218038 ], [ 8.593054, 42.167930500000011 ], [ 8.593395000000157, 42.168312000000128 ], [ 8.590884, 42.170521000000122 ], [ 8.589719000000116, 42.171043500000053 ], [ 8.58890150000002, 42.171314 ], [ 8.588487500000042, 42.171421 ], [ 8.586225500000069, 42.171322000000146 ], [ 8.585840000000189, 42.171661500000027 ], [ 8.585237500000062, 42.171692 ], [ 8.584988500000065, 42.171619500000077 ], [ 8.584712, 42.171310500000118 ], [ 8.584463220023395, 42.17076559293946 ], [ 8.584412499999985, 42.170654500000012 ], [ 8.584107707383794, 42.170707693106294 ], [ 8.583627500000091, 42.170791500000121 ], [ 8.583482962694234, 42.170605945350644 ], [ 8.583220500000152, 42.170269 ], [ 8.582051500000034, 42.169513500000107 ], [ 8.581931, 42.169525000000135 ], [ 8.581819500000051, 42.169620500000065 ], [ 8.58209816319993, 42.17038041283638 ], [ 8.582145500000024, 42.170509500000094 ], [ 8.581688045941007, 42.170313619934461 ], [ 8.581574500000045, 42.170265 ], [ 8.581523613019726, 42.170286839905827 ], [ 8.581458, 42.17031500000013 ], [ 8.581545, 42.171131000000173 ], [ 8.581124500000101, 42.171146500000191 ], [ 8.580559500000049, 42.171089 ], [ 8.580345, 42.170654500000012 ], [ 8.579159, 42.170311000000197 ], [ 8.578311454459254, 42.169763698324914 ], [ 8.577924000000166, 42.169513500000107 ], [ 8.57726869656517, 42.169593871710617 ], [ 8.577206500000102, 42.169601500000113 ], [ 8.57719206956142, 42.169581392011594 ], [ 8.576993, 42.169304 ], [ 8.576627000000144, 42.169269500000155 ], [ 8.576586490000693, 42.169482765545126 ], [ 8.576549500000112, 42.169677500000148 ], [ 8.575994500000206, 42.16957450000001 ], [ 8.575847083252427, 42.169362343589682 ], [ 8.575637, 42.16906 ], [ 8.574579000000142, 42.168792500000109 ], [ 8.574530141711136, 42.169147862620889 ], [ 8.574504000000161, 42.169338000000153 ], [ 8.574158500000181, 42.169498500000088 ], [ 8.571078500000056, 42.168987500000071 ], [ 8.571427500000141, 42.169426000000158 ], [ 8.571010500000114, 42.169487 ], [ 8.570011, 42.168644 ], [ 8.569186000000116, 42.168277500000158 ], [ 8.568886, 42.168297000000166 ], [ 8.568720695025149, 42.168470176640653 ], [ 8.568613000000141, 42.168583 ], [ 8.569521, 42.169258 ], [ 8.569605, 42.169479500000136 ], [ 8.569043000000192, 42.169319000000144 ], [ 8.567965500000071, 42.16943 ], [ 8.5678165, 42.169166500000131 ], [ 8.567387565848833, 42.169022207813271 ], [ 8.56700050000012, 42.168892 ], [ 8.566588500000137, 42.16900650000008 ], [ 8.566879182572393, 42.169232722609081 ], [ 8.5671815, 42.169468 ], [ 8.566770500000132, 42.169674 ], [ 8.566812500000026, 42.170078500000102 ], [ 8.566757, 42.170124 ], [ 8.566391000000181, 42.170097500000111 ], [ 8.566299500000071, 42.170372 ], [ 8.565929500000152, 42.170307 ], [ 8.565323318228366, 42.169876985470978 ], [ 8.565274000000102, 42.169842 ], [ 8.565038499999957, 42.169899 ], [ 8.565091296258345, 42.169973062702127 ], [ 8.565324000000146, 42.170299500000112 ], [ 8.565099, 42.170582000000195 ], [ 8.564498775678373, 42.170218417643298 ], [ 8.564141500000176, 42.170002 ], [ 8.564027000000124, 42.17005150000017 ], [ 8.564037500000097, 42.1702765 ], [ 8.564164793075406, 42.170356715425044 ], [ 8.564558, 42.170604500000138 ], [ 8.564576000000102, 42.170784 ], [ 8.564465499999983, 42.170879500000126 ], [ 8.5636045, 42.170749500000056 ], [ 8.563948500000038, 42.171139 ], [ 8.563906500000087, 42.171318 ], [ 8.563781500000061, 42.17128 ], [ 8.563222714074982, 42.170746817888244 ], [ 8.562974, 42.170509500000094 ], [ 8.562797499999988, 42.170562500000187 ], [ 8.562688000000207, 42.170662000000107 ], [ 8.562564707243382, 42.171019289820549 ], [ 8.562355000000196, 42.171627000000171 ], [ 8.561630777128471, 42.171406017938011 ], [ 8.561604500000044, 42.171398 ], [ 8.561143000000243, 42.171608 ], [ 8.561378500000046, 42.172809500000142 ], [ 8.562021500000128, 42.173725 ], [ 8.563474500000098, 42.174415500000123 ], [ 8.563637400946675, 42.174424498150813 ], [ 8.565131000000179, 42.174507 ], [ 8.565201000000116, 42.174587 ], [ 8.565051000000153, 42.175007 ], [ 8.565343000000155, 42.175483500000041 ], [ 8.564844698218224, 42.175787691400672 ], [ 8.56436750000023, 42.176079000000129 ], [ 8.564396000000102, 42.176346 ], [ 8.5648005, 42.176731 ], [ 8.565361, 42.176887500000021 ], [ 8.565173, 42.177391000000114 ], [ 8.565709, 42.177315 ], [ 8.565928500000098, 42.177662000000169 ], [ 8.566866000000175, 42.178070000000162 ], [ 8.566991, 42.178104500000018 ], [ 8.567669, 42.178108000000123 ], [ 8.567923303930627, 42.177721911036485 ], [ 8.56841, 42.176983000000121 ], [ 8.569905260587234, 42.177069404961003 ], [ 8.570054000000198, 42.177078000000165 ], [ 8.57051550000017, 42.176868500000069 ], [ 8.570940000000121, 42.177440499999989 ], [ 8.572458499999982, 42.177490000000148 ], [ 8.573007500000131, 42.178093 ], [ 8.573765, 42.177822000000106 ], [ 8.575623500000063, 42.178215 ], [ 8.576362500000073, 42.178901500000052 ], [ 8.576668000000154, 42.178928500000154 ], [ 8.57762450000007, 42.17815 ], [ 8.578268999825809, 42.177940500056764 ], [ 8.579181500000118, 42.177978500000052 ], [ 8.579698443919256, 42.178189169060204 ], [ 8.58025750000013, 42.178417000000138 ], [ 8.580829727043465, 42.17838596930568 ], [ 8.582433500000036, 42.178299 ], [ 8.582496775916127, 42.178675972418546 ], [ 8.582575, 42.179142 ], [ 8.583283925986905, 42.178812906598807 ], [ 8.583322500000065, 42.17879500000015 ], [ 8.585374000000172, 42.179176500000096 ], [ 8.585154500000101, 42.179508000000169 ], [ 8.584084500000074, 42.179695000000152 ], [ 8.584035, 42.179786500000091 ], [ 8.584174000000189, 42.17997 ], [ 8.584680500000161, 42.180164500000103 ], [ 8.585498000000143, 42.179889500000115 ], [ 8.585506662619025, 42.179897553070646 ], [ 8.586237000000153, 42.180576500000086 ], [ 8.586418, 42.181244 ], [ 8.586019500000077, 42.181488000000172 ], [ 8.58648, 42.18182000000013 ], [ 8.585918660026209, 42.182136857542446 ], [ 8.585669500000108, 42.182277500000168 ], [ 8.586006999137169, 42.182616999598906 ], [ 8.586006982725962, 42.182617003922701 ], [ 8.584175, 42.183033000000137 ], [ 8.58374496608991, 42.183023213912804 ], [ 8.583010500000171, 42.18300650000009 ], [ 8.582373500000074, 42.183269500000165 ], [ 8.581072, 42.183655000000101 ], [ 8.5811665, 42.184551000000113 ], [ 8.581175676412386, 42.184554328393688 ], [ 8.581609, 42.184711500000105 ], [ 8.581421, 42.185352500000022 ], [ 8.580468, 42.185493500000121 ], [ 8.580373, 42.185722500000054 ], [ 8.580068855525667, 42.185741544037171 ], [ 8.579830000000129, 42.185756500000025 ], [ 8.579362000000117, 42.186004500000138 ], [ 8.579088, 42.186294500000145 ], [ 8.578997499999957, 42.186569000000134 ], [ 8.579008000000101, 42.186661000000129 ], [ 8.579173744341745, 42.186701672286631 ], [ 8.579442000000142, 42.18676750000003 ], [ 8.578975278572955, 42.186914553764041 ], [ 8.578739, 42.186989 ], [ 8.578202, 42.18774400000018 ], [ 8.579392500000154, 42.187534500000083 ], [ 8.5788195, 42.187839500000109 ], [ 8.579333500000075, 42.188125500000126 ], [ 8.578024057673417, 42.18862247384692 ], [ 8.57792650000016, 42.188659500000085 ], [ 8.577603500000066, 42.189041000000202 ], [ 8.577903883813008, 42.18921575367699 ], [ 8.5785085, 42.189567500000067 ], [ 8.579166500000099, 42.188946000000158 ], [ 8.579663499999981, 42.189064000000144 ], [ 8.58012500000018, 42.188854 ], [ 8.579464, 42.190017500000181 ], [ 8.5794765, 42.190243 ], [ 8.580101, 42.190429500000164 ], [ 8.580088499999988, 42.190883500000041 ], [ 8.579775, 42.191349 ], [ 8.579156000000125, 42.191208 ], [ 8.578127, 42.191894500000046 ], [ 8.579214, 42.191879500000027 ], [ 8.579223500000012, 42.191967 ], [ 8.578298500000017, 42.192470500000127 ], [ 8.578316500000085, 42.19265 ], [ 8.577574000000141, 42.193054 ], [ 8.577203000000168, 42.192989500000067 ], [ 8.577116350859853, 42.19310368251206 ], [ 8.577096, 42.193130500000166 ], [ 8.577107327932936, 42.193148227311895 ], [ 8.577315500000054, 42.193474 ], [ 8.578309, 42.193146 ], [ 8.578263500000162, 42.193283 ], [ 8.577333500000123, 42.194328499999983 ], [ 8.576816500000177, 42.194584000000191 ], [ 8.577271500000165, 42.194874 ], [ 8.577057000000195, 42.1952475 ], [ 8.577225500000054, 42.195686500000079 ], [ 8.577610000000107, 42.195900000000165 ], [ 8.577910500000087, 42.195881 ], [ 8.578189, 42.195640500000025 ], [ 8.578038, 42.19537750000012 ], [ 8.578545206042293, 42.195268430626868 ], [ 8.579175, 42.195133000000112 ], [ 8.57948887679612, 42.195642049477897 ], [ 8.579528000000153, 42.195705500000088 ], [ 8.579575883485404, 42.195676497233308 ], [ 8.580107500000167, 42.1953545 ], [ 8.580331753536768, 42.195975761885848 ], [ 8.580347, 42.196018000000151 ], [ 8.581228996460652, 42.196330999414101 ], [ 8.580656, 42.197311500000069 ], [ 8.58124842745292, 42.197523894467963 ], [ 8.581410500000118, 42.197582 ], [ 8.581252101173447, 42.197749458538112 ], [ 8.58113950000012, 42.197868500000141 ], [ 8.581255014467047, 42.197928332884203 ], [ 8.581779499999925, 42.1982 ], [ 8.581729, 42.198280500000124 ], [ 8.581260750148147, 42.198280500000124 ], [ 8.58100150000007, 42.198280500000124 ], [ 8.580891500000178, 42.198379499999987 ], [ 8.581104500000038, 42.198681 ], [ 8.580868, 42.198833500000092 ], [ 8.581145500000048, 42.199173 ], [ 8.580448000000104, 42.19944 ], [ 8.580656, 42.199699500000122 ], [ 8.580786500000045, 42.199783500000137 ], [ 8.581283933170596, 42.19970392261456 ], [ 8.581621000000155, 42.199650000000133 ], [ 8.581401, 42.201107 ], [ 8.582097, 42.2013895 ], [ 8.581362500000068, 42.202553000000137 ], [ 8.581627, 42.202766500000052 ], [ 8.581641, 42.202900000000113 ], [ 8.581386500000121, 42.203453 ], [ 8.581781500000091, 42.203747 ], [ 8.581759500000032, 42.20410900000013 ], [ 8.581369955510581, 42.204985638775554 ], [ 8.581164500000057, 42.205448 ], [ 8.581385499033502, 42.205939999765803 ], [ 8.581052000000113, 42.206218500000034 ], [ 8.579608, 42.206978000000163 ], [ 8.578272, 42.207500500000037 ], [ 8.577311500000064, 42.207695000000172 ], [ 8.576577, 42.207638 ], [ 8.576208, 42.206894000000148 ], [ 8.575721500000157, 42.20687850000013 ], [ 8.574868, 42.207504500000027 ], [ 8.574688, 42.207515500000056 ], [ 8.574126000000149, 42.207367 ], [ 8.573997500000132, 42.207287000000179 ], [ 8.574078500000098, 42.206924500000014 ], [ 8.573833500000092, 42.206890000000158 ], [ 8.574157500000069, 42.206424500000026 ], [ 8.572826500000076, 42.205864 ], [ 8.5728395000001, 42.20541 ], [ 8.571625000000154, 42.205379500000049 ], [ 8.571836500000074, 42.204513500000189 ], [ 8.571332, 42.204231500000105 ], [ 8.571145, 42.204284500000085 ], [ 8.571077499999944, 42.204784500000073 ], [ 8.570572, 42.204582000000187 ], [ 8.570274499999982, 42.204639500000155 ], [ 8.570225, 42.204735 ], [ 8.570595500000024, 42.205490000000168 ], [ 8.569262500000093, 42.204792 ], [ 8.567718500000012, 42.204513500000189 ], [ 8.56682700000016, 42.204780500000084 ], [ 8.566352000000109, 42.205440499999952 ], [ 8.566349, 42.205532 ], [ 8.56791, 42.205856500000095 ], [ 8.5681735, 42.205478500000083 ], [ 8.568418500000234, 42.20550900000012 ], [ 8.568790500000091, 42.206169 ], [ 8.569578, 42.206169 ], [ 8.569332000000145, 42.206817500000056 ], [ 8.569850000000201, 42.207695000000172 ], [ 8.569860500000175, 42.207782500000121 ], [ 8.569563, 42.207844 ], [ 8.569937, 42.208046 ], [ 8.569667000000152, 42.208919500000036 ], [ 8.569381, 42.209072000000219 ], [ 8.569381500000134, 42.20920550000011 ], [ 8.569875499999966, 42.209175 ], [ 8.56994450000002, 42.209263 ], [ 8.569795500000112, 42.209675 ], [ 8.570257, 42.210022 ], [ 8.57091250000019, 42.209938000000136 ], [ 8.570923000000164, 42.210026000000141 ], [ 8.570599500000014, 42.210403500000098 ], [ 8.570702500000039, 42.210804 ], [ 8.570584500000052, 42.210945000000152 ], [ 8.570086500000059, 42.21138 ], [ 8.56937500000015, 42.211513500000081 ], [ 8.568859, 42.211895 ], [ 8.568170500000122, 42.212833500000045 ], [ 8.5682690000001, 42.213287500000149 ], [ 8.568508000000179, 42.213276 ], [ 8.569250000000125, 42.212734000000182 ], [ 8.569362500000011, 42.212639000000138 ], [ 8.569442500000207, 42.212276499999973 ], [ 8.569726, 42.212074500000142 ], [ 8.569918500000142, 42.212066500000049 ], [ 8.57006, 42.212372 ], [ 8.570020500000055, 42.21314250000006 ], [ 8.570346, 42.213352 ], [ 8.570661500000028, 42.213470500000028 ], [ 8.57078150000001, 42.213466500000038 ], [ 8.57103450000011, 42.212997500000142 ], [ 8.571356, 42.213161500000012 ], [ 8.571803000000102, 42.212818 ], [ 8.571546500000068, 42.213241500000095 ], [ 8.572167500000091, 42.213394000000108 ], [ 8.573516, 42.212864 ], [ 8.573893500000054, 42.212433000000146 ], [ 8.574416000000156, 42.212230500000089 ], [ 8.574724, 42.212257500000021 ], [ 8.574646, 42.2126695 ], [ 8.574896, 42.212745500000096 ], [ 8.57517600000017, 42.212547500000028 ], [ 8.575237500000071, 42.212543500000038 ], [ 8.575388, 42.21280650000017 ], [ 8.575567, 42.212795500000141 ], [ 8.575968500000158, 42.212589500000149 ], [ 8.576207, 42.213127 ], [ 8.575524500000029, 42.213527500000112 ], [ 8.576155500000027, 42.213760500000035 ], [ 8.576927, 42.213623 ], [ 8.577032, 42.21402 ], [ 8.576737500000206, 42.214222 ], [ 8.577602500000012, 42.214267500000062 ], [ 8.577739000000122, 42.214527 ], [ 8.577450000000169, 42.215225 ], [ 8.576579, 42.214996499999984 ], [ 8.57599950000008, 42.215255500000069 ], [ 8.576329, 42.216186500000049 ], [ 8.576218500000095, 42.216282 ], [ 8.575143, 42.216522 ], [ 8.574696500000073, 42.216324000000213 ], [ 8.573963000000163, 42.216816 ], [ 8.57358650000009, 42.216694 ], [ 8.57366449999995, 42.216282 ], [ 8.573407000000145, 42.21616 ], [ 8.572376499999962, 42.216133 ], [ 8.572034, 42.216324000000213 ], [ 8.572192000000143, 42.216686 ], [ 8.57362350000011, 42.217052500000079 ], [ 8.573695, 42.217148 ], [ 8.573434, 42.217655 ], [ 8.572201500000062, 42.217449 ], [ 8.572425, 42.217842 ], [ 8.57181, 42.217746500000146 ], [ 8.571406500000194, 42.217945 ], [ 8.571525500000064, 42.218616500000167 ], [ 8.570839000000149, 42.218422 ], [ 8.570307, 42.218544 ], [ 8.569834000000128, 42.218075 ], [ 8.56941200000017, 42.218101500000046 ], [ 8.568207000000143, 42.218841500000167 ], [ 8.56800950000013, 42.219257500000083 ], [ 8.567136000000175, 42.219578000000183 ], [ 8.567263500000024, 42.220337 ], [ 8.568071500000087, 42.220512500000041 ], [ 8.569131000000198, 42.221359500000119 ], [ 8.568593, 42.222110500000099 ], [ 8.572006, 42.2228735 ], [ 8.572293500000058, 42.224529500000017 ], [ 8.5731735, 42.224842000000137 ], [ 8.573839000000191, 42.225395 ], [ 8.573339500000088, 42.226501500000154 ], [ 8.573847000000114, 42.227966500000207 ], [ 8.572961, 42.228283 ], [ 8.572821790221724, 42.228672488539132 ], [ 8.572681500000158, 42.229065 ], [ 8.572214680581283, 42.229090561461703 ], [ 8.571777500000167, 42.229114500000151 ], [ 8.571192500000052, 42.229423500000166 ], [ 8.57002650000004, 42.23053 ], [ 8.569582, 42.230903500000011 ], [ 8.56862650000005, 42.230465000000152 ], [ 8.56835, 42.2307055 ], [ 8.568097, 42.230621500000154 ], [ 8.567693, 42.23024 ], [ 8.567050000000165, 42.230461 ], [ 8.566925, 42.230419 ], [ 8.566644500000166, 42.230072 ], [ 8.566374000000167, 42.230491500000028 ], [ 8.565541500000052, 42.229954 ], [ 8.56455028435181, 42.230343272308062 ], [ 8.564483500000051, 42.230369500000052 ], [ 8.562765000000184, 42.230144500000279 ], [ 8.56186, 42.230877000000135 ], [ 8.561839000000134, 42.231819 ], [ 8.56102, 42.232185500000071 ], [ 8.560699500000169, 42.232021499999973 ], [ 8.560135000000173, 42.232418000000109 ], [ 8.560044499999947, 42.231556 ], [ 8.559162000000129, 42.231247 ], [ 8.558936, 42.230713 ], [ 8.55812549999996, 42.230491500000028 ], [ 8.558080500000187, 42.230087500000025 ], [ 8.557231, 42.229496 ], [ 8.557200500000022, 42.229095500000028 ], [ 8.557745000000125, 42.228523500000108 ], [ 8.557722, 42.228298000000109 ], [ 8.557585500000073, 42.228172500000198 ], [ 8.557258499999989, 42.228508 ], [ 8.557069000000126, 42.228428 ], [ 8.556854989867702, 42.227955562537716 ], [ 8.556830500000103, 42.227901500000144 ], [ 8.556724405747104, 42.227916783352498 ], [ 8.555876, 42.228039 ], [ 8.555406500000061, 42.227615500000127 ], [ 8.554819000000123, 42.2277755 ], [ 8.554719000000205, 42.227421 ], [ 8.554475641781323, 42.227248974479267 ], [ 8.554130500000042, 42.227005 ], [ 8.55381, 42.226848500000074 ], [ 8.553332501177465, 42.226909499849683 ], [ 8.55322150000012, 42.227009 ], [ 8.553335000000118, 42.227501 ], [ 8.551865684974871, 42.227468156487816 ], [ 8.551635000000147, 42.227463000000114 ], [ 8.551641883960883, 42.227553394305858 ], [ 8.551665500000013, 42.227863500000012 ], [ 8.551066441775617, 42.227772559694813 ], [ 8.550987, 42.227760500000045 ], [ 8.550405500000011, 42.227974000000131 ], [ 8.550396841940142, 42.228027586371923 ], [ 8.550368500000161, 42.228203 ], [ 8.549549586608975, 42.228350275686296 ], [ 8.549287, 42.228397500000142 ], [ 8.549304554358514, 42.228443599724528 ], [ 8.549455500000079, 42.228840000000162 ], [ 8.547662500000058, 42.229069 ], [ 8.547731500000111, 42.229831500000159 ], [ 8.5482475, 42.230125500000156 ], [ 8.547971, 42.230369500000052 ], [ 8.5482475, 42.230800500000043 ], [ 8.548027, 42.230995000000121 ], [ 8.548308500000076, 42.231384500000047 ], [ 8.548954000000151, 42.231750499999919 ], [ 8.548848, 42.231891500000074 ], [ 8.548422, 42.231872500000065 ], [ 8.547795500000063, 42.231685500000083 ], [ 8.546826500000179, 42.231685500000083 ], [ 8.546398, 42.231758 ], [ 8.546227499999986, 42.231857500000103 ], [ 8.546274, 42.232303500000057 ], [ 8.544750000000136, 42.232204500000194 ], [ 8.5444040000001, 42.232361 ], [ 8.544539500000155, 42.232624000000101 ], [ 8.544077, 42.23283 ], [ 8.544959, 42.233146499999975 ], [ 8.545093500000121, 42.233276500000102 ], [ 8.545066, 42.233593000000155 ], [ 8.544841, 42.233738 ], [ 8.544656000000202, 42.233703500000047 ], [ 8.5443105, 42.233310500000073 ], [ 8.543287500000076, 42.233371500000146 ], [ 8.543067000000178, 42.233700000000113 ], [ 8.542539500000032, 42.233864 ], [ 8.5424385, 42.234054500000127 ], [ 8.542528000000118, 42.234314000000154 ], [ 8.543744, 42.234928000000139 ], [ 8.543865, 42.235058 ], [ 8.543632500000058, 42.235702500000059 ], [ 8.543710500000088, 42.235874 ], [ 8.544491, 42.23637 ], [ 8.544453500000145, 42.236599 ], [ 8.544201, 42.236614 ], [ 8.543242500000133, 42.236038000000121 ], [ 8.542174500000044, 42.235103500000093 ], [ 8.541173000000128, 42.234791000000143 ], [ 8.540690500000153, 42.23482150000018 ], [ 8.540102000000161, 42.234993 ], [ 8.539997000000142, 42.23513400000013 ], [ 8.540245, 42.235882 ], [ 8.539573500000131, 42.235828500000025 ], [ 8.53969950000004, 42.237129 ], [ 8.540011500000105, 42.237205500000073 ], [ 8.540040000000147, 42.237472499999967 ], [ 8.540355500000146, 42.237587 ], [ 8.540369817936323, 42.237586334418154 ], [ 8.541259000000139, 42.237545000000125 ], [ 8.541476000000159, 42.237308500000097 ], [ 8.541848000000186, 42.237961 ], [ 8.541978, 42.238041000000123 ], [ 8.542985000000101, 42.238395500000138 ], [ 8.543698500000175, 42.238262000000134 ], [ 8.543750782210225, 42.23875326149863 ], [ 8.543780500000025, 42.239032500000121 ], [ 8.545986, 42.239948500000196 ], [ 8.54648, 42.239918000000159 ], [ 8.546729, 42.240097 ], [ 8.546661500000198, 42.240597 ], [ 8.547179, 42.240337500000066 ], [ 8.547353500000099, 42.240150500000027 ], [ 8.547370214596015, 42.240002494949351 ], [ 8.547384499999964, 42.239876 ], [ 8.54686450000014, 42.239544000000137 ], [ 8.546636500000091, 42.239101500000118 ], [ 8.546811000000162, 42.239048000000139 ], [ 8.547298499999954, 42.239071 ], [ 8.54854, 42.239357 ], [ 8.54877, 42.239803500000107 ], [ 8.548651500000176, 42.24039450000015 ], [ 8.548971000000165, 42.240555000000143 ], [ 8.549328, 42.24049 ], [ 8.549670000000106, 42.240288 ], [ 8.549726500000133, 42.240242 ], [ 8.549692285579169, 42.240182238811428 ], [ 8.549501500000019, 42.239849000000163 ], [ 8.550193, 42.239406500000143 ], [ 8.550156500000185, 42.239048000000139 ], [ 8.550277, 42.239036500000054 ], [ 8.550675500000125, 42.239376000000107 ], [ 8.550973, 42.239319 ], [ 8.551495500000158, 42.239113 ], [ 8.552112500000021, 42.238537000000122 ], [ 8.552599000000157, 42.238548500000036 ], [ 8.552791500000069, 42.238090499999942 ], [ 8.553263500000071, 42.237968499999965 ], [ 8.553738500000065, 42.23719 ], [ 8.553909500000032, 42.237083500000153 ], [ 8.554807500000095, 42.236988 ], [ 8.556514, 42.235729000000163 ], [ 8.557405505567544, 42.236196038150865 ], [ 8.557592500000112, 42.236294000000157 ], [ 8.557967330475549, 42.235905686414071 ], [ 8.558148500000129, 42.235718000000134 ], [ 8.558330500000238, 42.235718000000134 ], [ 8.559138500000131, 42.235897 ], [ 8.560034000000144, 42.236351 ], [ 8.560998000000154, 42.236877499999935 ], [ 8.561331000000166, 42.237137000000132 ], [ 8.561240000000112, 42.237549000000115 ], [ 8.562177500000075, 42.237804500000095 ], [ 8.562735500000031, 42.238502500000095 ], [ 8.564084, 42.237972500000126 ], [ 8.564446500000031, 42.237953000000118 ], [ 8.565243500000065, 42.238048500000048 ], [ 8.565720500000111, 42.2386515 ], [ 8.566356500000154, 42.238937500000077 ], [ 8.568532, 42.239448500000037 ], [ 8.568664500000125, 42.23944100000017 ], [ 8.56977650000016, 42.239067 ], [ 8.573006500000076, 42.238571 ], [ 8.574061499999971, 42.24005150000005 ], [ 8.574492500000076, 42.240112500000123 ], [ 8.574706, 42.239841500000068 ], [ 8.575088003839539, 42.239934281502201 ], [ 8.5759, 42.240131500000075 ], [ 8.576083, 42.240253500000051 ], [ 8.576577, 42.240909500000157 ], [ 8.576793500000235, 42.241794500000026 ], [ 8.57633, 42.243355 ], [ 8.575860118213086, 42.243288618771317 ], [ 8.5756540000001, 42.243259500000079 ], [ 8.575576, 42.243667500000072 ], [ 8.575665500000127, 42.243934500000137 ], [ 8.576709000000164, 42.244060500000103 ], [ 8.577119, 42.243362500000046 ], [ 8.578130499999986, 42.243076500000029 ], [ 8.578316500000085, 42.243110500000171 ], [ 8.57818050000003, 42.24366 ], [ 8.578536000000156, 42.244144500000118 ], [ 8.579804500000137, 42.244114 ], [ 8.579875, 42.244201500000031 ], [ 8.579344000000219, 42.244903500000191 ], [ 8.579318, 42.245220000000131 ], [ 8.579506, 42.245399500000019 ], [ 8.579814, 42.245338500000116 ], [ 8.580337499999985, 42.245125 ], [ 8.580986, 42.244278 ], [ 8.581588500000123, 42.24424 ], [ 8.582333500000118, 42.243847000000187 ], [ 8.582152500000234, 42.243171500000074 ], [ 8.582981, 42.242996000000119 ], [ 8.583347500000173, 42.243023 ], [ 8.583418000000165, 42.243107 ], [ 8.583292, 42.243744 ], [ 8.584083500000133, 42.244335 ], [ 8.585671500000103, 42.243789500000048 ], [ 8.587516000000107, 42.2445985 ], [ 8.588308500000153, 42.244644 ], [ 8.588326500000051, 42.244823500000166 ], [ 8.588624000000152, 42.244762500000093 ], [ 8.588900500000079, 42.24451850000014 ], [ 8.589236500000197, 42.244823500000166 ], [ 8.589324000000147, 42.244503000000122 ], [ 8.589804500000128, 42.244476500000076 ], [ 8.590717500000153, 42.244510500000047 ], [ 8.592401500000051, 42.24496100000016 ], [ 8.593308500000148, 42.245502500000043 ], [ 8.593644, 42.245796000000155 ], [ 8.593853, 42.246063 ], [ 8.594104, 42.246814500000028 ], [ 8.594419500000015, 42.246929000000137 ], [ 8.59446250000002, 42.247333500000025 ], [ 8.595103500000164, 42.246979 ], [ 8.595372, 42.247333500000025 ], [ 8.595647000000156, 42.246956 ], [ 8.595953, 42.246982500000115 ], [ 8.59626650000007, 42.247097000000167 ], [ 8.596234500000094, 42.247459499999934 ], [ 8.596975499999928, 42.247471 ], [ 8.597817499999962, 42.248096500000088 ], [ 8.599471, 42.248146 ], [ 8.59992050000011, 42.248386500000095 ], [ 8.599883, 42.248714500000062 ], [ 8.600357000000145, 42.248504500000081 ], [ 8.600914, 42.248604 ], [ 8.600824500000101, 42.249016 ], [ 8.60136800000015, 42.248985500000117 ], [ 8.601453, 42.249218000000155 ], [ 8.601723422858186, 42.249277754728439 ], [ 8.601763000000119, 42.249286500000153 ], [ 8.601766954121047, 42.249285353508867 ], [ 8.602539000000206, 42.249061500000153 ], [ 8.603708500000153, 42.24922550000008 ], [ 8.60367, 42.249450500000194 ], [ 8.605307500000094, 42.249454500000013 ], [ 8.605286500000147, 42.249817 ], [ 8.606455, 42.249969500000134 ], [ 8.60690588648464, 42.250182401198344 ], [ 8.608612000000164, 42.250988 ], [ 8.60961900000018, 42.250656000000106 ], [ 8.610571, 42.251735500000052 ], [ 8.609978500000068, 42.251861500000018 ], [ 8.60917400000011, 42.252945000000125 ], [ 8.608535, 42.253200500000162 ], [ 8.608559500000069, 42.2534330000002 ], [ 8.608801, 42.253414 ], [ 8.610043500000131, 42.25370050000015 ], [ 8.610245, 42.25333 ], [ 8.610783500000082, 42.253261500000065 ], [ 8.611177500000167, 42.252880000000118 ], [ 8.613504500000147, 42.252525500000047 ], [ 8.613513000000125, 42.251941500000044 ], [ 8.614292, 42.2518465 ], [ 8.615159, 42.252029500000049 ], [ 8.615562500000067, 42.251827 ], [ 8.615886500000045, 42.252029500000049 ], [ 8.616600000000119, 42.25189950000015 ], [ 8.616696500000103, 42.252216500000088 ], [ 8.617984, 42.252365000000111 ], [ 8.617947500000014, 42.252594 ], [ 8.617404, 42.253166000000135 ], [ 8.616044000000102, 42.253608500000155 ], [ 8.615718000000129, 42.253940500000112 ], [ 8.615644500000087, 42.255069500000047 ], [ 8.616404500000101, 42.254799 ], [ 8.61671750000005, 42.255459000000144 ], [ 8.618070500000101, 42.255073500000037 ], [ 8.619117, 42.255108 ], [ 8.6196605, 42.254532 ], [ 8.620514000000128, 42.254574000000105 ], [ 8.620908500000098, 42.254871500000036 ], [ 8.623603, 42.25264350000009 ], [ 8.623951, 42.252407 ], [ 8.625274499999989, 42.251739500000042 ], [ 8.625993500000163, 42.251564 ], [ 8.626361, 42.251598500000114 ], [ 8.626377534920493, 42.251605272166046 ], [ 8.627124, 42.251911 ], [ 8.627105000000142, 42.252411 ], [ 8.627675, 42.252655000000118 ], [ 8.628106000000173, 42.252716000000191 ], [ 8.628393000000131, 42.252567500000168 ], [ 8.628879500000039, 42.252582500000017 ], [ 8.6292, 42.252743000000123 ], [ 8.629381000000137, 42.252739000000133 ], [ 8.629616, 42.252548000000161 ], [ 8.631529, 42.252304 ], [ 8.631601500000215, 42.252975500000161 ], [ 8.631938, 42.252735 ], [ 8.63348400000018, 42.253006 ], [ 8.634118, 42.252701 ], [ 8.634370000000104, 42.252685500000155 ], [ 8.634917500000086, 42.252704500000164 ], [ 8.635590500000035, 42.252758000000142 ], [ 8.636467, 42.253021 ], [ 8.637049500000103, 42.253353000000175 ], [ 8.638409500000193, 42.253055500000073 ], [ 8.639374, 42.253002 ], [ 8.639623500000084, 42.253074500000025 ], [ 8.639698, 42.253204500000095 ], [ 8.639676891449596, 42.253308233448081 ], [ 8.63954050000001, 42.253978500000017 ], [ 8.640399000000173, 42.254074000000116 ], [ 8.64067, 42.254329500000097 ], [ 8.640512500000114, 42.255237500000135 ], [ 8.641551, 42.25531750000016 ], [ 8.641461500000105, 42.255592499999977 ], [ 8.641917000000149, 42.255886000000146 ], [ 8.641835000000128, 42.256923500000141 ], [ 8.642592500000092, 42.25720600000011 ], [ 8.643196000000103, 42.257168 ], [ 8.643343, 42.257427 ], [ 8.64390550045016, 42.257583499949419 ], [ 8.64546300000012, 42.257408000000112 ], [ 8.647422, 42.257480500000042 ], [ 8.64800450000007, 42.25780850000001 ], [ 8.649509500000079, 42.257725 ], [ 8.64971550000007, 42.257938500000137 ], [ 8.65006650000015, 42.257828 ], [ 8.650124500000175, 42.258362 ], [ 8.6505975, 42.258255 ], [ 8.650652447661002, 42.258451044418393 ], [ 8.650697, 42.25861 ], [ 8.651103826087933, 42.258509084129571 ], [ 8.651404500000012, 42.258434500000135 ], [ 8.652379, 42.258472500000096 ], [ 8.653607500000021, 42.258621000000119 ], [ 8.653873500000202, 42.258842500000128 ], [ 8.6542215, 42.258686 ], [ 8.6563005000001, 42.258751 ], [ 8.656902291852532, 42.259254669779182 ], [ 8.657153000000108, 42.259464500000092 ], [ 8.658875499999965, 42.259685500000103 ], [ 8.659273613132314, 42.259559582007398 ], [ 8.660938499999986, 42.259033000000102 ], [ 8.662451, 42.258903500000031 ], [ 8.665587500000072, 42.259323000000109 ], [ 8.667422499999986, 42.260029 ], [ 8.66757750000022, 42.260338 ], [ 8.668106, 42.260177500000111 ], [ 8.669932500000016, 42.260795500000086 ], [ 8.669996743064075, 42.260938397045948 ], [ 8.670171, 42.261326000000111 ], [ 8.670360500000072, 42.261402 ], [ 8.671025500000042, 42.261375500000099 ], [ 8.670754499999987, 42.261795 ], [ 8.671437500000025, 42.261932500000171 ], [ 8.671671000000174, 42.262413000000151 ], [ 8.672258500000112, 42.262245000000121 ], [ 8.672488000000101, 42.262687500000141 ], [ 8.67394250000001, 42.263241000000107 ], [ 8.675559, 42.263054 ], [ 8.675756500000148, 42.263183500000139 ], [ 8.675748000000169, 42.262455000000102 ], [ 8.676373500000068, 42.262069500000166 ], [ 8.6768495, 42.261993500000074 ], [ 8.678319000000101, 42.262008500000093 ], [ 8.680642, 42.262188 ], [ 8.680999910091316, 42.262372439901583 ], [ 8.681604500000162, 42.262684 ], [ 8.682713500000091, 42.262840499999982 ], [ 8.683060500000011, 42.262684 ], [ 8.684606500000029, 42.262958499999968 ], [ 8.685040141810134, 42.262920910937112 ], [ 8.687381, 42.262718000000177 ], [ 8.688915500000235, 42.263447 ], [ 8.689965, 42.264297500000112 ], [ 8.691523500000187, 42.266464000000155 ], [ 8.691533735889266, 42.266559636815032 ], [ 8.691557000000103, 42.266777000000104 ], [ 8.690810000000113, 42.267269000000113 ], [ 8.690822500000081, 42.268486000000109 ], [ 8.693051500000138, 42.268364000000133 ], [ 8.69219, 42.26890949999995 ], [ 8.69223625471534, 42.268972315045573 ], [ 8.692473500000062, 42.269294500000058 ], [ 8.692308500000081, 42.269439500000146 ], [ 8.691887, 42.269466500000078 ], [ 8.690853000000118, 42.270115 ], [ 8.691204, 42.270542 ], [ 8.688869501089584, 42.271484499560245 ], [ 8.68880850000005, 42.272705000000144 ], [ 8.689684153780149, 42.273143557819878 ], [ 8.689707000000169, 42.273155 ], [ 8.689705617593063, 42.273187269333732 ], [ 8.6896895000001, 42.273563500000137 ], [ 8.68999270866135, 42.273771936438152 ], [ 8.690660499999979, 42.2742310000001 ], [ 8.690553500000192, 42.274914000000138 ], [ 8.69053, 42.275364 ], [ 8.69094, 42.275791 ], [ 8.691367, 42.277035000000126 ], [ 8.690998000000207, 42.277549500000021 ], [ 8.690297000000101, 42.27790850000008 ], [ 8.690401, 42.278309 ], [ 8.689622000000213, 42.278389 ], [ 8.687191999790798, 42.282009000105063 ], [ 8.685282500000199, 42.2829665000001 ], [ 8.684856501120294, 42.28294750005 ], [ 8.682173, 42.281696499999953 ], [ 8.681041500000106, 42.281898500000182 ], [ 8.680545, 42.28178400000013 ], [ 8.680050000000108, 42.281139500000052 ], [ 8.679377500000101, 42.28109 ], [ 8.678730000000144, 42.280712 ], [ 8.677879500000131, 42.281257500000095 ], [ 8.67762950000008, 42.28185650000006 ], [ 8.677716500000145, 42.282078000000126 ], [ 8.67828100000014, 42.282268500000043 ], [ 8.677573000000166, 42.282451500000093 ], [ 8.676832, 42.282989500000042 ], [ 8.67653450000023, 42.283592 ], [ 8.673568000000103, 42.283752500000105 ], [ 8.673451500000056, 42.283802 ], [ 8.673791, 42.284145500000079 ], [ 8.673212000000149, 42.284496499999989 ], [ 8.673450500000115, 42.285019 ], [ 8.674273500000027, 42.285339500000134 ], [ 8.675127000000145, 42.285377500000095 ], [ 8.675281499999926, 42.285690500000214 ], [ 8.676095, 42.285911500000054 ], [ 8.676887500000134, 42.285957500000109 ], [ 8.67714, 42.286041500000124 ], [ 8.677164, 42.286266500000067 ], [ 8.6776, 42.286373 ], [ 8.677455, 42.286831 ], [ 8.676928500000145, 42.286998500000095 ], [ 8.676922, 42.287494500000093 ], [ 8.677034500000048, 42.288074500000107 ], [ 8.677358500000196, 42.288276500000109 ], [ 8.677553, 42.288952 ], [ 8.677623500000095, 42.2890395 ], [ 8.678000500000223, 42.28915000000012 ], [ 8.67622850000015, 42.290375 ], [ 8.675112500000012, 42.290710500000102 ], [ 8.674807500000156, 42.290683500000171 ], [ 8.674627499999986, 42.290146000000107 ], [ 8.673819500000093, 42.2899665 ], [ 8.673589, 42.290069500000186 ], [ 8.673601000000133, 42.290203 ], [ 8.674048500000083, 42.290405500000077 ], [ 8.67342, 42.29076 ], [ 8.672953500000062, 42.290378500000145 ], [ 8.671946500000047, 42.290703 ], [ 8.673037500000078, 42.291816500000095 ], [ 8.673359, 42.292652 ], [ 8.674396500000057, 42.29327400000011 ], [ 8.674756, 42.293792500000166 ], [ 8.67477150000019, 42.293926 ], [ 8.674367000000132, 42.294224 ], [ 8.674082540612858, 42.29426706378365 ], [ 8.67341250000004, 42.294368500000076 ], [ 8.673320977909839, 42.294644069252797 ], [ 8.67323, 42.294918 ], [ 8.673010238984205, 42.294797898049637 ], [ 8.672714000000155, 42.294636 ], [ 8.672293499999967, 42.294788499999981 ], [ 8.672183, 42.294883500000026 ], [ 8.672250146128931, 42.295174175882323 ], [ 8.672298500000011, 42.295383500000185 ], [ 8.671823351013018, 42.29538545735943 ], [ 8.671327500000189, 42.2953875 ], [ 8.670659464969503, 42.29596162975065 ], [ 8.670484500000043, 42.296112 ], [ 8.670132499573185, 42.296222499963903 ], [ 8.66945950000013, 42.296165500000086 ], [ 8.669054, 42.29578400000014 ], [ 8.668496000000175, 42.295681000000116 ], [ 8.66827700000016, 42.295326 ], [ 8.667764500000033, 42.295086 ], [ 8.66626, 42.294628000000216 ], [ 8.66608350000007, 42.294685500000014 ], [ 8.666173, 42.294948500000089 ], [ 8.666569500000151, 42.295238500000096 ], [ 8.665756000000158, 42.29569250000003 ], [ 8.665806, 42.296139 ], [ 8.66646750000001, 42.29665 ], [ 8.666482000000144, 42.29678350000006 ], [ 8.666049, 42.296715 ], [ 8.665904000000126, 42.2964935 ], [ 8.665297500000065, 42.297161 ], [ 8.664102500000126, 42.297321500000123 ], [ 8.664194159174428, 42.297524531546401 ], [ 8.664421000000175, 42.298027 ], [ 8.663272967813725, 42.297822905389182 ], [ 8.663048500000116, 42.297783 ], [ 8.66270942291743, 42.298005437557038 ], [ 8.662595, 42.298080500000083 ], [ 8.662451717246086, 42.298088908413035 ], [ 8.661751500000094, 42.29813 ], [ 8.66174079340874, 42.298319176613802 ], [ 8.661685, 42.299305000000118 ], [ 8.661176500000124, 42.299648500000103 ], [ 8.659893000000181, 42.298996 ], [ 8.65968451128515, 42.298985206306384 ], [ 8.659526000000142, 42.29897700000015 ], [ 8.659415, 42.299072500000079 ], [ 8.659319, 42.299301000000128 ], [ 8.659633499999984, 42.300071500000115 ], [ 8.659749301624458, 42.300106815389142 ], [ 8.660197499999924, 42.300243500000136 ], [ 8.66109100000017, 42.301319000000149 ], [ 8.660474, 42.302349000000106 ], [ 8.658694500000138, 42.302269 ], [ 8.657620303808585, 42.301609239543495 ], [ 8.657278, 42.301399 ], [ 8.656746351533229, 42.301382685877513 ], [ 8.65617, 42.301365 ], [ 8.65551100000016, 42.301986500000112 ], [ 8.655199, 42.301918000000114 ], [ 8.653160000000128, 42.300453 ], [ 8.652861500000142, 42.30050650000004 ], [ 8.652665, 42.300926000000118 ], [ 8.651989, 42.300831 ], [ 8.652684000000193, 42.301655 ], [ 8.651715499999966, 42.302334 ], [ 8.650665500000173, 42.30217 ], [ 8.649820500000033, 42.302212000000111 ], [ 8.648923, 42.302444499999979 ], [ 8.64843, 42.30292900000012 ], [ 8.646944, 42.302646500000037 ], [ 8.646617, 42.302429000000132 ], [ 8.64678, 42.301700500000095 ], [ 8.646545500000116, 42.30108650000011 ], [ 8.646404500000017, 42.300915 ], [ 8.64559550000007, 42.300728000000106 ], [ 8.645321, 42.300426500000015 ], [ 8.644019000000185, 42.300178500000072 ], [ 8.643189500000119, 42.300457 ], [ 8.643003500000191, 42.300422500000025 ], [ 8.64170613959385, 42.299745027203073 ], [ 8.64128, 42.299522500000194 ], [ 8.6399325000001, 42.2994155 ], [ 8.639736387872517, 42.299623275183592 ], [ 8.6397055, 42.299656 ], [ 8.63878550000004, 42.299564500000088 ], [ 8.638801499999943, 42.2997095 ], [ 8.6395195, 42.300071500000115 ], [ 8.640209, 42.301075000000196 ], [ 8.640398, 42.301697000000161 ], [ 8.640302499999962, 42.301925500000038 ], [ 8.6400815, 42.302120000000173 ], [ 8.6386175, 42.302150500000039 ], [ 8.637801000000138, 42.302471 ], [ 8.63765050000012, 42.303425000000118 ], [ 8.637995500000045, 42.303810000000169 ], [ 8.637445500000013, 42.304340500000194 ], [ 8.637010500000088, 42.304363500000136 ], [ 8.63682150000011, 42.303612000000157 ], [ 8.636379, 42.304123 ], [ 8.635998500000198, 42.3039665 ], [ 8.634989, 42.304161 ], [ 8.63466550000004, 42.303993000000219 ], [ 8.633890000000179, 42.304668500000162 ], [ 8.633516499999985, 42.304687499999943 ], [ 8.633270500000094, 42.304661 ], [ 8.632948, 42.304363500000136 ], [ 8.631502000000125, 42.303898 ], [ 8.630911, 42.304149500000051 ], [ 8.630253, 42.304233500000066 ], [ 8.629926499999954, 42.304031500000065 ], [ 8.629611161964306, 42.304083362318011 ], [ 8.62951, 42.3041 ], [ 8.629283000000214, 42.304245 ], [ 8.628956, 42.304584500000146 ], [ 8.628857499999981, 42.30490500000019 ], [ 8.629092, 42.30538550000017 ], [ 8.62952438072324, 42.305479647415723 ], [ 8.629898, 42.305561000000125 ], [ 8.629997500000172, 42.305916 ], [ 8.630922500000167, 42.306049500000199 ], [ 8.630701000000101, 42.306919 ], [ 8.629982000000155, 42.307007 ], [ 8.629841822271658, 42.307103341230288 ], [ 8.629699000000187, 42.307201500000133 ], [ 8.629655, 42.307342500000061 ], [ 8.62974250000002, 42.307605499999966 ], [ 8.629973863978307, 42.307778726363381 ], [ 8.630522500000097, 42.308189499999969 ], [ 8.630712500000186, 42.308819 ], [ 8.630253, 42.309059000000161 ], [ 8.630255148525976, 42.309217479364008 ], [ 8.630263500000126, 42.309833500000138 ], [ 8.630403222540338, 42.309974868755774 ], [ 8.630603, 42.310177000000124 ], [ 8.630531500000131, 42.310631 ], [ 8.629973500000119, 42.311207 ], [ 8.62949650000013, 42.311275500000079 ], [ 8.628523, 42.311912500000176 ], [ 8.627993500000116, 42.312076500000103 ], [ 8.62625050000014, 42.312217500000031 ], [ 8.625515000000178, 42.312263500000086 ], [ 8.624896000000149, 42.312156500000128 ], [ 8.623799617136342, 42.311853135198589 ], [ 8.622456500000055, 42.31148150000007 ], [ 8.620023000000174, 42.310165500000039 ], [ 8.61917700000015, 42.310215 ], [ 8.619011000000114, 42.310451500000113 ], [ 8.617732337574751, 42.310401681983535 ], [ 8.617548, 42.310394500000029 ], [ 8.617236000000162, 42.310322 ], [ 8.617139677169916, 42.310259901991174 ], [ 8.616455000000201, 42.309818500000119 ], [ 8.614415, 42.309482500000058 ], [ 8.612185500000066, 42.308380000000113 ], [ 8.611399500000061, 42.308517499999937 ], [ 8.609074501290934, 42.308330499842725 ], [ 8.608885, 42.308254 ], [ 8.608031500000095, 42.307663000000105 ], [ 8.607255, 42.30653000000018 ], [ 8.606023000000164, 42.305782500000134 ], [ 8.605135, 42.305431500000054 ], [ 8.604833500000154, 42.3054505 ], [ 8.604542, 42.305553500000201 ], [ 8.604636, 42.305866000000151 ], [ 8.605237, 42.30637 ], [ 8.604253, 42.306926500000145 ], [ 8.603887500000042, 42.307487499999979 ], [ 8.605123500000161, 42.308365000000151 ], [ 8.603527, 42.308857 ], [ 8.603199, 42.308517499999937 ], [ 8.602957000000174, 42.308529 ], [ 8.60241150000013, 42.308643500000073 ], [ 8.601657, 42.30896 ], [ 8.60155, 42.309101000000112 ], [ 8.601659, 42.309543500000132 ], [ 8.601866499999971, 42.309894500000041 ], [ 8.60219300000017, 42.310108000000128 ], [ 8.603037, 42.310058500000082 ], [ 8.603238828370934, 42.310249671384213 ], [ 8.604116499999975, 42.311081000000115 ], [ 8.604226000000153, 42.311527500000125 ], [ 8.603081500000144, 42.312271 ], [ 8.603360000000123, 42.3126145 ], [ 8.602129, 42.3131295 ], [ 8.601913500000137, 42.313366 ], [ 8.60197450000004, 42.314045 ], [ 8.601483500000086, 42.314564 ], [ 8.601833500000112, 42.314998500000115 ], [ 8.60161950000014, 42.315372500000137 ], [ 8.601564500000222, 42.315426000000116 ], [ 8.600690000000156, 42.315197 ], [ 8.59992050000011, 42.315376500000127 ], [ 8.599869, 42.315468 ], [ 8.600028000000123, 42.316498 ], [ 8.5994290000001, 42.315990500000112 ], [ 8.598360000000127, 42.315639500000032 ], [ 8.598123500000099, 42.315700500000105 ], [ 8.597433000106378, 42.316055500072252 ], [ 8.59779850000001, 42.316620000000114 ], [ 8.597748, 42.316711500000054 ], [ 8.597531797231682, 42.316742862142462 ], [ 8.597196500000109, 42.316791500000136 ], [ 8.597240500000055, 42.317192 ], [ 8.597614510421408, 42.317318323590541 ], [ 8.597806000000105, 42.317383 ], [ 8.597646650595834, 42.317541932804716 ], [ 8.597423500000048, 42.317764499999953 ], [ 8.59750750000012, 42.317985500000134 ], [ 8.597819500000128, 42.318744500000037 ], [ 8.597954, 42.318866500000013 ], [ 8.598619500000098, 42.319412 ], [ 8.599846000000127, 42.320205500000156 ], [ 8.599971, 42.320244 ], [ 8.600513520382549, 42.319855358126063 ], [ 8.600658500000065, 42.319751500000052 ], [ 8.601458500000149, 42.319851000000142 ], [ 8.601788523007826, 42.320381095435437 ], [ 8.6019715, 42.320675000000108 ], [ 8.601571, 42.321014500000103 ], [ 8.601604499999951, 42.321327 ], [ 8.60297950000006, 42.321705 ], [ 8.603516500000069, 42.322178000000122 ], [ 8.604476, 42.322078500000032 ], [ 8.60486150000014, 42.322277000000156 ], [ 8.605002500000126, 42.322452500000111 ], [ 8.604952, 42.322544 ], [ 8.604307000000119, 42.32276150000007 ], [ 8.604343500000141, 42.323211500000014 ], [ 8.604408500000147, 42.32325 ], [ 8.605138000000125, 42.323261500000058 ], [ 8.606163, 42.322525 ], [ 8.606886000000145, 42.322483000000148 ], [ 8.607074, 42.322525 ], [ 8.607092896468316, 42.322548045573512 ], [ 8.6072835, 42.322780500000022 ], [ 8.6073370000002, 42.323272500000087 ], [ 8.608238000000142, 42.323761000000161 ], [ 8.610231500000054, 42.324249500000064 ], [ 8.610931500000049, 42.324657500000114 ], [ 8.612312500000087, 42.324402 ], [ 8.612653, 42.325416500000188 ], [ 8.613938499999961, 42.325531 ], [ 8.616301499999906, 42.326626 ], [ 8.617336500000135, 42.326652500000137 ], [ 8.61768550000005, 42.326408500000014 ], [ 8.618298500000151, 42.326469500000087 ], [ 8.618823000000191, 42.326259500000106 ], [ 8.619008000000235, 42.326294000000132 ], [ 8.619143500000064, 42.32642 ], [ 8.619624, 42.327617500000031 ], [ 8.620010500000205, 42.327816 ], [ 8.620493, 42.327793 ], [ 8.621144342677042, 42.327620125990848 ], [ 8.621555499999943, 42.327511000000129 ], [ 8.622196, 42.3278315 ], [ 8.62439350000011, 42.329071 ], [ 8.625594000000149, 42.330181 ], [ 8.626627000000155, 42.330745500000035 ], [ 8.626868610542431, 42.331173441887131 ], [ 8.627075000000104, 42.331539000000134 ], [ 8.628219498216652, 42.332011999559654 ], [ 8.6279965, 42.332294499999932 ], [ 8.627271500000063, 42.332340000000158 ], [ 8.627722000000176, 42.332580500000176 ], [ 8.627747500000169, 42.33280550000012 ], [ 8.627228000000173, 42.333061000000157 ], [ 8.627686500000095, 42.333492500000148 ], [ 8.627228500000058, 42.3337365000001 ], [ 8.627323, 42.334057000000143 ], [ 8.626603000000159, 42.334137000000169 ], [ 8.626172, 42.334743500000059 ], [ 8.62663150000003, 42.335079000000121 ], [ 8.626379, 42.335544500000083 ], [ 8.626998000000128, 42.335651500000097 ], [ 8.626597500000059, 42.335991 ], [ 8.627314500000068, 42.336445 ], [ 8.627043000000128, 42.336731 ], [ 8.627095000000168, 42.337223 ], [ 8.627562500000124, 42.338283500000045 ], [ 8.627706500000158, 42.338501000000122 ], [ 8.62803150000002, 42.338707000000113 ], [ 8.628569575688573, 42.338627137189178 ], [ 8.628570500000023, 42.338627 ], [ 8.628925500000094, 42.339111500000172 ], [ 8.628639000000192, 42.339939 ], [ 8.628356, 42.340137499999969 ], [ 8.628355228098599, 42.340137747480071 ], [ 8.627701, 42.340347500000121 ], [ 8.62676149999993, 42.340088000000151 ], [ 8.6260635000001, 42.340355 ], [ 8.6255665, 42.339702500000044 ], [ 8.625179500000115, 42.339496500000223 ], [ 8.624933000000169, 42.33947 ], [ 8.624450500000023, 42.339485000000195 ], [ 8.6234905, 42.339588000000163 ], [ 8.623338500000045, 42.339866500000142 ], [ 8.622750500000052, 42.340038500000162 ], [ 8.6219435000001, 42.339988500000118 ], [ 8.620011500000089, 42.340633499999967 ], [ 8.619267500000205, 42.340500000000134 ], [ 8.618886, 42.341015000000141 ], [ 8.618094499999927, 42.340423500000043 ], [ 8.6182510000001, 42.3413240000001 ], [ 8.617712, 42.341392500000097 ], [ 8.617759500000091, 42.341930499999989 ], [ 8.617347000000109, 42.342041000000108 ], [ 8.618107, 42.342907000000139 ], [ 8.618115500000101, 42.343086 ], [ 8.617661500000168, 42.343384000000185 ], [ 8.616781000000174, 42.343113 ], [ 8.616369000000191, 42.343227500000012 ], [ 8.616588500000205, 42.344249500000046 ], [ 8.617565000000184, 42.345417000000168 ], [ 8.617817, 42.346176000000128 ], [ 8.617674000000136, 42.347217500000113 ], [ 8.617588000000126, 42.347538 ], [ 8.617426, 42.34773250000012 ], [ 8.616756500000065, 42.347717500000101 ], [ 8.616742144501757, 42.348271290951004 ], [ 8.616730500000074, 42.348720500000127 ], [ 8.616620000000182, 42.348816 ], [ 8.616038809245424, 42.348763891200974 ], [ 8.615638500000102, 42.348728 ], [ 8.614870000036717, 42.349582498944528 ], [ 8.613443500000074, 42.349296500000037 ], [ 8.612908500000174, 42.348835 ], [ 8.612827500000094, 42.348659500000053 ], [ 8.612871, 42.3483885 ], [ 8.613935500000082, 42.347561 ], [ 8.614049, 42.347374000000116 ], [ 8.614029000000187, 42.347194500000171 ], [ 8.613280500000087, 42.347004 ], [ 8.612656500000128, 42.346275500000161 ], [ 8.612469500000088, 42.346241000000134 ], [ 8.612288500000034, 42.346252500000048 ], [ 8.612045500000022, 42.34680950000012 ], [ 8.611806000000115, 42.346958000000143 ], [ 8.611257500000022, 42.346935500000086 ], [ 8.611915500000123, 42.347400500000163 ], [ 8.611813500000039, 42.347587500000031 ], [ 8.6113795, 42.34751150000011 ], [ 8.611452, 42.348282 ], [ 8.610349500000041, 42.3482055 ], [ 8.609827, 42.348415500000101 ], [ 8.60939500000012, 42.348350500000095 ], [ 8.609295000000202, 42.347984500000166 ], [ 8.607836, 42.348526 ], [ 8.608185000000162, 42.349628500000108 ], [ 8.607909, 42.350006000000121 ], [ 8.607734500000049, 42.350063500000033 ], [ 8.606688500000189, 42.349945 ], [ 8.60597300000012, 42.349392 ], [ 8.604091500000038, 42.349495000000104 ], [ 8.602324500000066, 42.351352500000132 ], [ 8.602382500000033, 42.351890500000081 ], [ 8.600772000000177, 42.352833 ], [ 8.600244500000088, 42.353000500000064 ], [ 8.59903550000007, 42.353061500000138 ], [ 8.598409500000116, 42.352875000000154 ], [ 8.595636500000012, 42.353164500000105 ], [ 8.594358499999942, 42.353142 ], [ 8.592956420885116, 42.352839377982093 ], [ 8.592679, 42.352779500000054 ], [ 8.592506897633768, 42.352839744820074 ], [ 8.592200500000104, 42.352947 ], [ 8.591581500000075, 42.352840500000127 ], [ 8.589673, 42.351906 ], [ 8.587487, 42.349540499999932 ], [ 8.585889000000122, 42.349354000000176 ], [ 8.58578000000017, 42.348915 ], [ 8.585145, 42.348636500000111 ], [ 8.583908000000179, 42.349102 ], [ 8.58329, 42.349003 ], [ 8.581774003712439, 42.348457500846848 ], [ 8.581559000000141, 42.347469499999988 ], [ 8.581772, 42.346512 ], [ 8.580342500000029, 42.345638500000064 ], [ 8.580788499999983, 42.345161500000017 ], [ 8.580882, 42.344887000000199 ], [ 8.580797000000189, 42.344665500000019 ], [ 8.580230000000142, 42.343799500000102 ], [ 8.579789, 42.343647 ], [ 8.579413500000101, 42.343662500000164 ], [ 8.579426, 42.344333500000062 ], [ 8.579382587620046, 42.344371420452433 ], [ 8.579260000000204, 42.34447850000015 ], [ 8.578818500000068, 42.344322 ], [ 8.578783000000158, 42.344009500000084 ], [ 8.5779675, 42.343746000000124 ], [ 8.577734, 42.3431625 ], [ 8.578081000000168, 42.343010000000163 ], [ 8.577963000000182, 42.342476 ], [ 8.577254499999981, 42.342651499999988 ], [ 8.577784500000121, 42.34180850000007 ], [ 8.577315500000054, 42.340839499999959 ], [ 8.5772505, 42.340797500000065 ], [ 8.576792, 42.341049000000112 ], [ 8.576038500000095, 42.340824000000111 ], [ 8.575595, 42.341209500000048 ], [ 8.574709, 42.340984500000104 ], [ 8.574706, 42.340851 ], [ 8.575589, 42.3400345 ], [ 8.575579499999947, 42.339943 ], [ 8.574575500000037, 42.339504000000147 ], [ 8.574445, 42.338871 ], [ 8.573849500000165, 42.338413000000116 ], [ 8.572744500000226, 42.33829100000014 ], [ 8.573240500000054, 42.337810499999989 ], [ 8.572918001403309, 42.337517001563981 ], [ 8.572320000000104, 42.337730500000134 ], [ 8.571163, 42.337696000000108 ], [ 8.570882, 42.337898500000165 ], [ 8.568077, 42.337784000000113 ], [ 8.567887500000154, 42.337703500000032 ], [ 8.567788000000121, 42.337337499999933 ], [ 8.567296, 42.33727650000003 ], [ 8.567281500000092, 42.337143 ], [ 8.567938, 42.336475500000063 ], [ 8.5674360000001, 42.336323 ], [ 8.56757250000004, 42.3357775 ], [ 8.567217, 42.33530049999996 ], [ 8.566159000000141, 42.336300000000108 ], [ 8.565987500000176, 42.336399 ], [ 8.565802500000132, 42.336364500000116 ], [ 8.566182, 42.335262500000056 ], [ 8.565500500000212, 42.335125 ], [ 8.565369500000031, 42.335041 ], [ 8.565338, 42.334762500000068 ], [ 8.565908500000205, 42.334423 ], [ 8.565838, 42.334202 ], [ 8.565181, 42.334411499999987 ], [ 8.564918499999976, 42.334114 ], [ 8.56436350000007, 42.334148500000083 ], [ 8.564351, 42.333923500000083 ], [ 8.564915500000097, 42.333526500000119 ], [ 8.564881500000126, 42.333214000000169 ], [ 8.564617000000112, 42.333004 ], [ 8.563353500000176, 42.332527 ], [ 8.562567000000115, 42.332565499999987 ], [ 8.562047999974766, 42.332821000033903 ], [ 8.561943, 42.332962000000123 ], [ 8.562431500000116, 42.33424750000006 ], [ 8.561315500000148, 42.333450500000026 ], [ 8.561069500000031, 42.33342000000016 ], [ 8.56076800000011, 42.333439 ], [ 8.560760500000072, 42.333935 ], [ 8.560602, 42.334167500000035 ], [ 8.560362000000111, 42.334182500000054 ], [ 8.560319000000106, 42.3337745 ], [ 8.560192, 42.3337365000001 ], [ 8.559808, 42.334114 ], [ 8.559344500000122, 42.33374 ], [ 8.558662837807503, 42.332970238505993 ], [ 8.558652, 42.332958000000133 ], [ 8.558433500000092, 42.331936000000155 ], [ 8.557789, 42.332245000000114 ], [ 8.557496019568816, 42.333021678954708 ], [ 8.557163000000116, 42.333904500000131 ], [ 8.556090500000209, 42.333507499999939 ], [ 8.554417500000113, 42.333191 ], [ 8.554130500000042, 42.333343500000069 ], [ 8.553722255982052, 42.333188049418936 ], [ 8.553308500000014, 42.33303050000012 ], [ 8.553132, 42.333076500000175 ], [ 8.552963500000089, 42.333221500000093 ], [ 8.552814500000011, 42.333633500000076 ], [ 8.552873199914131, 42.333922659887776 ], [ 8.552943, 42.334266500000069 ], [ 8.552787383508758, 42.334589005002158 ], [ 8.55269450000003, 42.33478150000019 ], [ 8.55275027815992, 42.334877119702753 ], [ 8.552768, 42.334907500000156 ], [ 8.553934, 42.335022 ], [ 8.554504500000235, 42.334682499999985 ], [ 8.555363500000055, 42.335354000000166 ], [ 8.555508499999974, 42.335567500000025 ], [ 8.555550500000095, 42.336067 ], [ 8.55533400000013, 42.336891000000151 ], [ 8.554757, 42.33727650000003 ], [ 8.55488, 42.337864 ], [ 8.555346500000098, 42.338241500000152 ], [ 8.556739000000221, 42.338215000000105 ], [ 8.557064, 42.338421 ], [ 8.557278500000052, 42.339397500000018 ], [ 8.558844500000134, 42.339855 ], [ 8.558902000000103, 42.340393000000176 ], [ 8.558469000000173, 42.341003500000056 ], [ 8.558366000000149, 42.341736 ], [ 8.558309500000121, 42.341785500000071 ], [ 8.557400500000028, 42.341789 ], [ 8.557105, 42.341984 ], [ 8.556892500000117, 42.34227 ], [ 8.556976500000133, 42.342483500000128 ], [ 8.5573875, 42.342914500000063 ], [ 8.557708000000105, 42.343082500000094 ], [ 8.558259, 42.343139500000063 ], [ 8.559014499999989, 42.344051500000205 ], [ 8.559780000000103, 42.34441 ], [ 8.559850500000096, 42.344497500000159 ], [ 8.559684000000175, 42.344642500000077 ], [ 8.55932150000001, 42.344665500000019 ], [ 8.55943, 42.345104 ], [ 8.559366000000125, 42.345203500000082 ], [ 8.559191, 42.345257000000117 ], [ 8.558498500000098, 42.345020500000089 ], [ 8.557860500000061, 42.34474200000011 ], [ 8.557523, 42.344307 ], [ 8.557342500000061, 42.344322 ], [ 8.557237500000042, 42.344463499999961 ], [ 8.557399, 42.344944000000112 ], [ 8.55692, 42.345020500000089 ], [ 8.5570795000001, 42.345371000000114 ], [ 8.556446000000108, 42.345131000000151 ], [ 8.5557215, 42.345173 ], [ 8.555691, 42.345443500000044 ], [ 8.55550600000015, 42.345543000000134 ], [ 8.555316, 42.345463000000109 ], [ 8.555194, 42.345340500000077 ], [ 8.554623500000105, 42.344555 ], [ 8.55450650000023, 42.344021 ], [ 8.5542335, 42.343628000000137 ], [ 8.553698500000166, 42.343158500000186 ], [ 8.553401, 42.343216000000155 ], [ 8.552712500000098, 42.343708 ], [ 8.552616000000114, 42.343944500000021 ], [ 8.552775500000166, 42.344291500000168 ], [ 8.553121500000032, 42.344688500000132 ], [ 8.55409550000013, 42.345394 ], [ 8.554446, 42.345833000000141 ], [ 8.554398500000161, 42.345970000000136 ], [ 8.554170500000112, 42.34611150000012 ], [ 8.55300050000011, 42.345955000000117 ], [ 8.552644, 42.346019500000125 ], [ 8.552278500000057, 42.346122500000092 ], [ 8.552182, 42.346355500000016 ], [ 8.551271500000098, 42.346359500000176 ], [ 8.551793, 42.347374000000116 ], [ 8.553282500000023, 42.348243500000081 ], [ 8.553365500000154, 42.348465000000147 ], [ 8.5532655, 42.348648000000196 ], [ 8.552902, 42.348663500000043 ], [ 8.552791500000069, 42.348758500000088 ], [ 8.552752500000054, 42.349087000000111 ], [ 8.551825500000064, 42.349491000000114 ], [ 8.55191050000002, 42.349712499999953 ], [ 8.553434500000151, 42.350353 ], [ 8.5530245, 42.3505975 ], [ 8.553066500000114, 42.351001500000052 ], [ 8.55326250000013, 42.351127500000189 ], [ 8.553558500000122, 42.351063 ], [ 8.553732, 42.350971000000186 ], [ 8.554187, 42.350582000000145 ], [ 8.55444250000005, 42.3501205 ], [ 8.554970500000081, 42.349952500000086 ], [ 8.555105, 42.350078500000052 ], [ 8.555069, 42.350307499999985 ], [ 8.554579, 42.351509000000135 ], [ 8.554928, 42.351936500000136 ], [ 8.555165500000044, 42.351886500000091 ], [ 8.555186500000161, 42.3515165 ], [ 8.5554295, 42.351513 ], [ 8.555637500000159, 42.351768500000105 ], [ 8.5563565, 42.351681000000156 ], [ 8.557402500000194, 42.35181050000017 ], [ 8.557663000000105, 42.351974500000097 ], [ 8.557672499999967, 42.352062 ], [ 8.557022000000188, 42.3522375 ], [ 8.55742, 42.352531500000168 ], [ 8.557369000000108, 42.352623000000108 ], [ 8.556773, 42.352745 ], [ 8.556479500000023, 42.352943500000151 ], [ 8.556434500000023, 42.35308450000008 ], [ 8.556518500000095, 42.353302 ], [ 8.557160500000066, 42.353626499999962 ], [ 8.556942000000106, 42.353863 ], [ 8.556881, 42.353866499999924 ], [ 8.554726500000129, 42.353576500000088 ], [ 8.553723500000103, 42.35453050000001 ], [ 8.553619500000195, 42.354805000000169 ], [ 8.553567000000101, 42.35544950000002 ], [ 8.554306000000167, 42.35554100000013 ], [ 8.554384, 42.355716500000085 ], [ 8.554097, 42.355865500000164 ], [ 8.553313500000115, 42.355911500000047 ], [ 8.553255, 42.356052500000146 ], [ 8.553353500000014, 42.356407 ], [ 8.553479, 42.3564455 ], [ 8.554212500000062, 42.356491 ], [ 8.555133000000183, 42.355903500000068 ], [ 8.55537900000013, 42.355934000000104 ], [ 8.555515500000013, 42.356064 ], [ 8.555524, 42.35615150000001 ], [ 8.555073, 42.356582499999945 ], [ 8.554881000000137, 42.357631500000082 ], [ 8.556376500000056, 42.358001500000114 ], [ 8.5568915, 42.358379500000126 ], [ 8.556228500000032, 42.359001 ], [ 8.557854500000133, 42.360130500000082 ], [ 8.557865000000106, 42.360222 ], [ 8.55769800000013, 42.36036300000012 ], [ 8.556495499999926, 42.3604815 ], [ 8.556774, 42.3615 ], [ 8.555613500000163, 42.361423500000114 ], [ 8.555235, 42.361854500000049 ], [ 8.554704500000071, 42.361431 ], [ 8.553673, 42.362114 ], [ 8.553821500000026, 42.3623885 ], [ 8.553292500000111, 42.362541 ], [ 8.553683500000147, 42.3628005 ], [ 8.554731500000173, 42.362377000000151 ], [ 8.554808500000149, 42.363094499999988 ], [ 8.55528750000019, 42.363701000000106 ], [ 8.554994500000078, 42.363811500000168 ], [ 8.555065, 42.363899000000117 ], [ 8.555897000000186, 42.364296000000138 ], [ 8.555885500000102, 42.364750000000186 ], [ 8.555130000000133, 42.36519600000014 ], [ 8.554393, 42.365104500000029 ], [ 8.554073500000072, 42.365532 ], [ 8.553399, 42.365471 ], [ 8.552645500000096, 42.365246 ], [ 8.551733, 42.364658500000075 ], [ 8.551640500000076, 42.364353 ], [ 8.551338, 42.364368500000069 ], [ 8.550540000000126, 42.364856499999973 ], [ 8.55, 42.3650245 ], [ 8.549442500000112, 42.36492149999998 ], [ 8.548543000000109, 42.365604500000188 ], [ 8.547639, 42.365783500000077 ], [ 8.548590500000103, 42.366729500000019 ], [ 8.548107, 42.367428 ], [ 8.547766500000137, 42.367092 ], [ 8.547409, 42.367145500000163 ], [ 8.547099000000173, 42.367660500000113 ], [ 8.546283500000186, 42.367981 ], [ 8.5458135, 42.367557499999975 ], [ 8.54545400000012, 42.367614500000059 ], [ 8.545624500000031, 42.366928 ], [ 8.545101, 42.3671415 ], [ 8.544399500000111, 42.366821500000015 ], [ 8.544060500000114, 42.367065500000137 ], [ 8.5436085, 42.366813500000035 ], [ 8.543204500000172, 42.367019500000197 ], [ 8.54322250000007, 42.367283000000157 ], [ 8.5438145, 42.36771 ], [ 8.543824, 42.367801500000098 ], [ 8.543279500000153, 42.36782050000005 ], [ 8.543146, 42.368278500000088 ], [ 8.543755500000088, 42.369556500000158 ], [ 8.545656000000122, 42.369728000000123 ], [ 8.546248500000161, 42.37015150000019 ], [ 8.546262500000068, 42.370289 ], [ 8.545802, 42.370529000000147 ], [ 8.545551500000045, 42.371132 ], [ 8.545226, 42.372192499999926 ], [ 8.545400500000142, 42.372680500000172 ], [ 8.544532, 42.373081000000127 ], [ 8.544347, 42.373729500000138 ], [ 8.544431500000087, 42.373951000000147 ], [ 8.545524500000113, 42.374515500000143 ], [ 8.545537, 42.374649 ], [ 8.544771, 42.374965500000087 ], [ 8.54461850000007, 42.375244 ], [ 8.546492500000056, 42.376316 ], [ 8.546018500000116, 42.376522 ], [ 8.545914500000208, 42.376709 ], [ 8.546136, 42.377056 ], [ 8.545806000000141, 42.37738800000011 ], [ 8.545891, 42.3776095 ], [ 8.5462950000001, 42.378093500000034 ], [ 8.546619500000077, 42.378296 ], [ 8.5472, 42.378036500000121 ], [ 8.547952500000065, 42.378273000000149 ], [ 8.547290000000146, 42.378887 ], [ 8.547319499999958, 42.379158 ], [ 8.547589500000072, 42.379421 ], [ 8.547830500000089, 42.379406000000131 ], [ 8.548160500000051, 42.379074 ], [ 8.548844499999973, 42.3792115 ], [ 8.549629, 42.379177000000197 ], [ 8.550283500000205, 42.379047500000127 ], [ 8.550875500000188, 42.378788000000156 ], [ 8.551198, 42.3784105000002 ], [ 8.550421500000084, 42.37796 ], [ 8.550472500000069, 42.377865000000156 ], [ 8.551416500000187, 42.377491000000134 ], [ 8.550544000000116, 42.377277500000218 ], [ 8.550534, 42.377186000000108 ], [ 8.551471, 42.376858000000141 ], [ 8.5515635000001, 42.376583 ], [ 8.551165500000195, 42.376159500000085 ], [ 8.552611499746774, 42.375488499821984 ], [ 8.550942500000019, 42.373283499999957 ], [ 8.550984500000141, 42.373096500000145 ], [ 8.551687, 42.372875000000136 ], [ 8.551820626269887, 42.372851339908607 ], [ 8.55313, 42.372619500000098 ], [ 8.55336, 42.371929 ], [ 8.553793000000155, 42.371998 ], [ 8.553638499999977, 42.371013500000117 ], [ 8.554994500000078, 42.371753500000068 ], [ 8.555336000000125, 42.37155150000001 ], [ 8.555536500000017, 42.371723 ], [ 8.555713500000081, 42.37167 ], [ 8.556017000000168, 42.371105 ], [ 8.557325500000047, 42.370727500000044 ], [ 8.558369500000083, 42.370846 ], [ 8.558621500000186, 42.370922000000178 ], [ 8.558908500000086, 42.371452500000032 ], [ 8.559293499999967, 42.371658500000024 ], [ 8.559786000000258, 42.371715500000107 ], [ 8.560198, 42.371464 ], [ 8.560321000000101, 42.370918500000073 ], [ 8.561191500000177, 42.370426 ], [ 8.56134800000018, 42.370193500000084 ], [ 8.561631000000148, 42.36931600000014 ], [ 8.561687500000176, 42.369270500000141 ], [ 8.562402, 42.369137 ], [ 8.56265250000007, 42.369213 ], [ 8.563256499999966, 42.369861500000013 ], [ 8.563328, 42.370537000000127 ], [ 8.563750632837184, 42.370740320662264 ], [ 8.564160500000185, 42.370937500000196 ], [ 8.56485750000013, 42.370636000000104 ], [ 8.56546, 42.3705980000002 ], [ 8.566577000000109, 42.370811500000059 ], [ 8.567404000000124, 42.370495 ], [ 8.56812, 42.369686000000229 ], [ 8.568350949682895, 42.369608782353339 ], [ 8.568941000000109, 42.369411500000069 ], [ 8.569183500091412, 42.369404000100701 ], [ 8.569457, 42.369705 ], [ 8.569782500000088, 42.370586500000115 ], [ 8.570496500000047, 42.371002000000203 ], [ 8.570681500000035, 42.371036500000059 ], [ 8.571163, 42.37101 ], [ 8.571875106506695, 42.370125941266224 ], [ 8.571925, 42.370064 ], [ 8.572418000000198, 42.370136500000172 ], [ 8.572682500000042, 42.370342500000163 ], [ 8.572698499999944, 42.370476 ], [ 8.572192000000143, 42.370960000000139 ], [ 8.571704, 42.373325500000078 ], [ 8.57201600000019, 42.3734015 ], [ 8.572764500000119, 42.372455500000058 ], [ 8.573914500000228, 42.372982 ], [ 8.574378, 42.37335950000022 ], [ 8.574334000000135, 42.373497 ], [ 8.573195500000054, 42.374328500000104 ], [ 8.573528500000066, 42.375164000000154 ], [ 8.573781, 42.37525200000016 ], [ 8.575623500000063, 42.3741950000001 ], [ 8.576461, 42.374649 ], [ 8.57766150000009, 42.373951000000147 ], [ 8.578028500000073, 42.373981500000014 ], [ 8.578279500000235, 42.374058000000105 ], [ 8.5779245, 42.37471 ], [ 8.578154389616486, 42.375020797369757 ], [ 8.578336500000148, 42.375267000000122 ], [ 8.578305, 42.375541500000111 ], [ 8.578044661877584, 42.375865216317152 ], [ 8.578038, 42.375873500000068 ], [ 8.577444, 42.375999499999978 ], [ 8.577605, 42.376484000000119 ], [ 8.576915000000156, 42.376838500000133 ], [ 8.577064500000063, 42.377102 ], [ 8.576735500000041, 42.377434 ], [ 8.577614, 42.377697000000126 ], [ 8.577760499999954, 42.378052 ], [ 8.57595050000009, 42.378151 ], [ 8.576566500000069, 42.378799500000014 ], [ 8.576130032987351, 42.379308050747341 ], [ 8.575961, 42.379505000000165 ], [ 8.575794087536849, 42.379566850387164 ], [ 8.573964, 42.380245 ], [ 8.572998, 42.380977500000142 ], [ 8.573408001503765, 42.381404999727124 ], [ 8.586493500000074, 42.379028500000175 ], [ 8.588649, 42.375908 ], [ 8.589938688574648, 42.375594146402364 ], [ 8.591283, 42.375267000000122 ] ] ] ] } },
{ "type": "Feature", "properties": { "ADM_ID": "FR942A4", "SHAPE_Leng": 1.2925412677200001, "SHAPE_Area": 0.01508956349 }, "geometry": { "type": "MultiPolygon", "coordinates": [ [ [ [ 9.257735500000194, 41.3450775 ], [ 9.257116499999938, 41.343769000000123 ], [ 9.257122, 41.34322 ], [ 9.256153, 41.343105500000092 ], [ 9.25610550000016, 41.342697 ], [ 9.256954000000178, 41.342289 ], [ 9.256328499999938, 41.342052500000023 ], [ 9.256207500000073, 41.341923000000122 ], [ 9.256111, 41.341614000000163 ], [ 9.256305500000167, 41.341243500000019 ], [ 9.256413500000065, 41.341144500000041 ], [ 9.257473000000118, 41.340904 ], [ 9.258062500000051, 41.341358 ], [ 9.25856, 41.341514500000073 ], [ 9.258721500000036, 41.341369500000155 ], [ 9.2587575, 41.341179 ], [ 9.258526, 41.340111 ], [ 9.258003000000144, 41.339733000000138 ], [ 9.25794100000013, 41.339195500000073 ], [ 9.258157500000095, 41.339000500000054 ], [ 9.258645000000115, 41.338978 ], [ 9.25952650000005, 41.339370500000143 ], [ 9.259227, 41.339973500000099 ], [ 9.259673, 41.340225000000146 ], [ 9.25971200000015, 41.340538 ], [ 9.260848, 41.340561 ], [ 9.261043499999971, 41.340191 ], [ 9.261539499999969, 41.340244500000153 ], [ 9.261642500000164, 41.34010300000017 ], [ 9.261422, 41.339252500000157 ], [ 9.261299097948836, 41.339274339212693 ], [ 9.261014, 41.339325 ], [ 9.260267500000054, 41.339061499999957 ], [ 9.260952, 41.338699500000018 ], [ 9.261054001005903, 41.338682897708793 ], [ 9.261422, 41.338623 ], [ 9.261626000000206, 41.338341 ], [ 9.260786740482331, 41.338037973442795 ], [ 9.260442000000126, 41.337913500000013 ], [ 9.260494330116217, 41.337332360289452 ], [ 9.260499, 41.337280500000077 ], [ 9.261086499999976, 41.3371965 ], [ 9.260764000000108, 41.335869 ], [ 9.260296000000153, 41.335438 ], [ 9.25987050000009, 41.335376500000052 ], [ 9.260055500000135, 41.334919 ], [ 9.259783500000026, 41.334022500000117 ], [ 9.258961500000225, 41.333633500000076 ], [ 9.258437000000129, 41.333744 ], [ 9.257092500000113, 41.334598500000027 ], [ 9.257124335943786, 41.334712765224822 ], [ 9.257277500000157, 41.335262500000056 ], [ 9.257011500000146, 41.335548500000073 ], [ 9.257923, 41.335678000000144 ], [ 9.257472000000234, 41.335891500000059 ], [ 9.257424500000013, 41.3366125 ], [ 9.257922000000178, 41.337299500000029 ], [ 9.257087000000183, 41.337398500000063 ], [ 9.257198500000186, 41.337845 ], [ 9.2565935, 41.338291 ], [ 9.256230500000015, 41.338356 ], [ 9.255482500000141, 41.33799 ], [ 9.254802, 41.337272500000097 ], [ 9.253827000000115, 41.337105000000122 ], [ 9.253595500000131, 41.337162 ], [ 9.253611500000204, 41.337299500000029 ], [ 9.254174, 41.33762 ], [ 9.253765, 41.33769250000006 ], [ 9.253259500000013, 41.337459500000136 ], [ 9.252811500000121, 41.3377 ], [ 9.252826500000083, 41.337845 ], [ 9.253801500000122, 41.338005000000123 ], [ 9.253284500000177, 41.338176500000088 ], [ 9.253071, 41.338505000000112 ], [ 9.253868000000125, 41.339184000000159 ], [ 9.253082499999948, 41.339721500000053 ], [ 9.252409, 41.339584500000058 ], [ 9.25192850000002, 41.340065 ], [ 9.251394500000117, 41.340191 ], [ 9.250231, 41.339943 ], [ 9.249775000000227, 41.339515500000061 ], [ 9.249521500000014, 41.339489 ], [ 9.249367500000062, 41.339721500000053 ], [ 9.248831392591626, 41.339584559520802 ], [ 9.248815500000035, 41.339580500000125 ], [ 9.24876, 41.339626500000179 ], [ 9.248807, 41.340030500000012 ], [ 9.24888411281097, 41.34008798195805 ], [ 9.249135, 41.340275 ], [ 9.249024825129879, 41.340611184970896 ], [ 9.24886250000003, 41.34110650000008 ], [ 9.249189189280457, 41.341222331311201 ], [ 9.249734, 41.341415500000039 ], [ 9.2501375, 41.341301000000158 ], [ 9.250326000000143, 41.341381 ], [ 9.250354, 41.341614000000163 ], [ 9.250186, 41.341701500000113 ], [ 9.249310070989736, 41.341671799238782 ], [ 9.249286500000096, 41.341671 ], [ 9.249411500000178, 41.342338500000039 ], [ 9.249502526319816, 41.342387395493745 ], [ 9.249795, 41.342544500000031 ], [ 9.249752, 41.343315000000189 ], [ 9.251585, 41.343559500000197 ], [ 9.251732000000118, 41.343281 ], [ 9.252028500000165, 41.34326150000004 ], [ 9.252221, 41.343387499999949 ], [ 9.252343, 41.343925500000068 ], [ 9.253857500000152, 41.344105 ], [ 9.25375183854635, 41.344347287443782 ], [ 9.253332000000171, 41.34531 ], [ 9.253410500000086, 41.3454855 ], [ 9.253603, 41.345604000000208 ], [ 9.254455500000063, 41.345737500000098 ], [ 9.254661500000225, 41.345455 ], [ 9.256108500000209, 41.344955500000196 ], [ 9.256423000000154, 41.345615500000122 ], [ 9.256442991832841, 41.345619702364957 ], [ 9.256913000000168, 41.345718500000089 ], [ 9.25694250000015, 41.346580500000186 ], [ 9.257201, 41.346744500000113 ], [ 9.257216500000084, 41.346878000000117 ], [ 9.257152043083977, 41.347027669530576 ], [ 9.256878000000142, 41.347664000000123 ], [ 9.257045500000117, 41.348060500000088 ], [ 9.257787500000234, 41.348289500000192 ], [ 9.258612500000083, 41.348186500000054 ], [ 9.259192500000154, 41.347431 ], [ 9.259036, 41.346496500000171 ], [ 9.25867666690192, 41.346401260093216 ], [ 9.258604000000105, 41.346382000000119 ], [ 9.258762227603938, 41.346219562898284 ], [ 9.258923500000094, 41.346054 ], [ 9.258907696914662, 41.345910643439595 ], [ 9.25890250000009, 41.3458635 ], [ 9.258766, 41.345737500000098 ], [ 9.257922000000178, 41.345661000000121 ], [ 9.257594, 41.345402 ], [ 9.257735500000194, 41.3450775 ] ] ], [ [ [ 9.228199, 41.374168500000053 ], [ 9.228341000000114, 41.37384400000019 ], [ 9.2292470000001, 41.373928 ], [ 9.229259500000069, 41.373420499999952 ], [ 9.230268500000079, 41.372242000000142 ], [ 9.23026300000015, 41.372185 ], [ 9.229741000000104, 41.371818500000131 ], [ 9.229149, 41.371856500000035 ], [ 9.228582500000016, 41.37161250000014 ], [ 9.227396000000226, 41.370556 ], [ 9.226942000000179, 41.370857000000115 ], [ 9.226328, 41.37072 ], [ 9.226230500000099, 41.370903 ], [ 9.227370500000063, 41.371460000000127 ], [ 9.227240500000164, 41.373638 ], [ 9.228199, 41.374168500000053 ] ] ], [ [ [ 9.259288, 41.374435500000118 ], [ 9.259472000000187, 41.373974 ], [ 9.259848500000032, 41.37413 ], [ 9.260276, 41.374111 ], [ 9.260380000000168, 41.373970000000156 ], [ 9.260359482711124, 41.373951320080323 ], [ 9.260045, 41.37366500000013 ], [ 9.260586, 41.373180499999989 ], [ 9.25982550000009, 41.372196 ], [ 9.261197, 41.371563 ], [ 9.261497500000075, 41.370956500000034 ], [ 9.261911500000053, 41.370933500000092 ], [ 9.262759000000187, 41.371021500000097 ], [ 9.26312450000006, 41.371082500000171 ], [ 9.263387500000135, 41.371292 ], [ 9.263727, 41.371639500000072 ], [ 9.263580500000103, 41.373134500000106 ], [ 9.263806500000157, 41.373535 ], [ 9.263941000000102, 41.373661000000141 ], [ 9.264559000000247, 41.37384400000019 ], [ 9.265028000000143, 41.373768 ], [ 9.265088359595893, 41.373715481681188 ], [ 9.26569, 41.373192 ], [ 9.265663000000131, 41.372959000000151 ], [ 9.267214918443301, 41.373199194132098 ], [ 9.267365500000096, 41.373222500000111 ], [ 9.268132, 41.373035500000071 ], [ 9.268299, 41.372936000000209 ], [ 9.269, 41.371673500000043 ], [ 9.268121, 41.37068950000014 ], [ 9.267398000000128, 41.370739000000128 ], [ 9.266839, 41.369957000000113 ], [ 9.265526000000136, 41.36944950000003 ], [ 9.265858500000093, 41.368614 ], [ 9.266908500000113, 41.368412000000149 ], [ 9.267354, 41.368030500000032 ], [ 9.267591500000151, 41.36801550000007 ], [ 9.268162000000132, 41.368294 ], [ 9.268448000000149, 41.36817950000011 ], [ 9.268571, 41.368217500000071 ], [ 9.268718, 41.368442500000015 ], [ 9.270160500000088, 41.36852650000003 ], [ 9.270485000000122, 41.368740000000116 ], [ 9.271739000000139, 41.368744000000106 ], [ 9.272341500000039, 41.369301 ], [ 9.27256100000011, 41.370239500000025 ], [ 9.273049500000013, 41.370342500000049 ], [ 9.273358499434437, 41.370322999797168 ], [ 9.272939500000177, 41.369812 ], [ 9.273357500000088, 41.369198 ], [ 9.274012843313926, 41.369315396290006 ], [ 9.274273, 41.369362 ], [ 9.2743805, 41.3692625 ], [ 9.274643996574241, 41.368343495125657 ], [ 9.274284500000078, 41.367832000000135 ], [ 9.273336500000141, 41.367386 ], [ 9.273413500000117, 41.367023500000016 ], [ 9.273096, 41.366867 ], [ 9.273199314581007, 41.365936745351291 ], [ 9.273218, 41.365768500000115 ], [ 9.273066472953758, 41.365715439438645 ], [ 9.272782500000119, 41.365616000000102 ], [ 9.27281650000009, 41.365299000000164 ], [ 9.270997000000193, 41.36568050000011 ], [ 9.271031500000049, 41.364959500000168 ], [ 9.270728000000133, 41.365429 ], [ 9.270476500000143, 41.365303000000154 ], [ 9.269966000000181, 41.36565 ], [ 9.26931, 41.365646500000139 ], [ 9.269452, 41.366359500000158 ], [ 9.269218500000136, 41.366508500000066 ], [ 9.268594, 41.366775500000131 ], [ 9.267741000000115, 41.366646 ], [ 9.267488499999956, 41.366527500000018 ], [ 9.267736500000069, 41.365474500000118 ], [ 9.265880500000151, 41.365547000000106 ], [ 9.266622500000096, 41.364643 ], [ 9.267009, 41.364883500000076 ], [ 9.268250500000136, 41.364677500000084 ], [ 9.267298500000095, 41.364193 ], [ 9.26717, 41.3636130000001 ], [ 9.267569500000093, 41.363453 ], [ 9.267643000000135, 41.362953000000232 ], [ 9.266618, 41.36287700000014 ], [ 9.266603555176232, 41.362753402550368 ], [ 9.266560500000139, 41.362385000000131 ], [ 9.266431, 41.36230450000005 ], [ 9.265629, 41.362076000000116 ], [ 9.265396, 41.362140500000123 ], [ 9.265271522124749, 41.362497621392833 ], [ 9.265075499999966, 41.36306 ], [ 9.264363500000059, 41.363106 ], [ 9.263981, 41.3629 ], [ 9.263521, 41.363064 ], [ 9.263151000000107, 41.362953 ], [ 9.263190500000178, 41.362278000000117 ], [ 9.262490499999956, 41.362404 ], [ 9.261763500000029, 41.361824 ], [ 9.261817, 41.362270500000079 ], [ 9.26137250000005, 41.362659500000063 ], [ 9.260675878999848, 41.362367279262344 ], [ 9.260618000000136, 41.362343 ], [ 9.260321500000089, 41.362358000000199 ], [ 9.260228000000211, 41.362591000000123 ], [ 9.260265500000116, 41.362903500000016 ], [ 9.260393, 41.362983500000098 ], [ 9.261216, 41.362850000000208 ], [ 9.26207050000005, 41.363018 ], [ 9.263093, 41.363590000000158 ], [ 9.263227500000028, 41.363716000000124 ], [ 9.262281500000086, 41.36440650000003 ], [ 9.261821500000053, 41.36457450000006 ], [ 9.26132750000005, 41.364418000000114 ], [ 9.2612135, 41.364471500000093 ], [ 9.261051, 41.364616500000011 ], [ 9.2610655000002, 41.364841499999955 ], [ 9.261820000000114, 41.365162 ], [ 9.262235500000202, 41.36504 ], [ 9.262362500000052, 41.365719000000126 ], [ 9.262092500000108, 41.365951500000165 ], [ 9.261292500000138, 41.366363500000148 ], [ 9.260641, 41.366405500000042 ], [ 9.260450499999934, 41.366825000000119 ], [ 9.259845, 41.366855500000156 ], [ 9.2588025, 41.3660165 ], [ 9.257604500000014, 41.366096500000083 ], [ 9.257334, 41.366337000000101 ], [ 9.255970000000104, 41.366420500000061 ], [ 9.2556725, 41.3665315 ], [ 9.255521000000101, 41.366768000000206 ], [ 9.25548450000008, 41.367580500000088 ], [ 9.255817500000148, 41.367870500000151 ], [ 9.255028500000208, 41.368282500000134 ], [ 9.25478650000008, 41.368255500000032 ], [ 9.254092, 41.3679315 ], [ 9.253146, 41.366993 ], [ 9.252622500000086, 41.367119000000116 ], [ 9.252573, 41.36721400000016 ], [ 9.252664500000037, 41.36747750000012 ], [ 9.252729500000044, 41.367519500000014 ], [ 9.253092, 41.367546000000118 ], [ 9.253296, 41.367759499999977 ], [ 9.2535085, 41.368152500000178 ], [ 9.25334, 41.368252 ], [ 9.252871500000083, 41.368328000000133 ], [ 9.25268350000016, 41.368252 ], [ 9.252134500000011, 41.367649 ], [ 9.2515365000001, 41.367645499999981 ], [ 9.251453500000025, 41.368458 ], [ 9.251211, 41.368427500000053 ], [ 9.25118550000002, 41.367702500000064 ], [ 9.25045100422011, 41.368064997917429 ], [ 9.250342500000102, 41.368252 ], [ 9.250378500000068, 41.368564500000161 ], [ 9.250877500000115, 41.3692625 ], [ 9.251066, 41.369339000000139 ], [ 9.251154, 41.36906450000015 ], [ 9.251666609001006, 41.368861256343564 ], [ 9.251837500000136, 41.368793500000095 ], [ 9.252217500000143, 41.368957500000192 ], [ 9.252189085529039, 41.369203492697125 ], [ 9.252128500000083, 41.369728 ], [ 9.252918, 41.369854 ], [ 9.25301813232204, 41.369746540922733 ], [ 9.253184500000032, 41.369568 ], [ 9.2536735, 41.370174499999962 ], [ 9.254083500000206, 41.370102000000202 ], [ 9.254551000000163, 41.370529 ], [ 9.25446407958384, 41.370693675754637 ], [ 9.254404, 41.370807500000126 ], [ 9.254473500000131, 41.370983 ], [ 9.254726500000118, 41.371105 ], [ 9.254957549075812, 41.371016911709603 ], [ 9.255596, 41.370773500000155 ], [ 9.255866, 41.371036500000059 ], [ 9.255616983196433, 41.37144885901597 ], [ 9.255555, 41.371551500000066 ], [ 9.255730637352372, 41.371523305582912 ], [ 9.256505000000175, 41.371399 ], [ 9.256773000000123, 41.371750000000134 ], [ 9.257211499999983, 41.371811 ], [ 9.257290711467419, 41.372545196611611 ], [ 9.257351000000199, 41.373104 ], [ 9.258016500000167, 41.373790500000041 ], [ 9.25848, 41.374176000000148 ], [ 9.258991000000151, 41.37445850000006 ], [ 9.259288, 41.374435500000118 ] ] ], [ [ [ 9.355513500000143, 41.541504000000145 ], [ 9.355571500000167, 41.540870499999983 ], [ 9.355079500000102, 41.540771500000119 ], [ 9.354977500000018, 41.540416500000049 ], [ 9.355781500000091, 41.538418 ], [ 9.355155000000138, 41.538189000000159 ], [ 9.354975500000023, 41.538696500000015 ], [ 9.353914500000201, 41.539444 ], [ 9.353827500000079, 41.539810000000159 ], [ 9.353708499999982, 41.539818 ], [ 9.352767, 41.539470500000107 ], [ 9.352199500000211, 41.539730000000134 ], [ 9.351959000000193, 41.540333 ], [ 9.352033500000175, 41.540958499999988 ], [ 9.352309, 41.5412520000001 ], [ 9.352812, 41.541454499999986 ], [ 9.35373600000014, 41.541168 ], [ 9.354136500000095, 41.54150750000008 ], [ 9.355459, 41.541553500000191 ], [ 9.355513500000143, 41.541504000000145 ] ] ], [ [ [ 9.363323, 41.550194 ], [ 9.363395500000024, 41.549198000000104 ], [ 9.362708000000168, 41.549469000000158 ], [ 9.36101050000002, 41.548301500000036 ], [ 9.359908000000132, 41.548603 ], [ 9.359096500000135, 41.548332 ], [ 9.358359500000063, 41.549282 ], [ 9.359198500000048, 41.5509035 ], [ 9.361154500000225, 41.552322500000173 ], [ 9.361364500000036, 41.552574 ], [ 9.361451, 41.552795500000059 ], [ 9.36132450000008, 41.553341000000103 ], [ 9.36185, 41.553726 ], [ 9.362563, 41.553676500000108 ], [ 9.363007500000094, 41.553283500000134 ], [ 9.363776, 41.553200000000118 ], [ 9.364858500000082, 41.552627500000199 ], [ 9.364706, 41.551246500000161 ], [ 9.363057, 41.55048 ], [ 9.363323, 41.550194 ] ] ], [ [ [ 9.375189, 41.559623500000157 ], [ 9.3749305, 41.558967500000051 ], [ 9.374227500000075, 41.558510000000183 ], [ 9.374059500000044, 41.558700499999986 ], [ 9.372853500000076, 41.558639500000083 ], [ 9.372674000000188, 41.559143 ], [ 9.372128500000144, 41.559093500000131 ], [ 9.371180500000037, 41.559784 ], [ 9.370826500000078, 41.560436 ], [ 9.370710500000087, 41.561573000000124 ], [ 9.37094100000013, 41.562008 ], [ 9.370661, 41.562252000000171 ], [ 9.371168, 41.562496000000124 ], [ 9.370977500000151, 41.562912 ], [ 9.372313500000018, 41.563553000000184 ], [ 9.372641500000157, 41.564888 ], [ 9.37348, 41.56537650000007 ], [ 9.374107500000093, 41.5651170000001 ], [ 9.374069000000134, 41.564792500000067 ], [ 9.373183500000039, 41.564407500000016 ], [ 9.373341500000151, 41.563625500000171 ], [ 9.37263850000005, 41.563259 ], [ 9.373111000000108, 41.562599000000148 ], [ 9.37343600000014, 41.562305499999979 ], [ 9.373777500000188, 41.562149 ], [ 9.374913, 41.562034499999982 ], [ 9.37449150000009, 41.561516 ], [ 9.3746280000002, 41.561058 ], [ 9.374262000000101, 41.5604935 ], [ 9.374560500000086, 41.5599785 ], [ 9.375189, 41.559623500000157 ] ] ], [ [ [ 9.395156000000156, 41.672489 ], [ 9.395548, 41.67214950000016 ], [ 9.39546700000011, 41.671478500000035 ], [ 9.395825500000115, 41.671451499999932 ], [ 9.396244, 41.670841 ], [ 9.396511000000146, 41.669964000000164 ], [ 9.396499500000118, 41.669876000000158 ], [ 9.395411500000137, 41.669311500000163 ], [ 9.3955755, 41.668579000000136 ], [ 9.394757500000196, 41.668857500000115 ], [ 9.394483500000092, 41.6695975 ], [ 9.394, 41.669666500000062 ], [ 9.393291500000032, 41.669265500000108 ], [ 9.392650500000116, 41.669433500000139 ], [ 9.392792500000155, 41.669018 ], [ 9.392458, 41.668728 ], [ 9.39252950000008, 41.668319500000166 ], [ 9.392026000000158, 41.668125 ], [ 9.391352500000039, 41.668522 ], [ 9.391121, 41.668091 ], [ 9.390729000000135, 41.668339 ], [ 9.389536, 41.668503 ], [ 9.389324, 41.668739500000072 ], [ 9.389572000000157, 41.669399500000168 ], [ 9.389008500000045, 41.669708500000183 ], [ 9.388813, 41.670082 ], [ 9.388878, 41.670719 ], [ 9.3892995, 41.6707305 ], [ 9.389578, 41.670444500000144 ], [ 9.389755, 41.670429 ], [ 9.390438, 41.670608500000014 ], [ 9.390443, 41.671249500000101 ], [ 9.390636500000085, 41.671371500000078 ], [ 9.390989499999989, 41.671299000000147 ], [ 9.391141000000118, 41.671562 ], [ 9.391541500000017, 41.671402000000114 ], [ 9.391796000000113, 41.671528 ], [ 9.392810000000168, 41.672458499999948 ], [ 9.393401, 41.672374500000103 ], [ 9.394104000000141, 41.672733500000163 ], [ 9.395156000000156, 41.672489 ] ] ], [ [ [ 9.080620000000181, 41.862106500000039 ], [ 9.084355500000015, 41.861976500000139 ], [ 9.086644999916018, 41.86311699987408 ], [ 9.088218500000039, 41.8623465 ], [ 9.090042, 41.862510500000099 ], [ 9.09079650000001, 41.86214450000017 ], [ 9.092935598295469, 41.863152689311448 ], [ 9.093062500000087, 41.863212500000088 ], [ 9.093298946492553, 41.863154750744741 ], [ 9.0946245, 41.862831000000142 ], [ 9.095458000000235, 41.863167 ], [ 9.098009000000104, 41.860618500000044 ], [ 9.107077445321011, 41.857583516286979 ], [ 9.116142999651515, 41.854549500116775 ], [ 9.117847500000039, 41.854976500000078 ], [ 9.118418499990412, 41.856304000050727 ], [ 9.118906, 41.857673500000089 ], [ 9.11979849944646, 41.857764999943356 ], [ 9.124214000000109, 41.8563995 ], [ 9.1299325, 41.85614 ], [ 9.133687, 41.85828800000013 ], [ 9.137316500000111, 41.858555 ], [ 9.139791929037472, 41.859874124499413 ], [ 9.14038, 41.860187500000109 ], [ 9.141224234521815, 41.860025219663214 ], [ 9.141948500000183, 41.859886 ], [ 9.142087662049505, 41.860116303391635 ], [ 9.142303500000082, 41.860473500000126 ], [ 9.143221000000153, 41.860603500000025 ], [ 9.144066000000237, 41.860325000000103 ], [ 9.1450635, 41.859138500000142 ], [ 9.144453303644127, 41.856390841425196 ], [ 9.144290000000126, 41.855655500000125 ], [ 9.144734500000141, 41.853534500000137 ], [ 9.144421499999964, 41.852913 ], [ 9.140936, 41.850754000000109 ], [ 9.140416, 41.849407 ], [ 9.140793000000144, 41.84877 ], [ 9.142634500000099, 41.848869500000148 ], [ 9.14332950000005, 41.849319500000036 ], [ 9.146650499793282, 41.848346500060757 ], [ 9.147298000000148, 41.847927000000141 ], [ 9.147304484142069, 41.847836222013598 ], [ 9.147398, 41.846527 ], [ 9.151979499033359, 41.844188500154587 ], [ 9.15197953397535, 41.844188483361279 ], [ 9.156605500000012, 41.841923 ], [ 9.158972500000118, 41.839832500000057 ], [ 9.163490500000194, 41.83889 ], [ 9.170602, 41.84081650000013 ], [ 9.176227501567382, 41.841441999678693 ], [ 9.184934500000054, 41.839657000000102 ], [ 9.186915110553286, 41.838567453733731 ], [ 9.187993, 41.8379745000002 ], [ 9.193388000000141, 41.836826500000029 ], [ 9.193388032286862, 41.83682653110975 ], [ 9.198024, 41.8412935 ], [ 9.198049756446608, 41.841312879944041 ], [ 9.202703499999984, 41.844814499999984 ], [ 9.204331535820245, 41.847358337076457 ], [ 9.204339000000118, 41.84737 ], [ 9.208406500000251, 41.85128 ], [ 9.211939000000143, 41.852272 ], [ 9.212690198730172, 41.852246291692609 ], [ 9.215723, 41.85214250000007 ], [ 9.21867477925872, 41.853596258348034 ], [ 9.220424500000036, 41.854458000000136 ], [ 9.221702512869797, 41.854279236778666 ], [ 9.2221975, 41.85421 ], [ 9.223560916764541, 41.854698444654389 ], [ 9.225615500000174, 41.855434500000115 ], [ 9.227500000000134, 41.855587000000128 ], [ 9.231103000000189, 41.853286500000024 ], [ 9.231757136415411, 41.851391288910804 ], [ 9.232276, 41.849888000000192 ], [ 9.236336500000107, 41.846878000000174 ], [ 9.237124500000107, 41.846660500000155 ], [ 9.237319118021901, 41.846775118786979 ], [ 9.24086850000009, 41.848865499999988 ], [ 9.244212000000175, 41.85021600000016 ], [ 9.245001000000116, 41.850044500000195 ], [ 9.249181500000134, 41.846309500000075 ], [ 9.260424500000113, 41.8451235 ], [ 9.263915, 41.843990500000018 ], [ 9.266095000000121, 41.842617 ], [ 9.268809500000032, 41.839985 ], [ 9.275207500000079, 41.841297000000111 ], [ 9.282935000000123, 41.844055 ], [ 9.287550000000238, 41.844936500000131 ], [ 9.288351, 41.844749500000148 ], [ 9.289504, 41.842872500000055 ], [ 9.290418500000044, 41.842682000000138 ], [ 9.296658500000149, 41.844215500000018 ], [ 9.297594792437167, 41.844769879373871 ], [ 9.298089000000232, 41.845062500000097 ], [ 9.299039, 41.845012500000053 ], [ 9.301807500415009, 41.844699999477314 ], [ 9.303720500000054, 41.842289000000108 ], [ 9.307714500114173, 41.841323999740666 ], [ 9.308831000000112, 41.838783499999977 ], [ 9.308330486607247, 41.837221073794638 ], [ 9.307507500000042, 41.834652 ], [ 9.307963500000085, 41.833275 ], [ 9.309092500000077, 41.832145500000138 ], [ 9.312617500000044, 41.833210000000122 ], [ 9.317260000000147, 41.832546 ], [ 9.319695500000023, 41.834759 ], [ 9.321382500000027, 41.835338500000034 ], [ 9.325939, 41.834617500000036 ], [ 9.32660850000002, 41.836548000000107 ], [ 9.330187000000194, 41.837135500000045 ], [ 9.330620000000124, 41.839676000000111 ], [ 9.334023500000171, 41.842163000000141 ], [ 9.335469, 41.842701 ], [ 9.336083500000086, 41.844047499999931 ], [ 9.338547500000061, 41.846203000000116 ], [ 9.339401, 41.846462 ], [ 9.341121500000042, 41.8461115 ], [ 9.3433455, 41.843956 ], [ 9.344451, 41.845897500000092 ], [ 9.346900000000119, 41.846676 ], [ 9.349024000000213, 41.849010500000077 ], [ 9.351648500000067, 41.849548500000196 ], [ 9.352515, 41.853714 ], [ 9.353519500000175, 41.854927 ], [ 9.35423, 41.855366000000117 ], [ 9.357014500000162, 41.855297000000121 ], [ 9.35782050000023, 41.855644 ], [ 9.361774500000024, 41.857601000000159 ], [ 9.362606311347122, 41.858869243109609 ], [ 9.363010500000144, 41.859485500000119 ], [ 9.364699954842138, 41.860280186576915 ], [ 9.366125, 41.860950500000172 ], [ 9.369942499999922, 41.861038000000121 ], [ 9.370463500000028, 41.861561 ], [ 9.369566000454768, 41.863559500336805 ], [ 9.371545000000197, 41.865024500000118 ], [ 9.373022874721642, 41.864778187546449 ], [ 9.37339900000012, 41.864715500000102 ], [ 9.375874500000123, 41.86578350000002 ], [ 9.376076500000124, 41.867161000000124 ], [ 9.3765345, 41.867759500000091 ], [ 9.377373500000147, 41.8679735 ], [ 9.378085, 41.867553500000099 ], [ 9.377829467845686, 41.866152831335114 ], [ 9.377722500000061, 41.86556650000017 ], [ 9.37819, 41.865123500000095 ], [ 9.380833500000108, 41.865860000000112 ], [ 9.383122500000127, 41.867126500000097 ], [ 9.385892000000126, 41.867676 ], [ 9.388379, 41.86574150000007 ], [ 9.390643786618512, 41.865175928056658 ], [ 9.391098000000113, 41.865062500000022 ], [ 9.394100000000151, 41.863357500000177 ], [ 9.395113000000151, 41.860695 ], [ 9.402272000169489, 41.858703498359944 ], [ 9.402361000000155, 41.85784150000012 ], [ 9.402708, 41.857727 ], [ 9.402644000000123, 41.857189 ], [ 9.402551500000072, 41.85693 ], [ 9.401755584316675, 41.85614219462002 ], [ 9.401472000000126, 41.855861500000117 ], [ 9.401421500000197, 41.855449500000134 ], [ 9.401601521344901, 41.855378078488229 ], [ 9.4020655, 41.855194 ], [ 9.402506, 41.854851000000167 ], [ 9.402485, 41.854671500000052 ], [ 9.401397499999973, 41.854149 ], [ 9.4013448366847, 41.854104982900651 ], [ 9.401196500000083, 41.853981 ], [ 9.401269433163407, 41.853730999156994 ], [ 9.40129, 41.853660500000046 ], [ 9.401250871087086, 41.853638935621518 ], [ 9.40084, 41.8534125 ], [ 9.400811000000147, 41.85319150000015 ], [ 9.40092, 41.853088500000183 ], [ 9.401133569170099, 41.853057145681532 ], [ 9.401335500000187, 41.85302750000011 ], [ 9.401280500000098, 41.852482 ], [ 9.4011220000001, 41.852176500000041 ], [ 9.40094288134776, 41.852111378898996 ], [ 9.400493500000152, 41.851948000000107 ], [ 9.400327500000117, 41.850467500000036 ], [ 9.400534481967327, 41.850085813955275 ], [ 9.400584000000208, 41.84999450000015 ], [ 9.400383000264583, 41.849334500644716 ], [ 9.401034500000151, 41.849247000000105 ], [ 9.401260500000035, 41.849003000000152 ], [ 9.401129500000025, 41.848430500000063 ], [ 9.401624500000139, 41.848034 ], [ 9.401462500000207, 41.847595 ], [ 9.401894500000083, 41.84657650000014 ], [ 9.401557, 41.845775500000116 ], [ 9.402211000000136, 41.845112 ], [ 9.402478, 41.844230499999981 ], [ 9.402878000000101, 41.844032500000139 ], [ 9.402626, 41.843456500000059 ], [ 9.402769000000148, 41.843040500000143 ], [ 9.403351000000157, 41.842872500000055 ], [ 9.403128500000037, 41.842518 ], [ 9.403609500000073, 41.842407 ], [ 9.403972500000066, 41.841930500000103 ], [ 9.403985000000205, 41.841526 ], [ 9.403298500000062, 41.841335500000071 ], [ 9.402902499999982, 41.841545 ], [ 9.402647000000172, 41.841427 ], [ 9.402368500000023, 41.841121500000156 ], [ 9.402305500894727, 41.840495999234122 ], [ 9.40244650000011, 41.840172000000109 ], [ 9.402811, 41.840191 ], [ 9.403073500000119, 41.83985900000016 ], [ 9.403134500000192, 41.839267500000062 ], [ 9.4032355, 41.839123 ], [ 9.403539500000136, 41.839149500000076 ], [ 9.403282, 41.838398 ], [ 9.40405949999996, 41.837265000000116 ], [ 9.403457500000059, 41.837261000000126 ], [ 9.403328000000215, 41.837185 ], [ 9.403247, 41.837009500000079 ], [ 9.403600500000039, 41.83644100000015 ], [ 9.403421023895305, 41.83605793315968 ], [ 9.403373500000043, 41.835956500000179 ], [ 9.403468438064579, 41.83586929762987 ], [ 9.403643500000044, 41.835708500000067 ], [ 9.403698427037682, 41.834954294952013 ], [ 9.403716000000145, 41.834713000000136 ], [ 9.403764648429785, 41.834690835577135 ], [ 9.40405949999996, 41.834556499999962 ], [ 9.404365500000097, 41.833996 ], [ 9.4044465, 41.833675500000084 ], [ 9.404481, 41.83344650000015 ], [ 9.404177285915068, 41.833049172508026 ], [ 9.404122500000028, 41.832977500000084 ], [ 9.404212507097839, 41.832909046326222 ], [ 9.404905500000154, 41.832382 ], [ 9.404902500000105, 41.831753 ], [ 9.40487, 41.831485500000099 ], [ 9.404636877996609, 41.831220702301323 ], [ 9.404450500000166, 41.831009000000108 ], [ 9.404441, 41.830921000000103 ], [ 9.404742524882863, 41.830800390046988 ], [ 9.404956, 41.830715000000112 ], [ 9.405012000000113, 41.830574000000183 ], [ 9.405016, 41.830116500000145 ], [ 9.404986498284131, 41.829829750836893 ], [ 9.404937500000131, 41.829353500000082 ], [ 9.404455, 41.827755000000138 ], [ 9.405490000000214, 41.827331500000128 ], [ 9.405376500000045, 41.826805 ], [ 9.405796167692984, 41.826608510850122 ], [ 9.405832500000145, 41.826591500000177 ], [ 9.40590399888481, 41.826179506426683 ], [ 9.405878, 41.825866500000018 ], [ 9.405454500000133, 41.824852000000135 ], [ 9.404611499999987, 41.824856000000125 ], [ 9.404404500000112, 41.824642000000154 ], [ 9.404352000000188, 41.82410450000009 ], [ 9.404440000000193, 41.823829500000102 ], [ 9.404711500000076, 41.823585500000149 ], [ 9.404825, 41.823536000000104 ], [ 9.405396500000109, 41.823776 ], [ 9.40621850000008, 41.823494 ], [ 9.406489500000134, 41.82325 ], [ 9.406169, 41.822597500000086 ], [ 9.406203500000117, 41.82177350000012 ], [ 9.405651, 41.821182500000077 ], [ 9.406092497398845, 41.82020564713855 ], [ 9.406135500000175, 41.820110500000055 ], [ 9.406062426488461, 41.819975053026553 ], [ 9.405995500000131, 41.819851 ], [ 9.405202, 41.819851 ], [ 9.405186499999957, 41.819134 ], [ 9.405762500000037, 41.81891250000001 ], [ 9.405061500000102, 41.818599500000062 ], [ 9.405061500000102, 41.818508000000122 ], [ 9.405351500000108, 41.8179055 ], [ 9.405784500000038, 41.818008500000019 ], [ 9.405803127715274, 41.81798666060979 ], [ 9.405944, 41.81782149999998 ], [ 9.40585249999998, 41.817466500000137 ], [ 9.405695, 41.817157500000121 ], [ 9.405211500000064, 41.817138500000169 ], [ 9.405198895040314, 41.817104477142038 ], [ 9.405032000000176, 41.816654000000199 ], [ 9.403805000000261, 41.81695550000012 ], [ 9.403653, 41.8161965 ], [ 9.404162500000155, 41.815941 ], [ 9.403773500000113, 41.815605000000119 ], [ 9.403105500000095, 41.815651 ], [ 9.402997, 41.814655500000072 ], [ 9.402427500000101, 41.813831500000106 ], [ 9.402385500000037, 41.813472500000046 ], [ 9.402815, 41.813041500000111 ], [ 9.40254, 41.81265250000007 ], [ 9.402094, 41.813041500000111 ], [ 9.40161500000022, 41.813076 ], [ 9.401359500000069, 41.812958 ], [ 9.400887500000067, 41.812530500000094 ], [ 9.400817, 41.812355000000139 ], [ 9.40117650000019, 41.811832500000094 ], [ 9.401579, 41.811672000000101 ], [ 9.401541, 41.811271500000032 ], [ 9.401406500000178, 41.811142000000132 ], [ 9.401053500000103, 41.811214500000119 ], [ 9.400562499999978, 41.811741 ], [ 9.399938500000246, 41.81154650000019 ], [ 9.399889, 41.811146000000122 ], [ 9.400803500000052, 41.810634500000049 ], [ 9.400023499999975, 41.80905550000017 ], [ 9.400509, 41.807991 ], [ 9.399304500000028, 41.807983500000091 ], [ 9.39909549999993, 41.807758499999977 ], [ 9.399130000000127, 41.807533499999977 ], [ 9.399690500000133, 41.807098500000052 ], [ 9.399662, 41.806865500000129 ], [ 9.398620500000106, 41.806713 ], [ 9.398535, 41.806492000000162 ], [ 9.398638500000175, 41.8063505 ], [ 9.399191000000201, 41.80595 ], [ 9.399008, 41.805332 ], [ 9.399275, 41.805046 ], [ 9.398377500000038, 41.80509550000005 ], [ 9.398357500000145, 41.8049165 ], [ 9.39889600000015, 41.804298500000016 ], [ 9.399206, 41.804363500000079 ], [ 9.399098500000207, 41.80347050000006 ], [ 9.398696, 41.803634500000157 ], [ 9.39804, 41.8030855 ], [ 9.397959, 41.80291 ], [ 9.398062, 41.80276850000007 ], [ 9.398632000000134, 41.8025015 ], [ 9.3980295, 41.802002 ], [ 9.3980150000001, 41.801868500000069 ], [ 9.398623500000156, 41.801826500000118 ], [ 9.398488000000157, 41.801204499999983 ], [ 9.398118, 41.80114 ], [ 9.398087500000202, 41.800873 ], [ 9.39769, 41.800579000000141 ], [ 9.397565000000156, 41.80054100000018 ], [ 9.397222500000055, 41.800697500000126 ], [ 9.397235, 41.800197499999967 ], [ 9.397111, 41.800167 ], [ 9.3967455, 41.800133000000187 ], [ 9.396364, 41.800567500000056 ], [ 9.395528, 41.800621 ], [ 9.395220000000108, 41.800552500000038 ], [ 9.394957500000032, 41.800384500000177 ], [ 9.394622330470042, 41.800003863294762 ], [ 9.394541, 41.799911500000121 ], [ 9.394133499999896, 41.798942500000067 ], [ 9.394082, 41.797909 ], [ 9.394255500000043, 41.797355500000037 ], [ 9.394742000000178, 41.796291500000109 ], [ 9.395030627735764, 41.795814024039089 ], [ 9.395254, 41.795444500000031 ], [ 9.3968, 41.794090500000095 ], [ 9.396735, 41.793545 ], [ 9.396294500000181, 41.793392 ], [ 9.396048500000063, 41.792732000000115 ], [ 9.396440499999983, 41.790897500000199 ], [ 9.397724000000153, 41.790458500000113 ], [ 9.397855000000163, 41.79004650000013 ], [ 9.398131500000147, 41.789844500000129 ], [ 9.398317500000076, 41.789787500000045 ], [ 9.398462500000164, 41.7900965 ], [ 9.399190000000146, 41.790146 ], [ 9.399842500000091, 41.789470500000107 ], [ 9.399985500000071, 41.788055500000041 ], [ 9.399955500000033, 41.787201 ], [ 9.399900029301818, 41.787189827258203 ], [ 9.399461500000029, 41.787101500000176 ], [ 9.398844000000111, 41.785873500000207 ], [ 9.398144000000116, 41.7850535 ], [ 9.396785, 41.784145500000022 ], [ 9.396403500000133, 41.783493 ], [ 9.398791500000016, 41.782127500000058 ], [ 9.399436000000208, 41.782490000000166 ], [ 9.399004, 41.781303500000092 ], [ 9.398564500000077, 41.7811395 ], [ 9.398158000000194, 41.780269500000145 ], [ 9.398409888057074, 41.779262947328164 ], [ 9.39841, 41.779262500000129 ], [ 9.39840292064855, 41.779241035299719 ], [ 9.398144500000114, 41.778457500000115 ], [ 9.396859000000177, 41.777275 ], [ 9.396468000000141, 41.777527 ], [ 9.3962195000002, 41.777450499999929 ], [ 9.395221500000048, 41.776565500000061 ], [ 9.395538500000157, 41.775097 ], [ 9.396648499712228, 41.773723500356311 ], [ 9.39841, 41.772163500000033 ], [ 9.399882500000047, 41.771805 ], [ 9.401207, 41.772308500000122 ], [ 9.401765, 41.773540500000081 ], [ 9.402116523088694, 41.773717885496239 ], [ 9.402468500000168, 41.773895499999981 ], [ 9.403952500000173, 41.773716 ], [ 9.404837500000042, 41.772484 ], [ 9.404825477917143, 41.772184616742493 ], [ 9.404801500000076, 41.771587500000123 ], [ 9.406173500000079, 41.769783 ], [ 9.406148000000144, 41.768978 ], [ 9.406726358975789, 41.768850079441108 ], [ 9.406733500000087, 41.768848500000161 ], [ 9.40714150000008, 41.76814250000001 ], [ 9.407137970820656, 41.768128027398575 ], [ 9.407022499999982, 41.767654500000162 ], [ 9.407321000000195, 41.767635499999983 ], [ 9.407425000000103, 41.767494 ], [ 9.40743649999996, 41.767086 ], [ 9.408142999490337, 41.766365000227779 ], [ 9.40779950000001, 41.764904000000115 ], [ 9.407257, 41.764293500000065 ], [ 9.407675500000039, 41.763775 ], [ 9.407486000000176, 41.763111 ], [ 9.406841500000098, 41.762245 ], [ 9.40631000000019, 41.762325499999918 ], [ 9.406342500000051, 41.761009 ], [ 9.405779000000166, 41.761318 ], [ 9.405351500000108, 41.761257000000171 ], [ 9.405264000000159, 41.761036 ], [ 9.405797, 41.760368500000197 ], [ 9.405121, 41.76009 ], [ 9.405341000000135, 41.759582500000192 ], [ 9.405918, 41.7592735 ], [ 9.40542500000015, 41.758674500000041 ], [ 9.405464, 41.757908 ], [ 9.404846, 41.757263000000137 ], [ 9.405933500000117, 41.755703 ], [ 9.406192, 41.753658500000142 ], [ 9.405736000000161, 41.753368500000136 ], [ 9.405574, 41.75243 ], [ 9.405885500000068, 41.751419000000112 ], [ 9.405104500000107, 41.751419000000112 ], [ 9.404828000000123, 41.751121500000011 ], [ 9.404545, 41.751278 ], [ 9.404112, 41.751167500000065 ], [ 9.404204500000048, 41.750938500000132 ], [ 9.403558500000088, 41.75056450000011 ], [ 9.403202, 41.74951150000004 ], [ 9.403122, 41.748741 ], [ 9.403312500000141, 41.748325500000135 ], [ 9.403573, 41.7479935 ], [ 9.404019500000061, 41.747600499999976 ], [ 9.405957000000114, 41.747711 ], [ 9.406550500000208, 41.74704000000014 ], [ 9.406532500000139, 41.746906500000136 ], [ 9.40649027191904, 41.746820354714714 ], [ 9.406295000000227, 41.746422000000166 ], [ 9.405600500000105, 41.746647000000166 ], [ 9.405621500000052, 41.746330500000056 ], [ 9.405813, 41.745819 ], [ 9.406158550358725, 41.745610602130739 ], [ 9.406654500000116, 41.745311500000128 ], [ 9.406276500000104, 41.744079500000169 ], [ 9.406897500000127, 41.743633500000044 ], [ 9.407089, 41.742630000000133 ], [ 9.406746, 41.742279 ], [ 9.40657350000015, 41.741348499999958 ], [ 9.406161500000167, 41.741420500000061 ], [ 9.406013500000199, 41.741199500000107 ], [ 9.406455000000108, 41.740265 ], [ 9.406441500000085, 41.739544 ], [ 9.405549000000121, 41.738022 ], [ 9.404182500000047, 41.736576000000184 ], [ 9.404228, 41.735347500000103 ], [ 9.404000500000052, 41.735450500000127 ], [ 9.403550000000109, 41.735210500000164 ], [ 9.403442500000097, 41.734813499999973 ], [ 9.403822, 41.734474 ], [ 9.403633, 41.733799 ], [ 9.404189, 41.733322 ], [ 9.404161500000043, 41.7330970000001 ], [ 9.403836500000011, 41.732887499999947 ], [ 9.403404, 41.731701 ], [ 9.402909500000021, 41.731090500000164 ], [ 9.40215, 41.730777499999988 ], [ 9.401982500343081, 41.730381000584146 ], [ 9.402396, 41.730217000000152 ], [ 9.402169973479488, 41.72997666800353 ], [ 9.402119500000026, 41.729923 ], [ 9.402280226351763, 41.729738881550247 ], [ 9.402332500000057, 41.729679 ], [ 9.4035310000001, 41.729656 ], [ 9.403322, 41.727722000000142 ], [ 9.404133, 41.72686 ], [ 9.404702, 41.725513500000034 ], [ 9.404584116237743, 41.724769996900591 ], [ 9.404511500000069, 41.724312000000111 ], [ 9.404832439305949, 41.72423442934155 ], [ 9.405806500000097, 41.723999000000106 ], [ 9.405520614463171, 41.722750216491193 ], [ 9.405452, 41.722450500000093 ], [ 9.405734000000166, 41.7222900000001 ], [ 9.40477200000015, 41.720684000000119 ], [ 9.403665554923066, 41.720126887615606 ], [ 9.403492, 41.720039500000098 ], [ 9.403400484449378, 41.719849685561599 ], [ 9.40310750000009, 41.719242 ], [ 9.401375000000257, 41.71773150000007 ], [ 9.401341500000171, 41.716957 ], [ 9.401670573472074, 41.716478098082007 ], [ 9.401761, 41.716346500000043 ], [ 9.402331500000173, 41.716091 ], [ 9.403241, 41.7161635 ], [ 9.403201, 41.715717500000039 ], [ 9.404550500000084, 41.715458 ], [ 9.404705, 41.714630000000113 ], [ 9.40556150000009, 41.714756 ], [ 9.406326500000148, 41.714027500000043 ], [ 9.406497, 41.713341 ], [ 9.406084000000135, 41.712921000000108 ], [ 9.405039, 41.712711500000012 ], [ 9.404734500000075, 41.71268850000007 ], [ 9.403686500000049, 41.713062500000092 ], [ 9.402820500000132, 41.712269 ], [ 9.402728000000138, 41.711994000000175 ], [ 9.403049500000066, 41.711071 ], [ 9.404591500000095, 41.710300500000017 ], [ 9.404233000000147, 41.709327500000143 ], [ 9.404651500000114, 41.709305 ], [ 9.40463150000005, 41.709038 ], [ 9.404435000000149, 41.70890449999996 ], [ 9.403833500000133, 41.708900500000027 ], [ 9.40228, 41.707962 ], [ 9.402263536450732, 41.707935366979541 ], [ 9.401980500000093, 41.707477500000039 ], [ 9.401577, 41.706512500000144 ], [ 9.400706500000183, 41.703583 ], [ 9.399946, 41.700561500000163 ], [ 9.399910000000204, 41.700161 ], [ 9.40037650000005, 41.700035000000128 ], [ 9.400178000000153, 41.699280000000158 ], [ 9.4001990000001, 41.698963 ], [ 9.400562499999978, 41.698482500000068 ], [ 9.400510000000111, 41.697948500000109 ], [ 9.399747, 41.696506500000169 ], [ 9.400737749437553, 41.69460254557174 ], [ 9.400890500000116, 41.694309 ], [ 9.400609000755594, 41.693477502231303 ], [ 9.400608980377569, 41.693477489743145 ], [ 9.399981500000081, 41.693149500000061 ], [ 9.400197000000162, 41.692951 ], [ 9.396360500000128, 41.691021 ], [ 9.39573200000018, 41.690796 ], [ 9.395295904638033, 41.690834953480476 ], [ 9.394069500000114, 41.690944500000057 ], [ 9.393564, 41.690746500000046 ], [ 9.392974, 41.690330500000073 ], [ 9.392212, 41.689388500000121 ], [ 9.391881000942249, 41.689136500717325 ], [ 9.391577, 41.689113500000076 ], [ 9.390931000000137, 41.689331000000152 ], [ 9.390692500000114, 41.6893425 ], [ 9.390074500000139, 41.689205 ], [ 9.387956262802049, 41.690287905427226 ], [ 9.387447500000064, 41.690548 ], [ 9.386797000000229, 41.690628000000174 ], [ 9.386179, 41.690487 ], [ 9.385480000000143, 41.690166499999975 ], [ 9.38540093606747, 41.690032414968016 ], [ 9.384967000000131, 41.689296500000125 ], [ 9.38263050212106, 41.68885050040501 ], [ 9.381282, 41.688122000000135 ], [ 9.381088500000033, 41.687999500000103 ], [ 9.380382500000053, 41.687141500000166 ], [ 9.379062500000089, 41.686050500000135 ], [ 9.377964, 41.68539050000004 ], [ 9.377391, 41.684520500000019 ], [ 9.37738076789509, 41.683959365434362 ], [ 9.377356500000019, 41.682628500000135 ], [ 9.376780500000109, 41.682842500000106 ], [ 9.375524744330562, 41.682230123070326 ], [ 9.375059000000135, 41.682003 ], [ 9.374031, 41.680851000000189 ], [ 9.374023751603602, 41.680831660108538 ], [ 9.373696500000051, 41.679958500000055 ], [ 9.372839790243574, 41.679728572744466 ], [ 9.372629000000188, 41.679672 ], [ 9.372353500000088, 41.679275500000017 ], [ 9.3723, 41.678829 ], [ 9.37243750000016, 41.677875500000198 ], [ 9.372864500000105, 41.675720000000183 ], [ 9.373323500000083, 41.674427000000151 ], [ 9.374259, 41.672519500000021 ], [ 9.375189, 41.671154 ], [ 9.375737999193177, 41.670620000784879 ], [ 9.378787, 41.6693075 ], [ 9.381425, 41.670364500000062 ], [ 9.381895, 41.67078 ], [ 9.38221, 41.670898500000021 ], [ 9.383438000000126, 41.671139 ], [ 9.383797500000014, 41.671119500000032 ], [ 9.384037, 41.6710165 ], [ 9.384469, 41.670624 ], [ 9.385076499999968, 41.670673500000078 ], [ 9.385228, 41.670933 ], [ 9.386925500000018, 41.671055 ], [ 9.387374, 41.671303 ], [ 9.388101500000175, 41.6702650000002 ], [ 9.387570500000095, 41.669842 ], [ 9.38713, 41.66856 ], [ 9.386816000000181, 41.66835 ], [ 9.385802500000182, 41.668506499999978 ], [ 9.38497250000006, 41.668106 ], [ 9.384643500000038, 41.667858 ], [ 9.384753, 41.666679499999987 ], [ 9.383437, 41.666713499999958 ], [ 9.382052500000043, 41.665580500000033 ], [ 9.382045500000174, 41.665031500000055 ], [ 9.381743500000084, 41.665008500000113 ], [ 9.38169500000015, 41.664608 ], [ 9.381305500000053, 41.664364 ], [ 9.381141500000012, 41.66278850000009 ], [ 9.381816, 41.661304500000085 ], [ 9.38260850000006, 41.660801000000163 ], [ 9.383996, 41.660850500000151 ], [ 9.385254, 41.6602325 ], [ 9.386803500000042, 41.660137000000134 ], [ 9.386859, 41.659496500000046 ], [ 9.386356500000204, 41.659305500000073 ], [ 9.386237, 41.658817500000168 ], [ 9.387056500000199, 41.658539 ], [ 9.387043000000119, 41.657322 ], [ 9.388678500000083, 41.656948 ], [ 9.388224500000035, 41.65656650000011 ], [ 9.388642500000174, 41.65654 ], [ 9.388661906673235, 41.656509192706949 ], [ 9.388794, 41.656299500000046 ], [ 9.388648936233551, 41.656166212627966 ], [ 9.388387500000022, 41.655926 ], [ 9.388636428968653, 41.655835480375174 ], [ 9.388849500000049, 41.655758000000162 ], [ 9.388909500000011, 41.655662500000062 ], [ 9.388948500000083, 41.655479500000013 ], [ 9.388612000000137, 41.655189500000176 ], [ 9.388422, 41.655113 ], [ 9.387938499999962, 41.6556855 ], [ 9.387370000000203, 41.655941 ], [ 9.386475500000074, 41.656002000000115 ], [ 9.386151500000096, 41.655796000000123 ], [ 9.385928, 41.655445 ], [ 9.3854935, 41.654209 ], [ 9.384924, 41.653473000000133 ], [ 9.384906, 41.652218000000175 ], [ 9.382143, 41.651710500000092 ], [ 9.38182350000011, 41.651539000000128 ], [ 9.381335500000034, 41.650989500000151 ], [ 9.3813, 41.650585 ], [ 9.381725500000016, 41.649524500000098 ], [ 9.3821785, 41.649311 ], [ 9.382192624725405, 41.648872100000972 ], [ 9.38221950000019, 41.648037000000102 ], [ 9.382774500000096, 41.647556500000121 ], [ 9.3828765, 41.646911500000044 ], [ 9.383705000000191, 41.646820000000105 ], [ 9.38397300000014, 41.646446 ], [ 9.385452499999985, 41.646259500000099 ], [ 9.385734500000069, 41.646019000000138 ], [ 9.385957500000018, 41.645374500000059 ], [ 9.385062, 41.646007500000053 ], [ 9.384744500000011, 41.645267500000102 ], [ 9.38396, 41.645229500000141 ], [ 9.381658500000128, 41.646267000000194 ], [ 9.3811655, 41.64666 ], [ 9.380964500000118, 41.647079500000132 ], [ 9.381043545262685, 41.647741274292173 ], [ 9.381072000000131, 41.647979500000133 ], [ 9.38102450000008, 41.648075 ], [ 9.38062, 41.648323000000119 ], [ 9.37904450000002, 41.648693 ], [ 9.378626, 41.64871200000016 ], [ 9.377689500000201, 41.648506 ], [ 9.377243000000192, 41.6483 ], [ 9.377115, 41.648132500000031 ], [ 9.377139000000113, 41.64732 ], [ 9.377514, 41.646843000000104 ], [ 9.377396500000089, 41.645767 ], [ 9.376920499999983, 41.645298000000139 ], [ 9.376119500000129, 41.645122500000184 ], [ 9.376233000000127, 41.644577 ], [ 9.375743, 41.643387000000132 ], [ 9.375321500000041, 41.643371500000057 ], [ 9.37497900000011, 41.643020499999977 ], [ 9.374774, 41.643310499999984 ], [ 9.373901499999931, 41.643547 ], [ 9.373595000000137, 41.644104000000141 ], [ 9.373244500000112, 41.644176500000071 ], [ 9.372745500000065, 41.644024 ], [ 9.372420500000146, 41.643818 ], [ 9.37234, 41.643642500000112 ], [ 9.372548, 41.642772500000092 ], [ 9.373106, 41.642418 ], [ 9.37309450000015, 41.64233 ], [ 9.372483500000044, 41.642227 ], [ 9.372321000000113, 41.641876000000138 ], [ 9.371530500000063, 41.641800000000103 ], [ 9.371488500000112, 41.641342 ], [ 9.371650500000044, 41.641193499999986 ], [ 9.373532499999953, 41.640762500000051 ], [ 9.373409500000264, 41.640228500000092 ], [ 9.372514500000136, 41.6402895 ], [ 9.372298, 41.639980499999979 ], [ 9.371703000000139, 41.6400225000001 ], [ 9.371789000000149, 41.639744000000121 ], [ 9.371098500000187, 41.638881500000025 ], [ 9.370326, 41.638439 ], [ 9.370742000000178, 41.638408500000139 ], [ 9.370938891270555, 41.638196804874553 ], [ 9.371008, 41.638122500000122 ], [ 9.370790500000112, 41.637821 ], [ 9.371080500000119, 41.637623 ], [ 9.370419500000139, 41.636623500000042 ], [ 9.369602000000157, 41.636307 ], [ 9.368965391201073, 41.636573905050909 ], [ 9.368574, 41.636738 ], [ 9.367846500000041, 41.636787500000139 ], [ 9.367842500000279, 41.6356505 ], [ 9.367486, 41.635673500000166 ], [ 9.367461871544037, 41.635709386963072 ], [ 9.367229500000178, 41.636055000000113 ], [ 9.364413500000069, 41.636181 ], [ 9.363320500000214, 41.637783 ], [ 9.363363500000048, 41.638637500000073 ], [ 9.361998500000084, 41.639988 ], [ 9.360432500566503, 41.640533499802757 ], [ 9.357891000000222, 41.640968500000042 ], [ 9.354739, 41.640712500000177 ], [ 9.35124100000013, 41.639568500000166 ], [ 9.349429, 41.638466000000108 ], [ 9.348882523452573, 41.637667266405458 ], [ 9.348862500000166, 41.637638000000152 ], [ 9.34882588111924, 41.637621605443883 ], [ 9.348164500000109, 41.637325500000031 ], [ 9.34760200095667, 41.636635001174284 ], [ 9.347719, 41.635502 ], [ 9.347143007877605, 41.634851414934872 ], [ 9.346692, 41.634342000000117 ], [ 9.346564500000056, 41.633175 ], [ 9.346183, 41.632477 ], [ 9.346125500000198, 41.630897500000231 ], [ 9.346393500000147, 41.630024 ], [ 9.347256500000128, 41.629108500000143 ], [ 9.349349, 41.628437 ], [ 9.350404500000195, 41.628734500000121 ], [ 9.349972, 41.6291235 ], [ 9.350669, 41.629440500000101 ], [ 9.35138150000023, 41.628769000000148 ], [ 9.351846500000136, 41.628647 ], [ 9.352309, 41.627899000000127 ], [ 9.353332500000135, 41.627422500000137 ], [ 9.354461500000127, 41.627224 ], [ 9.353454500000112, 41.626335 ], [ 9.35281, 41.626468500000044 ], [ 9.352566, 41.626426499999923 ], [ 9.352366500000016, 41.626262500000053 ], [ 9.352222499957691, 41.625552999530669 ], [ 9.352186000000131, 41.625149000000135 ], [ 9.352283500000055, 41.624962 ], [ 9.352669000000162, 41.6246645 ], [ 9.352676351761659, 41.624665002637414 ], [ 9.35333450000013, 41.62471 ], [ 9.353124499999979, 41.624367 ], [ 9.354034499999955, 41.623947000000157 ], [ 9.353766500000177, 41.623604000000171 ], [ 9.354113499999926, 41.62299750000011 ], [ 9.353781489659468, 41.622502714161669 ], [ 9.353471, 41.62204 ], [ 9.353866499999924, 41.621841500000016 ], [ 9.353466, 41.621498 ], [ 9.353494500000068, 41.621227500000032 ], [ 9.35369500000013, 41.620804000000135 ], [ 9.353853, 41.620617000000152 ], [ 9.354189, 41.620414500000095 ], [ 9.354686500000128, 41.620571 ], [ 9.35483650000009, 41.620201 ], [ 9.355013889272584, 41.62009142821563 ], [ 9.355170000000157, 41.619995 ], [ 9.35553450000009, 41.62001800000013 ], [ 9.355912, 41.620170500000143 ], [ 9.356112500000165, 41.6203385 ], [ 9.35614, 41.620571 ], [ 9.355911500000047, 41.6212615 ], [ 9.357085000000154, 41.620956500000148 ], [ 9.357488500000102, 41.620300500000042 ], [ 9.35746, 41.620079 ], [ 9.357095, 41.619423 ], [ 9.356520499999988, 41.619140500000185 ], [ 9.355664500000046, 41.619606000000147 ], [ 9.355297000000178, 41.619537500000149 ], [ 9.355782500000032, 41.617382 ], [ 9.355221500000141, 41.617191500000047 ], [ 9.354609500000151, 41.616592500000195 ], [ 9.353559500000131, 41.616844 ], [ 9.353407000000118, 41.6170805000001 ], [ 9.352736500000049, 41.616981500000065 ], [ 9.352723000000196, 41.617477500000064 ], [ 9.351941000000124, 41.618564500000105 ], [ 9.351643500000023, 41.618587500000046 ], [ 9.350478, 41.618381500000055 ], [ 9.349522500000035, 41.617405000000133 ], [ 9.348845500000152, 41.617763500000081 ], [ 9.347583, 41.617752 ], [ 9.347357500000157, 41.617359000000192 ], [ 9.346354500000132, 41.617511500000035 ], [ 9.346252500000048, 41.617157 ], [ 9.34587850000014, 41.617042500000139 ], [ 9.345688, 41.617553499999985 ], [ 9.345411500000068, 41.617752 ], [ 9.344474, 41.617939 ], [ 9.344083000000126, 41.618282500000078 ], [ 9.343566, 41.619083500000102 ], [ 9.343289500000026, 41.619282 ], [ 9.342721000000211, 41.619545 ], [ 9.342016000000172, 41.619774 ], [ 9.339865500000201, 41.619358 ], [ 9.339569, 41.619381 ], [ 9.33978, 41.619632500000023 ], [ 9.339633000000163, 41.619911 ], [ 9.339286, 41.620025500000054 ], [ 9.338186500000177, 41.619957 ], [ 9.338544000000127, 41.620437500000037 ], [ 9.337887, 41.621067 ], [ 9.337435, 41.621311 ], [ 9.336742500000071, 41.621536500000161 ], [ 9.335349, 41.621536500000161 ], [ 9.334668, 41.621357 ], [ 9.333975, 41.621078500000124 ], [ 9.332250500000214, 41.620102000000145 ], [ 9.331720500000074, 41.619678500000077 ], [ 9.330144, 41.617931500000168 ], [ 9.329220000000134, 41.617214000000104 ], [ 9.32883, 41.616966 ], [ 9.327439500000025, 41.616371 ], [ 9.32561, 41.615631 ], [ 9.3249560000001, 41.615677000000119 ], [ 9.32411, 41.616127 ], [ 9.322712, 41.616077500000074 ], [ 9.322285500000135, 41.6160165 ], [ 9.321712499999933, 41.615734 ], [ 9.321318500000018, 41.615349000000151 ], [ 9.320555689174853, 41.615200991929498 ], [ 9.320079, 41.615108499999963 ], [ 9.319785000000138, 41.615169500000036 ], [ 9.317991500000119, 41.616329 ], [ 9.317340621028393, 41.616481717212082 ], [ 9.316169500000171, 41.616756500000122 ], [ 9.316066500000147, 41.61690150000004 ], [ 9.316153500000098, 41.61711900000023 ], [ 9.316286, 41.617241 ], [ 9.316536, 41.617317000000128 ], [ 9.318907500000023, 41.617580500000088 ], [ 9.319237000000101, 41.617832 ], [ 9.320310500000119, 41.61776750000007 ], [ 9.321948, 41.618435 ], [ 9.323124, 41.6181295 ], [ 9.323423499999933, 41.618118500000151 ], [ 9.324543, 41.618446500000118 ], [ 9.325317500000153, 41.618404500000054 ], [ 9.325843000000134, 41.618278500000088 ], [ 9.326238499999988, 41.617981 ], [ 9.327468000000124, 41.617733 ], [ 9.327512, 41.618088000000114 ], [ 9.3273650000001, 41.618366 ], [ 9.326481000000172, 41.618606500000055 ], [ 9.325714000000119, 41.619323500000064 ], [ 9.325414500000022, 41.619838500000014 ], [ 9.325478500000145, 41.620472 ], [ 9.325295499999925, 41.620441500000197 ], [ 9.324444000000199, 41.61922850000019 ], [ 9.323392, 41.619472500000086 ], [ 9.322555500000078, 41.620113500000059 ], [ 9.320519499999989, 41.620239500000139 ], [ 9.320058, 41.619899500000088 ], [ 9.320310500000119, 41.618892500000072 ], [ 9.320231500000148, 41.6186255 ], [ 9.320052, 41.618732499999965 ], [ 9.319683, 41.619159500000137 ], [ 9.318502500000079, 41.621040500000163 ], [ 9.3184415, 41.62154 ], [ 9.318011499999955, 41.622062500000027 ], [ 9.317189, 41.622829500000023 ], [ 9.315752, 41.623958500000185 ], [ 9.315374500000075, 41.623806 ], [ 9.315346500000089, 41.624077 ], [ 9.3148155, 41.624149500000044 ], [ 9.314835499999901, 41.624428000000137 ], [ 9.314289, 41.624367 ], [ 9.3143795000002, 41.624626 ], [ 9.313994500000149, 41.624923500000136 ], [ 9.313622144493365, 41.625088866046838 ], [ 9.310197, 41.626610000000198 ], [ 9.309767499999964, 41.627037 ], [ 9.309790500000133, 41.627224 ], [ 9.310797500000092, 41.626613500000133 ], [ 9.312262500000202, 41.62620950000013 ], [ 9.313462500000185, 41.625591500000155 ], [ 9.3133610000001, 41.626365500000077 ], [ 9.313537903879762, 41.62707182307048 ], [ 9.313908500000139, 41.628551500000071 ], [ 9.313616000000252, 41.628605 ], [ 9.313127500000178, 41.628639 ], [ 9.313102092611075, 41.628579182603858 ], [ 9.31281, 41.627891500000032 ], [ 9.311723000000143, 41.627823 ], [ 9.311320500000022, 41.628078500000015 ], [ 9.310534500000017, 41.628029 ], [ 9.309274488834035, 41.628386893554307 ], [ 9.309084, 41.628441 ], [ 9.308236, 41.628486500000065 ], [ 9.3076145, 41.628303500000015 ], [ 9.306241000000227, 41.627250500000116 ], [ 9.305880500000058, 41.626735500000109 ], [ 9.306019477007055, 41.626758066000718 ], [ 9.307103, 41.626934 ], [ 9.307142500000054, 41.626751 ], [ 9.306823500000121, 41.626491500000157 ], [ 9.305445238499829, 41.626201680819975 ], [ 9.305335, 41.626178500000037 ], [ 9.304591002730945, 41.625374001896546 ], [ 9.304516000000149, 41.624737000000152 ], [ 9.304825752158649, 41.623884522517415 ], [ 9.304986000000156, 41.623443500000064 ], [ 9.304904896217408, 41.623382364018084 ], [ 9.304328, 41.622947500000066 ], [ 9.304042000000209, 41.622555 ], [ 9.303999, 41.622196 ], [ 9.304142000000127, 41.621288500000105 ], [ 9.30516050000017, 41.620140000000106 ], [ 9.305485500000088, 41.618629500000168 ], [ 9.305684148709645, 41.618438110878003 ], [ 9.306238000000178, 41.617904500000066 ], [ 9.30608, 41.616974000000141 ], [ 9.306628000000103, 41.61644 ], [ 9.307283500000153, 41.616398000000117 ], [ 9.307273, 41.6163065 ], [ 9.306190500000127, 41.61578750000001 ], [ 9.306194500000288, 41.6152 ], [ 9.305217500000083, 41.615165500000103 ], [ 9.304401500000097, 41.614856500000087 ], [ 9.303807500000119, 41.6143035 ], [ 9.302838500000064, 41.614326500000118 ], [ 9.302357500000085, 41.613716 ], [ 9.301076, 41.613025500000106 ], [ 9.300742, 41.612735500000099 ], [ 9.300499000000116, 41.61220150000014 ], [ 9.300305500000093, 41.6120795 ], [ 9.298688, 41.611591500000145 ], [ 9.297625500000038, 41.610618500000101 ], [ 9.297002000000134, 41.610931500000049 ], [ 9.293749000000105, 41.610412500000109 ], [ 9.293482, 41.610191500000099 ], [ 9.2927515, 41.610599500000149 ], [ 9.292144, 41.610641500000042 ], [ 9.29146750000001, 41.610496500000124 ], [ 9.291019500000061, 41.61026 ], [ 9.290761000000145, 41.610004500000116 ], [ 9.290375428842594, 41.609454827623154 ], [ 9.290183000000127, 41.609180499999979 ], [ 9.288776500000097, 41.608948 ], [ 9.288096988153654, 41.609089126592778 ], [ 9.28784, 41.609142500000019 ], [ 9.287644500000056, 41.609016500000052 ], [ 9.287359, 41.608627500000011 ], [ 9.286569500000098, 41.6069185 ], [ 9.28668336568461, 41.606620728227426 ], [ 9.286854, 41.606174500000122 ], [ 9.286801500000138, 41.605728000000113 ], [ 9.2866285, 41.605282 ], [ 9.285399500000096, 41.603420500000141 ], [ 9.286538000000178, 41.600551500000108 ], [ 9.287504, 41.599498499999982 ], [ 9.287436500000069, 41.598827500000084 ], [ 9.286356, 41.598304500000154 ], [ 9.286339, 41.598667 ], [ 9.286038500000018, 41.598774000000105 ], [ 9.285806500000035, 41.598839 ], [ 9.285224653649038, 41.598763037831134 ], [ 9.285075, 41.598743500000069 ], [ 9.283912499999985, 41.59904100000017 ], [ 9.283408, 41.598842500000103 ], [ 9.283231500000113, 41.598362000000122 ], [ 9.28183, 41.598175 ], [ 9.281366500000217, 41.597797500000127 ], [ 9.281014500000026, 41.597362500000031 ], [ 9.280934500000171, 41.597187 ], [ 9.281997500000159, 41.596950500000048 ], [ 9.282762500000047, 41.596218 ], [ 9.283397500000206, 41.596000500000116 ], [ 9.283635000000118, 41.595981500000164 ], [ 9.283878500000014, 41.596012 ], [ 9.284647, 41.596420500000079 ], [ 9.284469500000057, 41.595936000000108 ], [ 9.285108500000206, 41.595669 ], [ 9.285095000000126, 41.595039499999984 ], [ 9.284558500000173, 41.595066 ], [ 9.284127, 41.594467 ], [ 9.283988, 41.594204 ], [ 9.28414800000013, 41.593517500000189 ], [ 9.284553500000072, 41.593399 ], [ 9.284644000000128, 41.592537 ], [ 9.284896000000174, 41.592029500000024 ], [ 9.285755933129849, 41.590986044556018 ], [ 9.285798, 41.590935 ], [ 9.285782000000154, 41.590797500000235 ], [ 9.285097000000121, 41.591194 ], [ 9.283608500000071, 41.591293500000063 ], [ 9.283134500000131, 41.590824000000111 ], [ 9.283052500000053, 41.590648500000157 ], [ 9.283212500000161, 41.589870500000075 ], [ 9.284161500000153, 41.589176 ], [ 9.284396, 41.589115000000106 ], [ 9.285218, 41.589477500000044 ], [ 9.286354, 41.589454500000102 ], [ 9.286952000000156, 41.588829 ], [ 9.287413124611874, 41.588737145273001 ], [ 9.287948500000141, 41.588630500000136 ], [ 9.288512, 41.58823 ], [ 9.288945, 41.588344500000119 ], [ 9.290534000000207, 41.587475 ], [ 9.291173, 41.587303 ], [ 9.291956, 41.587837 ], [ 9.2921955, 41.587829500000112 ], [ 9.292249500000025, 41.587780000000123 ], [ 9.292238000000168, 41.587681 ], [ 9.29144, 41.587017 ], [ 9.291370500000141, 41.586841500000105 ], [ 9.291680500000041, 41.586414500000103 ], [ 9.292358499999978, 41.585964 ], [ 9.294047500000147, 41.585548500000073 ], [ 9.294385000000148, 41.585251000000142 ], [ 9.29453750000016, 41.585018 ], [ 9.294399500000111, 41.584354500000018 ], [ 9.29410450000006, 41.584408000000167 ], [ 9.293954000000213, 41.584148500000026 ], [ 9.294066500000099, 41.583465499999988 ], [ 9.292757000000108, 41.58305 ], [ 9.292284000000222, 41.58258450000011 ], [ 9.292576, 41.582428000000164 ], [ 9.293051500000161, 41.58240150000006 ], [ 9.295279500000106, 41.582481500000142 ], [ 9.295828000000199, 41.58255 ], [ 9.295788, 41.583225500000026 ], [ 9.295401500000082, 41.583610500000077 ], [ 9.29542350000014, 41.58379 ], [ 9.296011, 41.584705500000098 ], [ 9.299060000000111, 41.585644000000116 ], [ 9.298778500000083, 41.585888 ], [ 9.30007350000011, 41.586712 ], [ 9.299531, 41.587291500000049 ], [ 9.299632000000145, 41.587639 ], [ 9.300485500000093, 41.588268500000027 ], [ 9.301596500000187, 41.589645500000131 ], [ 9.302332, 41.589775000000145 ], [ 9.303086500000177, 41.589462500000081 ], [ 9.303680500000098, 41.589424 ], [ 9.304048500000022, 41.589493000000118 ], [ 9.304304000000172, 41.589615 ], [ 9.3049565, 41.590069000000142 ], [ 9.30523, 41.590961500000105 ], [ 9.305916, 41.591682500000047 ], [ 9.305930000000103, 41.592407 ], [ 9.306862097332726, 41.592663702969276 ], [ 9.306983000000173, 41.592697000000157 ], [ 9.307813500000123, 41.593734500000039 ], [ 9.30871100000013, 41.594219 ], [ 9.309414, 41.595085 ], [ 9.309702, 41.596096 ], [ 9.31301800000017, 41.600597500000163 ], [ 9.313081, 41.601131500000122 ], [ 9.313426000000163, 41.601513 ], [ 9.31409, 41.602154000000155 ], [ 9.314799698398076, 41.602416206070529 ], [ 9.315658500000154, 41.602733499999943 ], [ 9.317664, 41.603969500000119 ], [ 9.318057000075328, 41.604850999557868 ], [ 9.318881000000147, 41.60461800000013 ], [ 9.319459851604506, 41.604779590088242 ], [ 9.319687, 41.604843 ], [ 9.321912000000111, 41.604881500000033 ], [ 9.324051000000168, 41.604614499999968 ], [ 9.324213512350923, 41.604537612436275 ], [ 9.325027500000147, 41.604152500000112 ], [ 9.326082, 41.604442500000175 ], [ 9.3263265, 41.603977 ], [ 9.326879500000075, 41.60408 ], [ 9.327047500000106, 41.603981 ], [ 9.327152500000125, 41.603256 ], [ 9.327861, 41.603161 ], [ 9.328064, 41.602741 ], [ 9.328844, 41.602237499999944 ], [ 9.329674, 41.602058500000055 ], [ 9.330091500000094, 41.602031499999953 ], [ 9.330776, 41.602253 ], [ 9.331167000000107, 41.6025085 ], [ 9.331253000000117, 41.60273 ], [ 9.331077500000163, 41.603370500000096 ], [ 9.331471500000077, 41.603657 ], [ 9.33169662201442, 41.603666463093589 ], [ 9.332375500000069, 41.60369500000013 ], [ 9.332788500000163, 41.603622500000142 ], [ 9.333671499116122, 41.603393499462697 ], [ 9.334008000000154, 41.603191500000037 ], [ 9.33398335346908, 41.603119435686551 ], [ 9.333824, 41.602653500000088 ], [ 9.334285500000021, 41.601902000000109 ], [ 9.336132217895965, 41.601230949105968 ], [ 9.337414500000079, 41.600765 ], [ 9.33759836250897, 41.599942457197244 ], [ 9.337813500000038, 41.59898 ], [ 9.339012, 41.598362000000122 ], [ 9.339241, 41.5976675 ], [ 9.340357, 41.597473 ], [ 9.340525500000126, 41.597370000000126 ], [ 9.340508500000112, 41.597137500000031 ], [ 9.339734000000135, 41.597278500000016 ], [ 9.3395175, 41.596977 ], [ 9.339999, 41.595772 ], [ 9.339538500000174, 41.59543600000012 ], [ 9.339318500000047, 41.595093 ], [ 9.339351500000134, 41.594864 ], [ 9.340251, 41.594261 ], [ 9.342147000000125, 41.593963500000143 ], [ 9.34252, 41.594085500000119 ], [ 9.342583500000046, 41.594711500000074 ], [ 9.344337500000051, 41.59473400000013 ], [ 9.345781500000157, 41.595367500000123 ], [ 9.347068, 41.594391000000201 ], [ 9.348053000000164, 41.594101 ], [ 9.351223000000232, 41.5944445 ], [ 9.353802500000143, 41.594333500000062 ], [ 9.355111358860881, 41.595583193245261 ], [ 9.35561650000011, 41.5960655 ], [ 9.356665500000076, 41.596004500000106 ], [ 9.357268500000032, 41.595833000000141 ], [ 9.358576, 41.596248500000058 ], [ 9.35956850000008, 41.595916500000101 ], [ 9.360614000000112, 41.596130500000015 ], [ 9.361291000000165, 41.595768 ], [ 9.364424500000098, 41.595798500000114 ], [ 9.364986500000043, 41.595985499999927 ], [ 9.365083500000082, 41.596889500000145 ], [ 9.365442500000086, 41.596779 ], [ 9.365781, 41.597202500000094 ], [ 9.365725500000053, 41.597748000000138 ], [ 9.365849500000195, 41.597786 ], [ 9.36602900000014, 41.597774500000014 ], [ 9.366089000000102, 41.597275 ], [ 9.367091, 41.597530500000062 ], [ 9.367362000000128, 41.597286 ], [ 9.368000000000166, 41.597614500000077 ], [ 9.368038, 41.598015 ], [ 9.368340500000102, 41.598037500000089 ], [ 9.368308, 41.597679 ], [ 9.368633499999987, 41.597389 ], [ 9.36843, 41.596088500000121 ], [ 9.367592000000116, 41.5956 ], [ 9.367761500000142, 41.594906000000151 ], [ 9.367892500000153, 41.594494000000168 ], [ 9.369089, 41.594375500000126 ], [ 9.369371500000113, 41.594223000000113 ], [ 9.36936, 41.5941355 ], [ 9.367906500000061, 41.593006 ], [ 9.367278000000113, 41.592769500000145 ], [ 9.3672535, 41.592457 ], [ 9.368006500000149, 41.592235500000015 ], [ 9.368093500000043, 41.591957 ], [ 9.367959000000155, 41.591236 ], [ 9.367246500000135, 41.59079000000014 ], [ 9.367172, 41.589573000000144 ], [ 9.366241499999944, 41.589813000000106 ], [ 9.366093500000147, 41.590183500000194 ], [ 9.365101, 41.591011 ], [ 9.364814000000138, 41.591118000000108 ], [ 9.364582000000155, 41.591175 ], [ 9.36436550000019, 41.59087750000009 ], [ 9.363341500000161, 41.590847 ], [ 9.36325, 41.591076000000157 ], [ 9.363025738668227, 41.591114131576091 ], [ 9.362779500000215, 41.591156 ], [ 9.362482000000114, 41.590683 ], [ 9.362162499999954, 41.591015 ], [ 9.361917500000118, 41.591068500000063 ], [ 9.361485500000072, 41.590961500000105 ], [ 9.361284499999954, 41.590793500000075 ], [ 9.361851500000171, 41.5893175 ], [ 9.361725, 41.588146 ], [ 9.3619470000001, 41.587501499999973 ], [ 9.361573, 41.587391 ], [ 9.361180500000046, 41.587597 ], [ 9.360848499999975, 41.587341500000093 ], [ 9.360610000000122, 41.587356500000055 ], [ 9.360290499999962, 41.587692500000173 ], [ 9.360047500000121, 41.587665500000071 ], [ 9.359789, 41.587501499999973 ], [ 9.359452, 41.586708 ], [ 9.359464030814422, 41.58615282192784 ], [ 9.359472499999981, 41.585762000000102 ], [ 9.359207685922968, 41.58601358269118 ], [ 9.358762000000183, 41.586437 ], [ 9.358130500000129, 41.585571500000015 ], [ 9.35820831087608, 41.585470750657805 ], [ 9.35839, 41.585235500000067 ], [ 9.357590645334085, 41.585135252344912 ], [ 9.357477, 41.585121000000186 ], [ 9.3558875, 41.584350500000028 ], [ 9.355675500000018, 41.584095 ], [ 9.355990500000189, 41.583626 ], [ 9.355285500000093, 41.582130500000062 ], [ 9.355551500000104, 41.581844499999988 ], [ 9.354925, 41.581615500000225 ], [ 9.355148500000155, 41.581379 ], [ 9.354826000000116, 41.58012750000006 ], [ 9.354221500000165, 41.579536500000017 ], [ 9.353425, 41.579403000000127 ], [ 9.353588000000173, 41.579258000000209 ], [ 9.353470000000186, 41.578769500000135 ], [ 9.35306, 41.578247 ], [ 9.353044500000124, 41.5781135000002 ], [ 9.353141000000107, 41.5779265 ], [ 9.353623500000083, 41.577949500000159 ], [ 9.353754000000208, 41.577533500000015 ], [ 9.352356253239918, 41.577319048570928 ], [ 9.352287500000216, 41.577308500000015 ], [ 9.351287, 41.577457500000094 ], [ 9.350341, 41.57706050000013 ], [ 9.350302500000112, 41.576748 ], [ 9.349682, 41.576565 ], [ 9.349851500000113, 41.575878 ], [ 9.347612500000082, 41.575199000000111 ], [ 9.347847000000172, 41.574058500000092 ], [ 9.349076500000081, 41.57379549999996 ], [ 9.349940500000173, 41.572387500000161 ], [ 9.349952500000086, 41.571892 ], [ 9.349109500000168, 41.571357500000033 ], [ 9.349558000000115, 41.57111 ], [ 9.349234500000193, 41.570804500000122 ], [ 9.349420500000122, 41.570343 ], [ 9.350014451855998, 41.570398820702167 ], [ 9.350027, 41.5704 ], [ 9.3503465, 41.570064500000171 ], [ 9.350083500000096, 41.569263500000147 ], [ 9.350088000000142, 41.5688095000001 ], [ 9.350387500000011, 41.568702500000086 ], [ 9.350160500000072, 41.56831 ], [ 9.350384500000132, 41.567577500000084 ], [ 9.350272, 41.566627500000038 ], [ 9.350171, 41.566189000000179 ], [ 9.34987550000011, 41.565712000000133 ], [ 9.349681, 41.565586000000167 ], [ 9.349565108869001, 41.565575295398503 ], [ 9.348528, 41.565479500000095 ], [ 9.348377000000141, 41.565216000000134 ], [ 9.3488865, 41.564960500000097 ], [ 9.34891099957747, 41.564912750823567 ], [ 9.348984500000142, 41.564769500000125 ], [ 9.348915, 41.56459800000016 ], [ 9.348126499999978, 41.564010500000052 ], [ 9.348278000000107, 41.563778 ], [ 9.347621000000117, 41.563282000000129 ], [ 9.347646500000053, 41.562908000000107 ], [ 9.34715100000011, 41.562759500000084 ], [ 9.34715650000021, 41.56230950000014 ], [ 9.346323, 41.561863 ], [ 9.345982913032685, 41.561946904165893 ], [ 9.345334, 41.562107 ], [ 9.344969, 41.561043000000154 ], [ 9.344832500000109, 41.560917 ], [ 9.344492, 41.561077000000125 ], [ 9.343899, 41.560611500000164 ], [ 9.343413500000111, 41.559967000000142 ], [ 9.343191999243004, 41.55912000069884 ], [ 9.342564500000037, 41.559387000000129 ], [ 9.34234813479361, 41.559138982168236 ], [ 9.341816000000108, 41.558529 ], [ 9.34090559257811, 41.559171429416153 ], [ 9.33991350000008, 41.559871500000042 ], [ 9.33893850000004, 41.559746000000132 ], [ 9.338079769821206, 41.559234990933419 ], [ 9.337842000000137, 41.559093500000131 ], [ 9.337617000000137, 41.558700499999986 ], [ 9.336653500000011, 41.55867000000012 ], [ 9.336688, 41.557857500000011 ], [ 9.336381, 41.557785 ], [ 9.336102500000095, 41.558071 ], [ 9.336627000000135, 41.559059000000161 ], [ 9.336316488288674, 41.559274652603278 ], [ 9.335962500000051, 41.559520500000133 ], [ 9.335369000000128, 41.559562500000084 ], [ 9.335142084071435, 41.559301068596255 ], [ 9.334882500000049, 41.559002 ], [ 9.334726500000102, 41.559189 ], [ 9.334803293496975, 41.559308689046816 ], [ 9.335093500000085, 41.559761000000151 ], [ 9.3342255, 41.560127500000078 ], [ 9.333153500000151, 41.560192 ], [ 9.331943500000023, 41.560089000000119 ], [ 9.329454500000168, 41.559429000000193 ], [ 9.326456000000235, 41.558307500000126 ], [ 9.325359500000104, 41.557647500000087 ], [ 9.323992500000145, 41.557235500000104 ], [ 9.321286000000214, 41.555645 ], [ 9.320450000000108, 41.555061500000136 ], [ 9.320325846786716, 41.554959999068387 ], [ 9.319521000000179, 41.554302 ], [ 9.318909500000188, 41.553703500000211 ], [ 9.318684500000074, 41.5532265 ], [ 9.318578000000116, 41.552826 ], [ 9.318520499999977, 41.552334 ], [ 9.318611, 41.552105 ], [ 9.318889499999955, 41.551819 ], [ 9.319343500000059, 41.551605 ], [ 9.319760500000086, 41.551574500000129 ], [ 9.319739500000139, 41.551395500000069 ], [ 9.31863600000014, 41.551193 ], [ 9.318419500000175, 41.551388 ], [ 9.317512500000078, 41.551315499999987 ], [ 9.317593500000044, 41.550995000000114 ], [ 9.317252, 41.550644 ], [ 9.316804, 41.5509035 ], [ 9.316075500000011, 41.550815500000169 ], [ 9.315801500000077, 41.55114 ], [ 9.315662500000144, 41.550880500000062 ], [ 9.315489000000184, 41.550937500000146 ], [ 9.315201, 41.551132000000109 ], [ 9.314957500000048, 41.551605 ], [ 9.314361500000132, 41.551639499999965 ], [ 9.31171336932789, 41.550743695864753 ], [ 9.311429000000146, 41.550647500000139 ], [ 9.310278, 41.550041 ], [ 9.309246, 41.549423000000104 ], [ 9.308441, 41.548706 ], [ 9.308162500000037, 41.548275 ], [ 9.307873, 41.547340500000075 ], [ 9.307891000000154, 41.546890499999961 ], [ 9.308036, 41.546608 ], [ 9.308260000000132, 41.546459000000141 ], [ 9.308985, 41.546509 ], [ 9.309463500000049, 41.545891 ], [ 9.309425499999918, 41.545578 ], [ 9.308959, 41.545688499999983 ], [ 9.308998, 41.543888 ], [ 9.308569, 41.543815500000107 ], [ 9.3082885, 41.54396800000012 ], [ 9.308137000000102, 41.544208500000138 ], [ 9.308313500000111, 41.544697 ], [ 9.307961500000147, 41.545353000000148 ], [ 9.307683000000168, 41.545543500000065 ], [ 9.306509, 41.545845 ], [ 9.305446500000016, 41.5459975 ], [ 9.303684, 41.545883000000117 ], [ 9.302636000000177, 41.54562750000008 ], [ 9.302104, 41.545074500000169 ], [ 9.302202, 41.544395500000121 ], [ 9.300695500000074, 41.543812 ], [ 9.301026500000091, 41.54347249999995 ], [ 9.300998500000048, 41.543239500000027 ], [ 9.300935000000152, 41.543201500000123 ], [ 9.300539, 41.543499 ], [ 9.300209072030157, 41.543401038813158 ], [ 9.299793, 41.543277500000158 ], [ 9.299475500000199, 41.543121500000041 ], [ 9.298866500000088, 41.542427000000146 ], [ 9.298905396032751, 41.542205047813923 ], [ 9.298938000000135, 41.542019000000153 ], [ 9.298518399079683, 41.541850017213108 ], [ 9.29805650000003, 41.541664 ], [ 9.298218068267602, 41.541574494039594 ], [ 9.298339000000112, 41.54150750000008 ], [ 9.298335000000122, 41.541374 ], [ 9.298174000000131, 41.541027 ], [ 9.297985000000153, 41.540951 ], [ 9.297607533578116, 41.541014390152725 ], [ 9.29673750000012, 41.54116050000016 ], [ 9.296410500000093, 41.540909000000113 ], [ 9.296649273179582, 41.540135283063023 ], [ 9.296722500000101, 41.539898000000164 ], [ 9.296705, 41.539764500000103 ], [ 9.296397000000184, 41.539684500000078 ], [ 9.296551500000191, 41.53936 ], [ 9.296118500000091, 41.539257 ], [ 9.296026, 41.53899 ], [ 9.295865, 41.539135000000101 ], [ 9.295621, 41.5391085 ], [ 9.295448157658427, 41.539033380937383 ], [ 9.295242500000086, 41.538944 ], [ 9.294838000000141, 41.538566500000115 ], [ 9.294762500000161, 41.538437 ], [ 9.294764232888099, 41.538405949066885 ], [ 9.294805500000166, 41.537666500000057 ], [ 9.295215500000154, 41.537594000000126 ], [ 9.295173500000033, 41.537239 ], [ 9.295103, 41.537155 ], [ 9.294502500000135, 41.53714 ], [ 9.294162, 41.537296500000025 ], [ 9.294266500000106, 41.536659000000213 ], [ 9.293423500000188, 41.536121500000149 ], [ 9.292581499999983, 41.536091000000113 ], [ 9.292762, 41.535488 ], [ 9.292654000000141, 41.535084 ], [ 9.292519500000196, 41.534958 ], [ 9.292281, 41.53497300000015 ], [ 9.292178, 41.535114500000134 ], [ 9.292225000000144, 41.535515 ], [ 9.291798500000027, 41.535545500000069 ], [ 9.291425500719527, 41.535343000108924 ], [ 9.291345500000034, 41.535167500000057 ], [ 9.291622, 41.53497300000015 ], [ 9.291232, 41.534721500000103 ], [ 9.291196, 41.534408500000154 ], [ 9.291619500000138, 41.533836500000064 ], [ 9.292285, 41.533386000000121 ], [ 9.292249500000025, 41.532985500000223 ], [ 9.291889, 41.532470500000045 ], [ 9.291690000000131, 41.532303 ], [ 9.291575500000079, 41.532352500000059 ], [ 9.291558500000065, 41.532715 ], [ 9.290898499999969, 41.532703500000139 ], [ 9.290387000000123, 41.532425 ], [ 9.290603500000088, 41.532230500000082 ], [ 9.290518000000134, 41.532013 ], [ 9.290252500000179, 41.531803 ], [ 9.289007, 41.530887500000176 ], [ 9.288213, 41.530754000000115 ], [ 9.287631000000204, 41.530388 ], [ 9.287372500000117, 41.529629000000114 ], [ 9.287242, 41.529545 ], [ 9.286683, 41.529358 ], [ 9.286563000000115, 41.529358 ], [ 9.2856195, 41.530098 ], [ 9.285213500000168, 41.530212500000061 ], [ 9.284964500000171, 41.530143500000065 ], [ 9.28489100000013, 41.529514500000062 ], [ 9.283562500000187, 41.52882 ], [ 9.28277850000012, 41.528873500000145 ], [ 9.282724500000086, 41.528919 ], [ 9.2829, 41.529899500000113 ], [ 9.282844500000067, 41.530040500000041 ], [ 9.282449500000098, 41.530243 ], [ 9.28142350000013, 41.530178 ], [ 9.280420500000105, 41.53041450000012 ], [ 9.280478500000072, 41.530906500000128 ], [ 9.280315500000086, 41.531051500000046 ], [ 9.279563, 41.531372 ], [ 9.278687500000046, 41.531566500000054 ], [ 9.277384, 41.531688499999973 ], [ 9.277220000000113, 41.531925 ], [ 9.276495000000182, 41.531875500000012 ], [ 9.275394500000061, 41.531677000000116 ], [ 9.274583, 41.531406500000116 ], [ 9.273804500000153, 41.530910500000118 ], [ 9.273074000000122, 41.530193500000109 ], [ 9.272691, 41.52949150000012 ], [ 9.272506, 41.528824000000157 ], [ 9.2724955, 41.527103500000067 ], [ 9.272107, 41.525234000000125 ], [ 9.272300500000028, 41.524231 ], [ 9.272660499999972, 41.523624499999983 ], [ 9.27335450000021, 41.522812000000101 ], [ 9.273679500000128, 41.522518000000105 ], [ 9.274322500000039, 41.522384500000044 ], [ 9.27501500000011, 41.522663 ], [ 9.276599, 41.522793 ], [ 9.276672129955671, 41.522797779326538 ], [ 9.2783510000001, 41.522907499999974 ], [ 9.278885, 41.522873000000175 ], [ 9.279653501099801, 41.52278499912461 ], [ 9.2807600000001, 41.521904 ], [ 9.281379500000014, 41.520962000000111 ], [ 9.282348500000069, 41.520950500000083 ], [ 9.282369500000073, 41.521126 ], [ 9.282667000000174, 41.521110499999963 ], [ 9.282769667206594, 41.521079326825713 ], [ 9.283245, 41.520935 ], [ 9.283918500000141, 41.520450500000095 ], [ 9.284277000000145, 41.51942850000006 ], [ 9.284223130670682, 41.518910502267886 ], [ 9.284188500000084, 41.5185775 ], [ 9.284465363294714, 41.517685945828362 ], [ 9.284545, 41.517429500000048 ], [ 9.284533498428686, 41.517341498281439 ], [ 9.283515000000136, 41.51622750000007 ], [ 9.283654081425084, 41.515930754245517 ], [ 9.283754500000043, 41.515716500000053 ], [ 9.283737, 41.514942000000133 ], [ 9.283655000000181, 41.514766500000178 ], [ 9.283386000000121, 41.514518500000065 ], [ 9.282955, 41.514408 ], [ 9.282712574574646, 41.51442040599926 ], [ 9.282359, 41.51443850000021 ], [ 9.28241131307783, 41.513937127759391 ], [ 9.282415500000127, 41.513897000000156 ], [ 9.28237961942466, 41.513886285374895 ], [ 9.2815465, 41.513637500000016 ], [ 9.281996500000105, 41.513294 ], [ 9.281997157580406, 41.513272747007591 ], [ 9.282009, 41.512890000000141 ], [ 9.281975000000102, 41.512611500000048 ], [ 9.281432865604586, 41.5123675200349 ], [ 9.281279500000096, 41.512298500000043 ], [ 9.281336944448071, 41.512213645051929 ], [ 9.281597, 41.511829500000147 ], [ 9.281510500000195, 41.511608000000138 ], [ 9.281235500000207, 41.511299 ], [ 9.280889500000171, 41.5114175 ], [ 9.280676, 41.510528499999964 ], [ 9.280233500000065, 41.510326500000133 ], [ 9.280598500000053, 41.509857 ], [ 9.280165500000123, 41.509742500000129 ], [ 9.280053, 41.5092085 ], [ 9.279147412894474, 41.508701238168726 ], [ 9.278964000000201, 41.5085985 ], [ 9.278860860267685, 41.508241555632083 ], [ 9.27876, 41.507892500000025 ], [ 9.278621968170285, 41.507858329253963 ], [ 9.278453, 41.507816500000104 ], [ 9.278421500000036, 41.507545500000106 ], [ 9.277934, 41.507488499999965 ], [ 9.277922499999988, 41.506771000000128 ], [ 9.27756, 41.506748 ], [ 9.277694499612153, 41.506370500143021 ], [ 9.277302500000019, 41.5060805 ], [ 9.276377500000024, 41.505863 ], [ 9.276651500000185, 41.505531500000075 ], [ 9.275508, 41.5049745 ], [ 9.274995, 41.504188500000168 ], [ 9.273686500000167, 41.504268500000194 ], [ 9.272543, 41.503704 ], [ 9.272323500000198, 41.503357000000108 ], [ 9.271913499999982, 41.503433 ], [ 9.270776500000068, 41.50233100000014 ], [ 9.268897, 41.501625 ], [ 9.268241, 41.501129000000162 ], [ 9.268203500000141, 41.500816500000042 ], [ 9.268393500000059, 41.500400500000069 ], [ 9.269002, 41.499359 ], [ 9.269433000000106, 41.498844 ], [ 9.269871000000137, 41.498501000000147 ], [ 9.270233, 41.498428500000159 ], [ 9.270784500000048, 41.498527500000023 ], [ 9.27111350000007, 41.498878500000103 ], [ 9.272642, 41.498546500000145 ], [ 9.27404700000011, 41.499283 ], [ 9.274867000000143, 41.499138 ], [ 9.275033000000178, 41.49890500000015 ], [ 9.275016, 41.498771500000146 ], [ 9.27456449999994, 41.498485500000072 ], [ 9.2751705, 41.498039 ], [ 9.275482, 41.49702450000018 ], [ 9.276144000000102, 41.496441 ], [ 9.276081000000204, 41.495910500000036 ], [ 9.276486500000033, 41.495701000000111 ], [ 9.277184500000203, 41.4955175 ], [ 9.277426500000161, 41.495548 ], [ 9.277799500000128, 41.49565900000016 ], [ 9.278453, 41.496116500000198 ], [ 9.278795, 41.496589500000084 ], [ 9.278860000000122, 41.497135 ], [ 9.279743000000167, 41.498031500000025 ], [ 9.280047500000137, 41.498684 ], [ 9.280011000000115, 41.499496500000078 ], [ 9.280013526146888, 41.499499635288714 ], [ 9.280081500000108, 41.499584 ], [ 9.280255500000123, 41.499527000000114 ], [ 9.280408000000136, 41.499202500000081 ], [ 9.281028500000104, 41.499397500000043 ], [ 9.281516000000124, 41.498958500000128 ], [ 9.282122500000014, 41.498916500000064 ], [ 9.282495499999982, 41.499126499999988 ], [ 9.282449500000098, 41.499759500000152 ], [ 9.282811000000152, 41.499778500000104 ], [ 9.282746500000144, 41.500232500000038 ], [ 9.283184000000119, 41.500396500000079 ], [ 9.28467650000016, 41.499752 ], [ 9.28581250000002, 41.499241 ], [ 9.285788500000137, 41.498924500000157 ], [ 9.286778500000139, 41.498180500000046 ], [ 9.286748, 41.497822 ], [ 9.285969500000022, 41.497825500000033 ], [ 9.2859385000001, 41.497558500000139 ], [ 9.286423500000126, 41.49648650000006 ], [ 9.286541, 41.495353500000135 ], [ 9.286638500000151, 41.495167000000151 ], [ 9.287172500000054, 41.495132500000125 ], [ 9.287401, 41.495029500000101 ], [ 9.287904, 41.494632500000137 ], [ 9.287932500000068, 41.494362000000137 ], [ 9.287450000000149, 41.493213500000138 ], [ 9.287700500000085, 41.492298 ], [ 9.287117, 41.492428 ], [ 9.287205500000141, 41.4920580000001 ], [ 9.286605, 41.492145500000049 ], [ 9.286025000000166, 41.491184 ], [ 9.285425, 41.491169 ], [ 9.285038, 41.490432500000111 ], [ 9.284304500000076, 41.490291500000126 ], [ 9.284236000000135, 41.48962 ], [ 9.283625500000028, 41.489525000000128 ], [ 9.28351800021926, 41.489116500832665 ], [ 9.28418750000003, 41.488083 ], [ 9.28407, 41.487598500000104 ], [ 9.28457950000012, 41.487247499999967 ], [ 9.284852763062759, 41.487217592381569 ], [ 9.285347000000229, 41.487163499999951 ], [ 9.285489, 41.486839499999974 ], [ 9.286527499999977, 41.486408000000154 ], [ 9.286995000000161, 41.485698500000069 ], [ 9.287465000000111, 41.485634 ], [ 9.287441500000114, 41.48481750000002 ], [ 9.287773, 41.484073500000079 ], [ 9.287746500000139, 41.483852500000125 ], [ 9.28726099929969, 41.483791499963274 ], [ 9.286899500000061, 41.483772500000043 ], [ 9.286773560172037, 41.484012245307781 ], [ 9.28655700000013, 41.484424499999989 ], [ 9.28577050000024, 41.48446650000011 ], [ 9.285244, 41.482826000000102 ], [ 9.284281000000135, 41.482895 ], [ 9.284501, 41.480484000000104 ], [ 9.283602, 41.479362500000207 ], [ 9.284699500000102, 41.479023 ], [ 9.284700500000156, 41.478931500000101 ], [ 9.28424, 41.478058 ], [ 9.284520000000157, 41.477905500000077 ], [ 9.283862, 41.47731 ], [ 9.283560000000136, 41.477379 ], [ 9.283592000000112, 41.477642 ], [ 9.282922, 41.477550500000063 ], [ 9.282508, 41.4770775 ], [ 9.281953, 41.476936500000022 ], [ 9.281847, 41.476444000000129 ], [ 9.281484500000033, 41.476417500000082 ], [ 9.281539, 41.475876 ], [ 9.281221500000072, 41.475712000000158 ], [ 9.28098400000016, 41.47573100000011 ], [ 9.280352500000163, 41.475948500000186 ], [ 9.279949000000158, 41.476196500000071 ], [ 9.279682605972425, 41.476458153117221 ], [ 9.27935900000017, 41.476776 ], [ 9.278386000000125, 41.476749500000039 ], [ 9.278198, 41.476574 ], [ 9.277749, 41.475204500000075 ], [ 9.276397, 41.474392 ], [ 9.27625200000017, 41.474163 ], [ 9.2760525, 41.473499500000059 ], [ 9.276476, 41.4729345 ], [ 9.276828, 41.472866 ], [ 9.276488499999971, 41.4725305 ], [ 9.276780993507657, 41.472396466572604 ], [ 9.276955500000099, 41.472316500000034 ], [ 9.276944, 41.472229 ], [ 9.276362500000062, 41.471355500000129 ], [ 9.276093500000172, 41.471103500000027 ], [ 9.275830367440165, 41.471065777118326 ], [ 9.275668, 41.471042500000181 ], [ 9.275653000000148, 41.47081750000001 ], [ 9.275040500000102, 41.470806000000152 ], [ 9.275074, 41.471073 ], [ 9.274014500000135, 41.471233500000153 ], [ 9.273474500000191, 41.470718499999975 ], [ 9.272548500000141, 41.4704665000001 ], [ 9.272516500000165, 41.470199500000035 ], [ 9.272272, 41.470161500000074 ], [ 9.271931500000051, 41.470321500000011 ], [ 9.271889500000157, 41.470459 ], [ 9.271919500000138, 41.470726 ], [ 9.272484000000134, 41.471554 ], [ 9.272531500000127, 41.471954500000095 ], [ 9.272189, 41.472202500000037 ], [ 9.271335500000134, 41.472572500000069 ], [ 9.270804500000054, 41.472645 ], [ 9.270077000000128, 41.472557 ], [ 9.269072500000107, 41.472255500000131 ], [ 9.268629, 41.472057500000119 ], [ 9.268259000000114, 41.471859 ], [ 9.267046000000164, 41.470707000000118 ], [ 9.266812500000015, 41.470134500000142 ], [ 9.266659000000118, 41.469337500000108 ], [ 9.266736, 41.468876000000137 ], [ 9.267490500000122, 41.467563500000097 ], [ 9.268326000000172, 41.466930500000103 ], [ 9.26878650000009, 41.4667665 ], [ 9.269201500000122, 41.466736 ], [ 9.271359500000017, 41.467785000000106 ], [ 9.271536, 41.467773500000021 ], [ 9.271534523134449, 41.467709383666488 ], [ 9.271521500000063, 41.467144 ], [ 9.271925, 41.466888499999982 ], [ 9.27229, 41.466953500000045 ], [ 9.273499500000128, 41.465938500000107 ], [ 9.273947500000077, 41.465683 ], [ 9.274407500000109, 41.465515 ], [ 9.274717500000179, 41.465496 ], [ 9.274989000000119, 41.465885000000128 ], [ 9.27524300000016, 41.466011 ], [ 9.275718500000039, 41.465976500000011 ], [ 9.275992499999973, 41.466278000000102 ], [ 9.27629450000012, 41.466305 ], [ 9.27635, 41.46616350000005 ], [ 9.276005500000167, 41.465782000000104 ], [ 9.276973000000112, 41.465358500000036 ], [ 9.277579500000229, 41.465416 ], [ 9.277754, 41.465271 ], [ 9.277799500000128, 41.46463800000015 ], [ 9.2775385, 41.464462500000195 ], [ 9.277941500000111, 41.464218000000187 ], [ 9.277316, 41.463485500000161 ], [ 9.277251000000206, 41.463444 ], [ 9.276479000000108, 41.463489500000151 ], [ 9.275909500000068, 41.462719 ], [ 9.273991499999966, 41.462196500000118 ], [ 9.273800000000108, 41.462074500000142 ], [ 9.274005, 41.461792 ], [ 9.273444000000154, 41.461601500000086 ], [ 9.272839500000032, 41.461544000000117 ], [ 9.272666, 41.461601500000086 ], [ 9.272531500000127, 41.461971500000118 ], [ 9.271152500000085, 41.462063 ], [ 9.271174500000143, 41.462242000000117 ], [ 9.2707565, 41.462257499999964 ], [ 9.270431499999972, 41.462551000000133 ], [ 9.270404000000156, 41.46291350000007 ], [ 9.269869000000142, 41.462951500000031 ], [ 9.269871499999965, 41.463485500000161 ], [ 9.269322500000044, 41.463386500000126 ], [ 9.26921950000002, 41.463531500000045 ], [ 9.269442500000025, 41.464012 ], [ 9.268946500000197, 41.4643595 ], [ 9.268648, 41.465503499999954 ], [ 9.268625798162475, 41.4655142394937 ], [ 9.267788, 41.465919500000098 ], [ 9.267152, 41.466099 ], [ 9.266437500000052, 41.466137 ], [ 9.265881500000091, 41.465996 ], [ 9.265619500000071, 41.46579 ], [ 9.265575500000125, 41.465423500000099 ], [ 9.265165499999966, 41.465492 ], [ 9.264686500000153, 41.464985 ], [ 9.264650500000016, 41.464672000000121 ], [ 9.263923500000089, 41.463989500000139 ], [ 9.263379, 41.463936 ], [ 9.263218000000109, 41.463577500000156 ], [ 9.261699500000077, 41.463402 ], [ 9.261668, 41.463135000000136 ], [ 9.260482, 41.462711500000069 ], [ 9.259248500000126, 41.461879499999952 ], [ 9.259179, 41.461796000000163 ], [ 9.259324000000163, 41.461513500000081 ], [ 9.25894750000009, 41.461361 ], [ 9.258814, 41.4611435 ], [ 9.258754500000123, 41.460644 ], [ 9.258919, 41.460003000000142 ], [ 9.259321000000114, 41.459755 ], [ 9.258966500000099, 41.459278 ], [ 9.259289000000138, 41.458854500000143 ], [ 9.259643500000152, 41.458828 ], [ 9.259663332471632, 41.45875048406009 ], [ 9.259725500000172, 41.458507500000053 ], [ 9.259290500000077, 41.458359 ], [ 9.259208500000057, 41.458183500000075 ], [ 9.259411000000114, 41.457855 ], [ 9.258816, 41.457885500000089 ], [ 9.258724, 41.457622500000014 ], [ 9.259066500000017, 41.457374500000071 ], [ 9.259238, 41.456192000000101 ], [ 9.258152000000166, 41.45621100000011 ], [ 9.257839000000217, 41.456096500000058 ], [ 9.257933500000036, 41.45577250000008 ], [ 9.257192500000201, 41.4556885 ], [ 9.256937, 41.454933 ], [ 9.257227, 41.454864500000042 ], [ 9.257255500000099, 41.454593500000215 ], [ 9.256927500000131, 41.454349500000092 ], [ 9.256744500000082, 41.454315 ], [ 9.25646200000017, 41.454468000000134 ], [ 9.256425, 41.45577250000008 ], [ 9.255721833073835, 41.455775930082609 ], [ 9.255707500000085, 41.455776000000185 ], [ 9.255710650296635, 41.455767490712162 ], [ 9.255843, 41.45541 ], [ 9.255510500000128, 41.455017 ], [ 9.254830500000196, 41.454929500000105 ], [ 9.254724908551509, 41.455023575330586 ], [ 9.254505, 41.455219500000112 ], [ 9.253415000000132, 41.455101 ], [ 9.253258500000129, 41.454796000000101 ], [ 9.252919000000134, 41.454956 ], [ 9.251789, 41.453983500000163 ], [ 9.251445, 41.453506500000174 ], [ 9.251349500000117, 41.45270150000016 ], [ 9.25107516430495, 41.452269201887816 ], [ 9.250630500000113, 41.4515685 ], [ 9.250065657996174, 41.451507351966711 ], [ 9.249540499999966, 41.451450500000192 ], [ 9.2489655, 41.451130000000148 ], [ 9.247972500000117, 41.451961500000039 ], [ 9.247779, 41.451832000000138 ], [ 9.248246, 41.451122500000054 ], [ 9.246043, 41.449676499999953 ], [ 9.24617, 41.449127 ], [ 9.245786500000065, 41.448929000000135 ], [ 9.245589500000108, 41.448265 ], [ 9.244668, 41.44805150000002 ], [ 9.243813500000044, 41.446789000000138 ], [ 9.243225, 41.446964500000092 ], [ 9.242218000000207, 41.4464415 ], [ 9.240731, 41.446617 ], [ 9.239227500000027, 41.446033500000169 ], [ 9.238883693080425, 41.445518485586149 ], [ 9.238733500000023, 41.445293500000048 ], [ 9.235782500000141, 41.444702 ], [ 9.235599500000092, 41.444671500000084 ], [ 9.235597698990603, 41.444671616139942 ], [ 9.234529500000178, 41.444740500000137 ], [ 9.234195500000055, 41.44444250000015 ], [ 9.233504500000095, 41.444668 ], [ 9.232944500000144, 41.444481000000167 ], [ 9.232347500000117, 41.444595500000048 ], [ 9.23114100000015, 41.443992500000036 ], [ 9.229629500000101, 41.443863 ], [ 9.228692, 41.443012000000124 ], [ 9.227068, 41.442932 ], [ 9.22509, 41.44237900000013 ], [ 9.223954, 41.442489500000022 ], [ 9.223252500000058, 41.441490000000101 ], [ 9.222774500000128, 41.439857500000073 ], [ 9.2226915, 41.439041000000202 ], [ 9.222717500000044, 41.438144500000078 ], [ 9.223379, 41.434803000000159 ], [ 9.224671500000056, 41.433456500000148 ], [ 9.224605552949583, 41.432805272876919 ], [ 9.224603500000114, 41.432785 ], [ 9.2244005, 41.432575 ], [ 9.224666500000012, 41.431789500000036 ], [ 9.226374500000077, 41.428070000000162 ], [ 9.226889500000084, 41.427273000000127 ], [ 9.228628153728607, 41.42625353070764 ], [ 9.228861000000109, 41.426117 ], [ 9.228936999595533, 41.425750499906087 ], [ 9.228896000000191, 41.425304500000152 ], [ 9.228798750314354, 41.425228490577922 ], [ 9.227978, 41.424587 ], [ 9.225893, 41.424167500000181 ], [ 9.225496500000077, 41.423836000000108 ], [ 9.22542750000008, 41.423252000000105 ], [ 9.22600000000017, 41.422405 ], [ 9.225912000000221, 41.421551 ], [ 9.225044500000195, 41.421291500000109 ], [ 9.224781000000235, 41.420578 ], [ 9.226034, 41.418201500000066 ], [ 9.226738000000125, 41.417568000000188 ], [ 9.226628504338009, 41.417034021154734 ], [ 9.226628498687091, 41.417033999947478 ], [ 9.225294, 41.416980500000079 ], [ 9.224985, 41.416778500000078 ], [ 9.225099500000113, 41.416229000000101 ], [ 9.224732183609831, 41.415745224981436 ], [ 9.223912, 41.414665 ], [ 9.222357000000216, 41.414131000000225 ], [ 9.221988500000123, 41.414066500000047 ], [ 9.220999500000175, 41.414402000000109 ], [ 9.220309500000099, 41.41412350000013 ], [ 9.219397500000127, 41.414497500000152 ], [ 9.217555000000118, 41.414196000000118 ], [ 9.215619000000117, 41.414497500000152 ], [ 9.211189500000103, 41.414039500000115 ], [ 9.210144000000128, 41.413795500000163 ], [ 9.210295500000029, 41.413563000000124 ], [ 9.209784500000012, 41.413273000000117 ], [ 9.209893000000136, 41.413173500000028 ], [ 9.212801, 41.413402499999961 ], [ 9.215312000000154, 41.4132995 ], [ 9.2164995, 41.412727500000074 ], [ 9.217823, 41.412697 ], [ 9.218547000000115, 41.412739000000158 ], [ 9.218913, 41.412811499999918 ], [ 9.219741000000113, 41.413254000000109 ], [ 9.219217499999957, 41.412250500000084 ], [ 9.219020000000171, 41.412075000000129 ], [ 9.218148016006523, 41.41166821928573 ], [ 9.217818500000021, 41.411514500000067 ], [ 9.216387000000111, 41.41051850000008 ], [ 9.216037, 41.410095 ], [ 9.215981500000112, 41.409511500000121 ], [ 9.216117000000111, 41.409137500000043 ], [ 9.216564000000176, 41.408249 ], [ 9.217346, 41.407161499999972 ], [ 9.2180575000001, 41.40649400000018 ], [ 9.218772871198269, 41.406299086073432 ], [ 9.218925499999955, 41.406257500000152 ], [ 9.218900829696679, 41.406151826668179 ], [ 9.218832, 41.405857 ], [ 9.219043000000113, 41.405620500000055 ], [ 9.219714000000181, 41.405216000000109 ], [ 9.221449, 41.404613500000039 ], [ 9.221810500000117, 41.404636500000151 ], [ 9.222349, 41.405151499999931 ], [ 9.222527500000126, 41.40514 ], [ 9.222639000000129, 41.405082500000105 ], [ 9.222643, 41.404503 ], [ 9.222820500000012, 41.404487500000073 ], [ 9.2229795, 41.404838500000153 ], [ 9.223688, 41.404747 ], [ 9.22437200000013, 41.404979500000081 ], [ 9.22513100000026, 41.405334500000151 ], [ 9.225337, 41.405552 ], [ 9.225425, 41.405906500000071 ], [ 9.22525700000017, 41.406009500000039 ], [ 9.225559000000146, 41.406036499999971 ], [ 9.225665, 41.406433000000106 ], [ 9.226157, 41.4065435 ], [ 9.226172500000075, 41.407802500000116 ], [ 9.226504500000203, 41.4086 ], [ 9.227534500000161, 41.408714500000031 ], [ 9.228751000000102, 41.409408500000097 ], [ 9.230489500000033, 41.410568000000126 ], [ 9.230863500000055, 41.411220500000127 ], [ 9.232036500000163, 41.41214350000007 ], [ 9.232078500000057, 41.412510000000225 ], [ 9.231619, 41.412662500000067 ], [ 9.232023, 41.413051500000051 ], [ 9.233425000000125, 41.412781 ], [ 9.234914, 41.413238500000091 ], [ 9.235306000000151, 41.413528500000098 ], [ 9.235450500000013, 41.413742 ], [ 9.235409500000173, 41.414417500000127 ], [ 9.235917, 41.414757000000122 ], [ 9.236076500000081, 41.415104 ], [ 9.23634149999998, 41.41644650000012 ], [ 9.236588500000039, 41.416519000000108 ], [ 9.236552, 41.416206500000158 ], [ 9.236844, 41.416054 ], [ 9.237488, 41.415920500000141 ], [ 9.238154267468246, 41.415924134186241 ], [ 9.238863, 41.415928 ], [ 9.239186139077731, 41.416792025608459 ], [ 9.239211000000125, 41.416858500000103 ], [ 9.240168661096106, 41.417618409844692 ], [ 9.240581500000189, 41.417946 ], [ 9.240600034895408, 41.417981231746808 ], [ 9.241181500000096, 41.419086500000105 ], [ 9.242162, 41.419800000000123 ], [ 9.242517500000133, 41.419773 ], [ 9.243070500000044, 41.42041 ], [ 9.245465500000137, 41.422073500000124 ], [ 9.247017, 41.42193200000014 ], [ 9.247186500000112, 41.42247 ], [ 9.249028, 41.423393 ], [ 9.250470000000178, 41.423351500000024 ], [ 9.250724, 41.42346950000001 ], [ 9.250715500000069, 41.42400750000013 ], [ 9.252132500000073, 41.424877 ], [ 9.253008, 41.42468649999995 ], [ 9.2536285, 41.424778 ], [ 9.253637500000025, 41.424968500000034 ], [ 9.254777, 41.4248885 ], [ 9.255284500000073, 41.425140500000055 ], [ 9.255201500000112, 41.425548500000048 ], [ 9.256245500000034, 41.426296 ], [ 9.256476500000133, 41.426735 ], [ 9.256918, 41.426929500000085 ], [ 9.257019, 41.427383500000019 ], [ 9.257514, 41.427528500000108 ], [ 9.258143500000187, 41.42830650000019 ], [ 9.258813000000146, 41.428394500000024 ], [ 9.259114500000067, 41.428417 ], [ 9.259428100745822, 41.428302254911443 ], [ 9.259698, 41.428203500000166 ], [ 9.260352376778201, 41.428299200551123 ], [ 9.261889500000166, 41.428524 ], [ 9.262324283889257, 41.428292684191433 ], [ 9.2628575, 41.428009 ], [ 9.263576897301675, 41.428288544807799 ], [ 9.263672, 41.428325500000142 ], [ 9.2644575, 41.428406 ], [ 9.26510350000018, 41.428283500000077 ], [ 9.265118500000199, 41.427925 ], [ 9.264845, 41.427524500000118 ], [ 9.264152500000193, 41.427212 ], [ 9.265277704622122, 41.427108915714769 ], [ 9.265571500000192, 41.427082 ], [ 9.265560000000107, 41.426990499999988 ], [ 9.265319821166486, 41.426824942587757 ], [ 9.264713500000084, 41.426407 ], [ 9.264108500000077, 41.426349500000072 ], [ 9.263518500000146, 41.425804 ], [ 9.263423000000216, 41.425495 ], [ 9.263786500000094, 41.425022 ], [ 9.264143000000104, 41.424995500000136 ], [ 9.264247000000182, 41.424766500000032 ], [ 9.264866, 41.424949500000082 ], [ 9.2654, 41.424923 ], [ 9.265624, 41.424774000000127 ], [ 9.265542, 41.4245985 ], [ 9.265530838087955, 41.424598029242304 ], [ 9.264641, 41.424560500000041 ], [ 9.263865500000065, 41.424064500000213 ], [ 9.263446000000158, 41.424049500000024 ], [ 9.263031000000126, 41.423576500000138 ], [ 9.263058500000056, 41.423305500000083 ], [ 9.263875000000155, 41.423027000000161 ], [ 9.263953, 41.422661 ], [ 9.263379, 41.422882 ], [ 9.26272750000004, 41.422420500000044 ], [ 9.261886500000116, 41.422386 ], [ 9.261553, 41.422085 ], [ 9.261270500000137, 41.422237500000051 ], [ 9.260808000000225, 41.421863500000143 ], [ 9.26079250000015, 41.421730000000139 ], [ 9.261367000000121, 41.421421 ], [ 9.261356500000147, 41.421329500000013 ], [ 9.260849, 41.421085500000117 ], [ 9.261369499999944, 41.420421500000032 ], [ 9.261164500000064, 41.420208 ], [ 9.261651000000143, 41.420189000000164 ], [ 9.261874000000148, 41.420036500000151 ], [ 9.261863500000175, 41.419945 ], [ 9.261793, 41.419861 ], [ 9.261200000000144, 41.419891500000062 ], [ 9.260887, 41.419777000000181 ], [ 9.260623, 41.419571 ], [ 9.260547500000143, 41.419437500000186 ], [ 9.260948, 41.419281 ], [ 9.260937500000068, 41.419189500000073 ], [ 9.260803, 41.419063499999936 ], [ 9.260218500000121, 41.419182 ], [ 9.259550000000218, 41.419094 ], [ 9.258618500000068, 41.418785 ], [ 9.258899500000041, 41.418136500000173 ], [ 9.259663500000045, 41.417907500000069 ], [ 9.259626499999968, 41.417595000000119 ], [ 9.259739, 41.417541500000141 ], [ 9.260507500000017, 41.417454000000191 ], [ 9.260502000000145, 41.41732049999996 ], [ 9.260422500000118, 41.417145 ], [ 9.259811500000183, 41.417042 ], [ 9.260353, 41.416553500000134 ], [ 9.260327500000074, 41.416332 ], [ 9.260114500000043, 41.416569000000152 ], [ 9.259744499999954, 41.416462 ], [ 9.259385, 41.415943 ], [ 9.258662000000129, 41.415893500000038 ], [ 9.258587000000148, 41.415764000000138 ], [ 9.258741500000099, 41.414943500000106 ], [ 9.258444, 41.414963000000114 ], [ 9.258375000000171, 41.414371500000073 ], [ 9.259494, 41.414131 ], [ 9.259739, 41.413658000000169 ], [ 9.259312500000135, 41.413601 ], [ 9.259182, 41.413509500000146 ], [ 9.259172138151371, 41.413421875049835 ], [ 9.259151500000087, 41.413238500000091 ], [ 9.258011, 41.412586 ], [ 9.257601499999964, 41.412662500000067 ], [ 9.257182, 41.41214750000006 ], [ 9.255446787026358, 41.411870095500319 ], [ 9.254914500000041, 41.411785 ], [ 9.254850518399394, 41.411621722278596 ], [ 9.254760500000089, 41.411392 ], [ 9.255284500000073, 41.411266500000011 ], [ 9.254946500000187, 41.410930500000063 ], [ 9.253675499999986, 41.410286 ], [ 9.253140500000143, 41.410316500000079 ], [ 9.253173, 41.410583500000143 ], [ 9.252578000000142, 41.41061800000017 ], [ 9.25230106194897, 41.410559756775513 ], [ 9.251598500000114, 41.410412000000179 ], [ 9.250896500000124, 41.410045500000024 ], [ 9.250764000000174, 41.409919500000115 ], [ 9.250561, 41.40921 ], [ 9.251089000000206, 41.409134000000108 ], [ 9.251011000000176, 41.408867 ], [ 9.250546500000098, 41.408481499999937 ], [ 9.249880000000189, 41.408394 ], [ 9.249532500000043, 41.408001 ], [ 9.250274499999989, 41.407692 ], [ 9.250217500000076, 41.40710050000007 ], [ 9.248832500000049, 41.406509500000027 ], [ 9.249068500000021, 41.40586449999995 ], [ 9.249814, 41.405597500000056 ], [ 9.248935500000016, 41.405239000000108 ], [ 9.248311, 41.404506500000025 ], [ 9.246176000000162, 41.403015 ], [ 9.245803, 41.401775500000042 ], [ 9.246124500000121, 41.401443500000084 ], [ 9.245740000000126, 41.400604000000101 ], [ 9.245324000000153, 41.400631000000203 ], [ 9.244523000000129, 41.400165500000071 ], [ 9.242614500000172, 41.400020500000153 ], [ 9.242252500000063, 41.39942150000013 ], [ 9.241835500000207, 41.399532500000078 ], [ 9.241142500000024, 41.399128 ], [ 9.241159500000037, 41.398765500000025 ], [ 9.240336499999955, 41.398361000000136 ], [ 9.240021500000012, 41.397613500000091 ], [ 9.240078, 41.396564500000011 ], [ 9.238938500000131, 41.395416500000067 ], [ 9.237192, 41.395302 ], [ 9.23627850000014, 41.3946305 ], [ 9.236165000000142, 41.393562500000144 ], [ 9.236674500000049, 41.392807000000118 ], [ 9.236583500000108, 41.392441 ], [ 9.235578500000088, 41.39151 ], [ 9.235659500000054, 41.39056 ], [ 9.234748000000138, 41.39043050000015 ], [ 9.235014000000149, 41.389648500000135 ], [ 9.234318, 41.388706000000127 ], [ 9.234310000000164, 41.388019500000155 ], [ 9.233501500000045, 41.387848 ], [ 9.233123000000148, 41.386558500000035 ], [ 9.232205500000077, 41.385753500000078 ], [ 9.231928, 41.384922 ], [ 9.231381493055267, 41.384709376216392 ], [ 9.231114500000047, 41.384605500000134 ], [ 9.230673000000138, 41.383274 ], [ 9.229121000000134, 41.382782 ], [ 9.229173500000059, 41.382103 ], [ 9.228636000000165, 41.381592000000182 ], [ 9.227833000000146, 41.381374500000106 ], [ 9.227710500000171, 41.380836500000044 ], [ 9.226457500000038, 41.380234 ], [ 9.226089500000114, 41.380256499999973 ], [ 9.22582350000016, 41.379917 ], [ 9.224457500000085, 41.37959300000017 ], [ 9.223383, 41.377945 ], [ 9.222872, 41.377559500000132 ], [ 9.221821, 41.377262 ], [ 9.221856, 41.376541 ], [ 9.221435499999984, 41.376526 ], [ 9.221055000000149, 41.37582 ], [ 9.221204, 41.37545 ], [ 9.221133, 41.375362500000051 ], [ 9.220649, 41.375309 ], [ 9.220622, 41.373947 ], [ 9.222158044725234, 41.372597375043142 ], [ 9.22232350000013, 41.372452000000123 ], [ 9.222643, 41.372112500000128 ], [ 9.222726, 41.371792 ], [ 9.222688500000118, 41.371479 ], [ 9.22248, 41.371128 ], [ 9.222351, 41.371044 ], [ 9.221946500000172, 41.371158500000206 ], [ 9.221314500000119, 41.370975500000156 ], [ 9.22122000000013, 41.370571 ], [ 9.221685500000092, 41.369953000000123 ], [ 9.2212745, 41.3694 ], [ 9.220713499999931, 41.369198 ], [ 9.220491500000037, 41.368316500000105 ], [ 9.220773500000121, 41.368072500000153 ], [ 9.220505500000172, 41.367817 ], [ 9.220524, 41.366955 ], [ 9.220395, 41.366779500000121 ], [ 9.219928500000037, 41.366363500000148 ], [ 9.219763, 41.366462499999955 ], [ 9.220037499999989, 41.367393500000105 ], [ 9.219875500000057, 41.367538500000023 ], [ 9.218552500000214, 41.368076500000143 ], [ 9.218008000000111, 41.36801150000008 ], [ 9.217378500000223, 41.36837 ], [ 9.216234, 41.367668 ], [ 9.215276500000016, 41.368274499999984 ], [ 9.214819, 41.368435 ], [ 9.214271500000223, 41.368465499999957 ], [ 9.213609500000132, 41.368419500000073 ], [ 9.21257, 41.368210000000147 ], [ 9.212210500000197, 41.367691 ], [ 9.2113085000002, 41.367023500000016 ], [ 9.21099, 41.366863500000136 ], [ 9.210302500000068, 41.366585000000157 ], [ 9.209954500000038, 41.366787 ], [ 9.208731500000113, 41.366546500000197 ], [ 9.208644, 41.366821500000015 ], [ 9.20845050000014, 41.366699 ], [ 9.208274, 41.366215000000125 ], [ 9.207892500000128, 41.366005000000143 ], [ 9.207419500000071, 41.36603950000017 ], [ 9.207253500000206, 41.36668 ], [ 9.206778499999984, 41.366802 ], [ 9.2065705, 41.366455 ], [ 9.206377, 41.366329000000121 ], [ 9.20620550000001, 41.36638650000009 ], [ 9.206303500000104, 41.366829000000109 ], [ 9.205914500000119, 41.367080500000156 ], [ 9.205736, 41.367092 ], [ 9.205484500000068, 41.366962500000113 ], [ 9.2049315000001, 41.366325500000016 ], [ 9.204381, 41.366218500000059 ], [ 9.20412707355149, 41.365980345380478 ], [ 9.203978500000119, 41.365841 ], [ 9.20380200000011, 41.36585250000013 ], [ 9.203701147921947, 41.365977556576979 ], [ 9.20322700000014, 41.366565499999979 ], [ 9.20264549999996, 41.366192 ], [ 9.202265500000181, 41.366619000000128 ], [ 9.201365500000122, 41.366592500000081 ], [ 9.201091521297087, 41.36596046970692 ], [ 9.2008115000001, 41.365314500000011 ], [ 9.200396500000068, 41.364834 ], [ 9.200081, 41.364677500000084 ], [ 9.199536500000136, 41.364624000000106 ], [ 9.199300000000108, 41.364639500000123 ], [ 9.199136, 41.364784 ], [ 9.199147, 41.364872 ], [ 9.199400000000196, 41.364994000000138 ], [ 9.198796500000014, 41.364933 ], [ 9.198404500000095, 41.365272500000117 ], [ 9.198806300931437, 41.365945506929393 ], [ 9.198926, 41.366146 ], [ 9.1986635, 41.366573500000129 ], [ 9.199206500000173, 41.36713050000003 ], [ 9.198435000000131, 41.367801500000098 ], [ 9.1981975, 41.367813000000183 ], [ 9.197516500000177, 41.367588 ], [ 9.197322000000213, 41.36747 ], [ 9.197221, 41.367107500000031 ], [ 9.196335, 41.366577 ], [ 9.196022000000141, 41.366459 ], [ 9.195927500000153, 41.366779500000121 ], [ 9.195620500000132, 41.366707000000133 ], [ 9.195140000000151, 41.366066 ], [ 9.19488597766599, 41.365919838102513 ], [ 9.194563, 41.365734 ], [ 9.194197500000143, 41.36566549999992 ], [ 9.193915845448544, 41.365913486035538 ], [ 9.193591, 41.36619950000005 ], [ 9.19308, 41.365913500000033 ], [ 9.192867500000091, 41.36615 ], [ 9.1927445, 41.366115500000035 ], [ 9.192671783171932, 41.365905340375946 ], [ 9.192653500000119, 41.36585250000013 ], [ 9.192492194560202, 41.365904164496101 ], [ 9.192308500000024, 41.365963 ], [ 9.192193, 41.367138 ], [ 9.191378500000155, 41.367416500000047 ], [ 9.190587, 41.367283 ], [ 9.190243, 41.366897500000107 ], [ 9.188734000000181, 41.366764 ], [ 9.186876499999983, 41.36620350000004 ], [ 9.186689500000114, 41.36612700000012 ], [ 9.186384205928846, 41.365864171645455 ], [ 9.186290500000155, 41.365783500000134 ], [ 9.186093940354624, 41.365862271094102 ], [ 9.18589, 41.365944 ], [ 9.184747500000014, 41.365879 ], [ 9.184041000000207, 41.366058500000122 ], [ 9.183851000000118, 41.366474 ], [ 9.182182500000067, 41.366619000000128 ], [ 9.181577500000117, 41.366569500000139 ], [ 9.180949000000169, 41.366287 ], [ 9.180912000000149, 41.365974500000107 ], [ 9.180724548285184, 41.365827114300544 ], [ 9.180650000000128, 41.365768500000115 ], [ 9.180477999741299, 41.365825500687833 ], [ 9.180340000000228, 41.366192 ], [ 9.180397000000141, 41.366684 ], [ 9.180833, 41.366832500000044 ], [ 9.180717500000185, 41.366977500000132 ], [ 9.180431500000168, 41.367088500000079 ], [ 9.179657, 41.367092 ], [ 9.178402000000119, 41.367706500000224 ], [ 9.179222, 41.368603 ], [ 9.178264500000068, 41.369209500000068 ], [ 9.178526, 41.370540500000061 ], [ 9.178075760231366, 41.370589565879243 ], [ 9.177406500000131, 41.370662500000037 ], [ 9.177345500000058, 41.370754000000147 ], [ 9.177364500000067, 41.370933500000092 ], [ 9.178021670970679, 41.371067566778208 ], [ 9.178038500000071, 41.371071 ], [ 9.17820950000015, 41.371517 ], [ 9.17794376542696, 41.371756038374713 ], [ 9.17777650000005, 41.371906500000136 ], [ 9.177723000000242, 41.373707000000252 ], [ 9.176523, 41.375320500000157 ], [ 9.175842500000044, 41.375725 ], [ 9.175177500000132, 41.375667500000077 ], [ 9.175008, 41.375229 ], [ 9.174553000000117, 41.375438500000143 ], [ 9.174689500000056, 41.376194000000112 ], [ 9.175023000000124, 41.376499000000138 ], [ 9.174589, 41.376884500000074 ], [ 9.17386550000009, 41.376831 ], [ 9.173741500000119, 41.3768885 ], [ 9.173821500000031, 41.37706 ], [ 9.174124000000177, 41.377086500000075 ], [ 9.174203000000148, 41.377262 ], [ 9.174051500000019, 41.377495000000124 ], [ 9.174685500000066, 41.377823 ], [ 9.174404, 41.377975500000105 ], [ 9.17377550000009, 41.377693 ], [ 9.173424000000182, 41.377762000000189 ], [ 9.174374500000113, 41.379371500000104 ], [ 9.173271000000113, 41.380256499999973 ], [ 9.1727360000001, 41.38038250000011 ], [ 9.172905, 41.380817500000035 ], [ 9.1724365, 41.380897500000117 ], [ 9.171310500000061, 41.382095500000105 ], [ 9.170895500000029, 41.382248000000118 ], [ 9.170565500000066, 41.382999500000096 ], [ 9.1697415000001, 41.383224500000097 ], [ 9.169784500000105, 41.383583 ], [ 9.169503, 41.383735500000057 ], [ 9.169136, 41.383671 ], [ 9.169528, 41.384048500000063 ], [ 9.16927150000015, 41.384422500000085 ], [ 9.168490500000189, 41.384388 ], [ 9.167849500000045, 41.385147000000131 ], [ 9.167244, 41.385593500000141 ], [ 9.167000000000144, 41.38564700000012 ], [ 9.165322500000059, 41.38561250000015 ], [ 9.164155000000108, 41.38595950000007 ], [ 9.163353, 41.385730500000136 ], [ 9.162703500000077, 41.38631450000014 ], [ 9.161314, 41.386810500000138 ], [ 9.160500500000069, 41.386493500000029 ], [ 9.159976, 41.386707500000114 ], [ 9.157427, 41.386364000000128 ], [ 9.156490500000075, 41.386009 ], [ 9.155987000000152, 41.38631450000014 ], [ 9.154110000000117, 41.386204 ], [ 9.153091500000073, 41.386806500000148 ], [ 9.152725, 41.386734 ], [ 9.152254000000198, 41.386181 ], [ 9.150426000000152, 41.385975 ], [ 9.150321000000133, 41.385479 ], [ 9.148963, 41.385200499999939 ], [ 9.148354500000153, 41.386776000000111 ], [ 9.149030499999924, 41.387451000000169 ], [ 9.148828500000093, 41.387871000000132 ], [ 9.149984500000187, 41.388572500000066 ], [ 9.150909500000012, 41.388290500000039 ], [ 9.151182000000176, 41.388592 ], [ 9.152832, 41.38880550000016 ], [ 9.153343, 41.389187000000106 ], [ 9.1542205, 41.388408500000025 ], [ 9.155288500000097, 41.388248500000088 ], [ 9.156263500000136, 41.388912000000118 ], [ 9.158989, 41.38861849999995 ], [ 9.160999500000116, 41.388946500000088 ], [ 9.161731, 41.388447000000156 ], [ 9.164160000000152, 41.388263500000107 ], [ 9.165088500000081, 41.388561000000209 ], [ 9.164552499332217, 41.389594999094697 ], [ 9.163016500000026, 41.389328 ], [ 9.1603135000002, 41.389847 ], [ 9.158956500000045, 41.389477000000113 ], [ 9.156791500000111, 41.389969 ], [ 9.156301500000097, 41.389866 ], [ 9.156090000000177, 41.390102500000012 ], [ 9.156315009332559, 41.390794972541528 ], [ 9.156535, 41.391472000000192 ], [ 9.157104500000059, 41.391758 ], [ 9.1571295, 41.392071000000158 ], [ 9.157021500000155, 41.39217 ], [ 9.156788000000176, 41.392227000000105 ], [ 9.156111000000124, 41.392036499999961 ], [ 9.155652000000146, 41.39170850000005 ], [ 9.155188574686235, 41.390959062775551 ], [ 9.155005500000129, 41.390663 ], [ 9.154795499999977, 41.389866 ], [ 9.153188, 41.390548500000136 ], [ 9.152031, 41.390342500000145 ], [ 9.152161500000204, 41.390972 ], [ 9.151960500000087, 41.39139200000011 ], [ 9.151844446042503, 41.391446209414482 ], [ 9.151732500000037, 41.391498500000068 ], [ 9.151434000000222, 41.391506000000163 ], [ 9.15123750000015, 41.391338500000131 ], [ 9.150796, 41.390011 ], [ 9.149848, 41.39007550000008 ], [ 9.148308610425318, 41.389646169369996 ], [ 9.147564000000102, 41.389438499999983 ], [ 9.147161500000038, 41.389061 ], [ 9.146522500000117, 41.389328 ], [ 9.146328000000153, 41.389194500000031 ], [ 9.145824632160497, 41.388168024405729 ], [ 9.145639500000016, 41.387790500000051 ], [ 9.144710500000087, 41.38749300000012 ], [ 9.144491, 41.387047000000166 ], [ 9.14406850000006, 41.387123 ], [ 9.143788500000028, 41.38727200000011 ], [ 9.144315, 41.387699000000111 ], [ 9.144039000000134, 41.3878975 ], [ 9.14277, 41.387878500000056 ], [ 9.14263150000005, 41.388748 ], [ 9.14091, 41.389477000000113 ], [ 9.138673, 41.389972500000113 ], [ 9.137940500000013, 41.39087700000016 ], [ 9.137952, 41.391597500000103 ], [ 9.135753500000078, 41.391819000000112 ], [ 9.135296, 41.391987000000142 ], [ 9.135321500000032, 41.392208 ], [ 9.134786500000018, 41.392334 ], [ 9.134753000000103, 41.392563 ], [ 9.135036500000069, 41.392948000000104 ], [ 9.135373, 41.393287500000099 ], [ 9.136372499999936, 41.393139 ], [ 9.13662150000016, 41.393215000000168 ], [ 9.136646500000097, 41.3934365 ], [ 9.135984500000177, 41.394020000000125 ], [ 9.135086000000115, 41.394527500000038 ], [ 9.133275000000197, 41.394459 ], [ 9.132659, 41.39431 ], [ 9.132679, 41.39386 ], [ 9.132544500000108, 41.393734000000109 ], [ 9.132105000000195, 41.393535500000212 ], [ 9.131668000000104, 41.393375500000104 ], [ 9.129508, 41.392879500000106 ], [ 9.126719500000263, 41.394314000000122 ], [ 9.126775500000122, 41.394798500000093 ], [ 9.127258500000096, 41.395355000000109 ], [ 9.127451, 41.395485 ], [ 9.12836150000004, 41.395607 ], [ 9.128195000000119, 41.396335500000077 ], [ 9.132469000000128, 41.398166500000059 ], [ 9.13244050000003, 41.398437500000057 ], [ 9.133550500000069, 41.398735 ], [ 9.133481, 41.399276500000042 ], [ 9.132939500000134, 41.399765000000116 ], [ 9.1327665, 41.399811 ], [ 9.132084, 41.3995855 ], [ 9.131499500000018, 41.399715500000127 ], [ 9.131120499999895, 41.399639 ], [ 9.130622, 41.399357000000123 ], [ 9.129795, 41.399544 ], [ 9.129482500000108, 41.39942150000013 ], [ 9.128991, 41.39868950000016 ], [ 9.128331, 41.398769500000185 ], [ 9.127269, 41.399513 ], [ 9.126869, 41.399044 ], [ 9.12508, 41.398559500000033 ], [ 9.124851, 41.398121 ], [ 9.124078, 41.398262000000102 ], [ 9.1229525, 41.397201500000108 ], [ 9.122763499999962, 41.397114000000158 ], [ 9.122510000000148, 41.396999500000106 ], [ 9.121068000000207, 41.396408000000179 ], [ 9.120663500000148, 41.39652250000006 ], [ 9.11993956224984, 41.396317332297144 ], [ 9.119735500000104, 41.396259500000156 ], [ 9.119719692650165, 41.396299666217203 ], [ 9.119644000000164, 41.396492 ], [ 9.118483500000082, 41.396389 ], [ 9.117639500000223, 41.396839 ], [ 9.117293500000187, 41.396950000000118 ], [ 9.116807, 41.396980500000154 ], [ 9.116143000000193, 41.396927 ], [ 9.115692, 41.396641000000102 ], [ 9.114932000000181, 41.396778 ], [ 9.114765, 41.396373499999982 ], [ 9.113999499999977, 41.396469 ], [ 9.113037, 41.395897 ], [ 9.11234550000006, 41.396122000000162 ], [ 9.112311500000089, 41.396438500000045 ], [ 9.111925, 41.396099 ], [ 9.1111965, 41.396099 ], [ 9.110870500000033, 41.396385 ], [ 9.110440499999982, 41.396282 ], [ 9.109051000000136, 41.395641500000011 ], [ 9.109011940520759, 41.395439319875436 ], [ 9.108937499999968, 41.395054 ], [ 9.107876, 41.394764 ], [ 9.107845500000053, 41.394397500000139 ], [ 9.106273499999986, 41.394859500000166 ], [ 9.105766500000186, 41.394615000000158 ], [ 9.105366500000116, 41.394771500000161 ], [ 9.105343184829167, 41.395144542736432 ], [ 9.105341000000124, 41.395179500000154 ], [ 9.104975500000251, 41.395115000000146 ], [ 9.10458100000011, 41.394691500000079 ], [ 9.103638500000102, 41.39429100000018 ], [ 9.103602500000193, 41.393978 ], [ 9.102733500000227, 41.393169500000113 ], [ 9.101849500000071, 41.392772499999978 ], [ 9.101580500000011, 41.39301300000011 ], [ 9.101559336053356, 41.393015711154305 ], [ 9.100331500000038, 41.393173 ], [ 9.100049000000126, 41.392700000000161 ], [ 9.099053500000196, 41.392349 ], [ 9.099428000000103, 41.391968 ], [ 9.099006146407874, 41.391446734188321 ], [ 9.09894, 41.391365 ], [ 9.098816998502684, 41.391330500423692 ], [ 9.097832500000038, 41.39160900000013 ], [ 9.097827762758698, 41.391710014703222 ], [ 9.097815500000081, 41.391971500000125 ], [ 9.097417622855517, 41.391867362480355 ], [ 9.097261500000059, 41.391826500000036 ], [ 9.09707550000013, 41.391884 ], [ 9.097062915332799, 41.392003443948568 ], [ 9.097047, 41.392154500000174 ], [ 9.096789908503922, 41.392108181422941 ], [ 9.096497500000112, 41.39205550000014 ], [ 9.096262352576275, 41.392310575171791 ], [ 9.095966500000031, 41.3926315 ], [ 9.096344, 41.393417500000055 ], [ 9.095724, 41.393230500000016 ], [ 9.095622, 41.393371500000114 ], [ 9.094622445082564, 41.39293971609834 ], [ 9.094615000000147, 41.392936500000019 ], [ 9.094500503615507, 41.392986498421408 ], [ 9.094517, 41.393123500000058 ], [ 9.095468500000038, 41.394237500000031 ], [ 9.094107500000064, 41.393821500000058 ], [ 9.093841803783221, 41.393838665767021 ], [ 9.093573500000105, 41.393856 ], [ 9.093464, 41.393951500000185 ], [ 9.09360540262054, 41.394144502173333 ], [ 9.093749, 41.3943405 ], [ 9.09317950000019, 41.394695500000239 ], [ 9.093258000000105, 41.394867 ], [ 9.093693500000086, 41.395019500000046 ], [ 9.093675500000018, 41.395382 ], [ 9.094354500000065, 41.395572500000014 ], [ 9.094206, 41.395939000000112 ], [ 9.095123500000113, 41.396652000000131 ], [ 9.095145000000116, 41.396831500000076 ], [ 9.094611000000157, 41.396858000000123 ], [ 9.094630000000109, 41.397045000000162 ], [ 9.094825, 41.397171 ], [ 9.095418000000109, 41.397129000000177 ], [ 9.095106, 41.397644000000128 ], [ 9.095829, 41.398731 ], [ 9.095389500000067, 41.399708 ], [ 9.094618000000196, 41.399845 ], [ 9.092635, 41.398605500000144 ], [ 9.092284000000177, 41.398674 ], [ 9.091387000000225, 41.398140000000126 ], [ 9.092060000000117, 41.398914500000103 ], [ 9.092086000000108, 41.399139500000047 ], [ 9.091768500000171, 41.3989755 ], [ 9.091330181816261, 41.399114272552538 ], [ 9.091250500000115, 41.399139500000047 ], [ 9.091318958708655, 41.399306717381194 ], [ 9.091642500000034, 41.400097 ], [ 9.091865499999983, 41.400455500000078 ], [ 9.091221095493552, 41.400984797136857 ], [ 9.091210500000159, 41.40099349999997 ], [ 9.091173, 41.401809500000013 ], [ 9.09192, 41.4020845 ], [ 9.091841500000157, 41.402538500000105 ], [ 9.092322499999966, 41.402462 ], [ 9.092709500000012, 41.402714 ], [ 9.09272, 41.40280150000001 ], [ 9.092090500000154, 41.403148500000157 ], [ 9.092231, 41.403961 ], [ 9.09252000000015, 41.404388500000039 ], [ 9.092945, 41.404457 ], [ 9.092879500000038, 41.4049185 ], [ 9.093007000000114, 41.40500250000008 ], [ 9.093521, 41.404785 ], [ 9.094026500000098, 41.405021500000032 ], [ 9.093796500000053, 41.405620500000055 ], [ 9.094271499999934, 41.40623450000021 ], [ 9.093690000000151, 41.406357 ], [ 9.093924500000014, 41.406837500000165 ], [ 9.093754000000104, 41.407028000000139 ], [ 9.094641500000023, 41.407478500000082 ], [ 9.094117, 41.407593 ], [ 9.09408, 41.408413 ], [ 9.096088500000178, 41.409145500000193 ], [ 9.096427000000119, 41.409584 ], [ 9.096305000000143, 41.410087500000145 ], [ 9.096665499999972, 41.410106499999927 ], [ 9.096802500000081, 41.410278499999947 ], [ 9.096780000000194, 41.410595 ], [ 9.095746, 41.411068000000114 ], [ 9.095609499999966, 41.411438000000146 ], [ 9.095301500000062, 41.411453000000165 ], [ 9.095077983447084, 41.41174074544773 ], [ 9.095040499999982, 41.411789 ], [ 9.095268000000146, 41.412224 ], [ 9.0955325, 41.412430000000143 ], [ 9.097465500000055, 41.413135500000124 ], [ 9.097357000000159, 41.413860500000055 ], [ 9.097870000000171, 41.414680500000031 ], [ 9.098637500000052, 41.414596500000016 ], [ 9.098688000000152, 41.415043 ], [ 9.098949500000117, 41.415340500000127 ], [ 9.099387, 41.415504500000168 ], [ 9.10037350000016, 41.415661000000171 ], [ 9.100672, 41.415653 ], [ 9.10088849999994, 41.415458500000113 ], [ 9.101075, 41.415535 ], [ 9.101166500000033, 41.415798000000109 ], [ 9.100829000000203, 41.41609550000004 ], [ 9.1008395, 41.416183500000045 ], [ 9.101038, 41.416347500000143 ], [ 9.101216500000078, 41.416336 ], [ 9.101752500000032, 41.41621 ], [ 9.102207, 41.416015500000185 ], [ 9.102496, 41.41531 ], [ 9.102883500000019, 41.415653 ], [ 9.104092500000206, 41.415676000000133 ], [ 9.105278, 41.416733 ], [ 9.106036, 41.417087500000036 ], [ 9.10656350000005, 41.417511000000104 ], [ 9.107437, 41.418361500000117 ], [ 9.10791300000011, 41.418964500000129 ], [ 9.107980500000053, 41.419544 ], [ 9.108922000000121, 41.419941000000108 ], [ 9.109123, 41.42074950000017 ], [ 9.109184499999969, 41.421283500000129 ], [ 9.10844400000019, 41.422233500000061 ], [ 9.106916500000125, 41.422050500000012 ], [ 9.106586500000162, 41.422294500000135 ], [ 9.106284, 41.422264 ], [ 9.105643500000099, 41.421901500000104 ], [ 9.104854500000044, 41.421806500000059 ], [ 9.104742, 41.421859500000039 ], [ 9.105022500000075, 41.422844000000111 ], [ 9.104872084371664, 41.422912250263153 ], [ 9.104568499999971, 41.423050000000103 ], [ 9.104588500000204, 41.423229000000163 ], [ 9.104980500000124, 41.423519000000169 ], [ 9.10484700000012, 41.424022500000092 ], [ 9.105299, 41.424316500000089 ], [ 9.104671500000165, 41.424572 ], [ 9.104567500000087, 41.424713 ], [ 9.104463500000179, 41.424946000000148 ], [ 9.1046735, 41.425213 ], [ 9.104347000000132, 41.425503 ], [ 9.104538000000105, 41.426121000000194 ], [ 9.1051655, 41.426487 ], [ 9.104857500000094, 41.427456 ], [ 9.105656500000123, 41.427631500000132 ], [ 9.10592, 41.428482000000145 ], [ 9.106411, 41.428581000000179 ], [ 9.106865, 41.4294165 ], [ 9.107240500000103, 41.429569 ], [ 9.107395, 41.429336500000147 ], [ 9.1082955, 41.429367000000184 ], [ 9.108248000000117, 41.428966500000058 ], [ 9.108974500000045, 41.428928500000154 ], [ 9.109403499999985, 41.429035 ], [ 9.109794500000021, 41.4294165 ], [ 9.110283, 41.429394000000116 ], [ 9.110450500000127, 41.429924 ], [ 9.11086100000017, 41.429851500000098 ], [ 9.111169000316806, 41.429920000280788 ], [ 9.111367, 41.43009550000005 ], [ 9.111710500000072, 41.430481000000157 ], [ 9.111924, 41.430778500000088 ], [ 9.111845630299058, 41.431588170969121 ], [ 9.111836500000038, 41.431682500000079 ], [ 9.111898318864746, 41.43171806995349 ], [ 9.112413500000173, 41.432014500000037 ], [ 9.1121475, 41.432304500000043 ], [ 9.113385000000108, 41.432144000000108 ], [ 9.113451, 41.432724000000121 ], [ 9.113975500000095, 41.432598 ], [ 9.114039500000047, 41.432640000000106 ], [ 9.1146915, 41.433101500000078 ], [ 9.115291500000069, 41.433647000000121 ], [ 9.115201, 41.434013500000049 ], [ 9.115819, 41.434070500000132 ], [ 9.116025, 41.434421500000042 ], [ 9.117346000000111, 41.434341500000187 ], [ 9.118768499999987, 41.433620500000018 ], [ 9.118505500000083, 41.43404 ], [ 9.118538000000115, 41.434318500000074 ], [ 9.118749500000035, 41.435116000000164 ], [ 9.118966000000171, 41.435550500000033 ], [ 9.119159500000023, 41.435673 ], [ 9.119760500000041, 41.435596500000088 ], [ 9.120325000000207, 41.435920500000066 ], [ 9.1202735, 41.437149000000147 ], [ 9.120661, 41.437397 ], [ 9.12068650000009, 41.437614500000109 ], [ 9.120524499999988, 41.437763000000132 ], [ 9.119495500000141, 41.438278 ], [ 9.118691500000011, 41.438049500000034 ], [ 9.118588500000044, 41.438198 ], [ 9.118953500000032, 41.438766500000042 ], [ 9.119017499999984, 41.438804499999947 ], [ 9.119687, 41.438896 ], [ 9.119656500000133, 41.439171000000101 ], [ 9.118993000000103, 41.439213 ], [ 9.119454500000131, 41.439586500000019 ], [ 9.1190165000001, 41.440563000000168 ], [ 9.119025, 41.440651000000173 ], [ 9.119219000000157, 41.440773000000149 ], [ 9.119755000000112, 41.440742500000113 ], [ 9.121468499999935, 41.440464000000134 ], [ 9.121889000000124, 41.440479499999981 ], [ 9.122024500000123, 41.440609 ], [ 9.122349499999984, 41.44136450000002 ], [ 9.122365, 41.441498 ], [ 9.121259500000065, 41.44300850000019 ], [ 9.120986000000187, 41.443237500000123 ], [ 9.119440000000168, 41.442795000000103 ], [ 9.117695, 41.442806000000132 ], [ 9.116033500000015, 41.441871500000047 ], [ 9.11595750000015, 41.441108499999984 ], [ 9.115877, 41.440933 ], [ 9.115452, 41.440864500000089 ], [ 9.115390000000275, 41.44032650000014 ], [ 9.115106500000081, 41.440479499999981 ], [ 9.115268500000127, 41.44083 ], [ 9.114465500000165, 41.441242 ], [ 9.114111, 41.441269000000148 ], [ 9.112988500000142, 41.440883500000041 ], [ 9.112026, 41.44084550000008 ], [ 9.111604861609464, 41.440600498968877 ], [ 9.111258500000019, 41.440399 ], [ 9.111006678664637, 41.440643800294595 ], [ 9.11072050000007, 41.440922 ], [ 9.107536500000037, 41.440895000000125 ], [ 9.1078235, 41.441414 ], [ 9.107926500000019, 41.442306500000029 ], [ 9.107703000000186, 41.442455500000051 ], [ 9.107857000000138, 41.442852 ], [ 9.108423, 41.443096000000139 ], [ 9.108275500000104, 41.443374500000061 ], [ 9.10866250000015, 41.4436225 ], [ 9.108211500000152, 41.443962 ], [ 9.108707500000151, 41.444114500000012 ], [ 9.109111, 41.444500000000119 ], [ 9.109135500000036, 41.444725000000119 ], [ 9.10888100000011, 41.445099000000141 ], [ 9.108267000000126, 41.445587 ], [ 9.107800500000053, 41.445709000000136 ], [ 9.106543500000157, 41.445694 ], [ 9.106222, 41.445488000000182 ], [ 9.105557500000089, 41.444397 ], [ 9.105907500000114, 41.443699 ], [ 9.105721500000186, 41.443115 ], [ 9.105302000000108, 41.443100000000129 ], [ 9.105028000000175, 41.442802500000028 ], [ 9.104466500000058, 41.442604000000131 ], [ 9.104137500000036, 41.442848 ], [ 9.103478500000051, 41.442848 ], [ 9.102906, 41.442562 ], [ 9.101088500000174, 41.442356 ], [ 9.10022749999996, 41.442772 ], [ 9.099033500000132, 41.442795000000103 ], [ 9.098534500000255, 41.442604000000131 ], [ 9.098584, 41.443142000000194 ], [ 9.098235974569718, 41.443285513894693 ], [ 9.097557, 41.443565500000091 ], [ 9.097268, 41.443767500000092 ], [ 9.097185000000138, 41.444088000000136 ], [ 9.097231, 41.444488500000091 ], [ 9.097653439848102, 41.444615402293209 ], [ 9.097727, 41.444637500000113 ], [ 9.097870000000171, 41.444854500000133 ], [ 9.09791, 41.445297 ], [ 9.097225, 41.446106 ], [ 9.096972618091627, 41.446169673519023 ], [ 9.09651550000018, 41.446285000000216 ], [ 9.096442000000138, 41.446697 ], [ 9.095072500000128, 41.447372500000142 ], [ 9.095528500000228, 41.449466500000199 ], [ 9.094910500000083, 41.44981 ], [ 9.093583000000194, 41.449718500000074 ], [ 9.092999500000019, 41.448803 ], [ 9.09194350000007, 41.448456 ], [ 9.091567000000168, 41.447674 ], [ 9.090716500000156, 41.4470445 ], [ 9.09075150000001, 41.446815500000071 ], [ 9.091269500000067, 41.446647499999983 ], [ 9.0912515, 41.446377 ], [ 9.089611000000161, 41.445118 ], [ 9.089231500000039, 41.445453499999985 ], [ 9.088006, 41.445308500000067 ], [ 9.087332500000116, 41.444534500000145 ], [ 9.086787, 41.444481000000167 ], [ 9.086756500000035, 41.444843500000104 ], [ 9.085807, 41.444896500000084 ], [ 9.085571500000071, 41.444416000000103 ], [ 9.085918500000162, 41.444210000000112 ], [ 9.085597, 41.44400800000011 ], [ 9.085530500000061, 41.443416500000012 ], [ 9.085150000000169, 41.44376 ], [ 9.084679500000163, 41.443832500000156 ], [ 9.084244000000183, 41.443683500000077 ], [ 9.083722000000137, 41.443302000000131 ], [ 9.083742, 41.44294 ], [ 9.083240500000102, 41.442749 ], [ 9.083442500000103, 41.442417 ], [ 9.082875500000114, 41.442177000000129 ], [ 9.082751499671872, 41.441509000886697 ], [ 9.082024500000045, 41.442051 ], [ 9.081317000000126, 41.442138500000112 ], [ 9.080469000000107, 41.442054500000097 ], [ 9.080097, 41.441940500000101 ], [ 9.079317, 41.441402499999981 ], [ 9.079229500000224, 41.441135500000087 ], [ 9.078988000000152, 41.441646500000104 ], [ 9.078512, 41.441677000000141 ], [ 9.078546500000016, 41.442081500000029 ], [ 9.07728950000012, 41.442066000000182 ], [ 9.077886500000147, 41.442573500000094 ], [ 9.077741500000059, 41.44298950000001 ], [ 9.0758925, 41.442505 ], [ 9.075843382652465, 41.442469774903316 ], [ 9.075371, 41.442131 ], [ 9.075170500000127, 41.442463000000146 ], [ 9.074064500000077, 41.4422075 ], [ 9.074314000000129, 41.442920500000184 ], [ 9.074240375541081, 41.443101428191881 ], [ 9.074126000000206, 41.443382500000041 ], [ 9.073887, 41.443386000000146 ], [ 9.074101500000154, 41.443699 ], [ 9.073566500000084, 41.443817 ], [ 9.073533, 41.444042 ], [ 9.072724500000049, 41.443779 ], [ 9.072409500000106, 41.444160500000123 ], [ 9.07197750000006, 41.444053500000109 ], [ 9.071820500000058, 41.444240499999978 ], [ 9.071711500000106, 41.444431500000121 ], [ 9.07188050000002, 41.44487 ], [ 9.071131, 41.444591500000058 ], [ 9.07041786755326, 41.444607659651638 ], [ 9.070116, 41.444614500000171 ], [ 9.070126278046018, 41.444722558375247 ], [ 9.070171500000015, 41.445198000000175 ], [ 9.069724000000122, 41.444954 ], [ 9.06925850000016, 41.445064500000115 ], [ 9.069215, 41.445202000000108 ], [ 9.0698405, 41.445442 ], [ 9.070108500000174, 41.445694 ], [ 9.070407000000159, 41.446213000000114 ], [ 9.070431, 41.446537 ], [ 9.070323000000144, 41.446632500000192 ], [ 9.069762, 41.446438 ], [ 9.070033000000137, 41.447239 ], [ 9.069086, 41.447426000000121 ], [ 9.068888500000128, 41.447796000000153 ], [ 9.069135500000129, 41.4483755 ], [ 9.069095500000174, 41.449188 ], [ 9.069057500000042, 41.449371499999984 ], [ 9.068710500000122, 41.449482 ], [ 9.068562499999985, 41.449856 ], [ 9.066938500000049, 41.449768 ], [ 9.065875, 41.450012 ], [ 9.065821500000197, 41.450058000000126 ], [ 9.066661, 41.450596 ], [ 9.066226, 41.450985 ], [ 9.066631500000085, 41.4515 ], [ 9.066642, 41.451587500000187 ], [ 9.06629, 41.451656500000183 ], [ 9.06640150000004, 41.452102500000137 ], [ 9.066596000000118, 41.452228500000103 ], [ 9.067769000000226, 41.452556500000071 ], [ 9.067871000000139, 41.452923000000169 ], [ 9.067874000000188, 41.453056500000059 ], [ 9.067338, 41.453083000000106 ], [ 9.067315000000121, 41.45339950000016 ], [ 9.066765, 41.453300500000182 ], [ 9.066012500752265, 41.453617001049679 ], [ 9.066360500000201, 41.45458600000012 ], [ 9.066125070326905, 41.455055514033802 ], [ 9.0660105, 41.45528400000012 ], [ 9.066097500000126, 41.455513 ], [ 9.066170850408696, 41.455640533876135 ], [ 9.066396000000111, 41.456032 ], [ 9.06709950000004, 41.456436 ], [ 9.067115000000115, 41.456669000000147 ], [ 9.066620000000171, 41.457054000000198 ], [ 9.066282960435728, 41.457073178557437 ], [ 9.066084, 41.457084500000065 ], [ 9.066354000493845, 41.457980999918846 ], [ 9.067235, 41.4578360000001 ], [ 9.067399000000137, 41.457596000000137 ], [ 9.067695500000184, 41.457577000000128 ], [ 9.068192500000066, 41.457733 ], [ 9.068461500000126, 41.457988500000113 ], [ 9.068615, 41.458290000000147 ], [ 9.068690500000059, 41.459053 ], [ 9.069113500000071, 41.459621500000026 ], [ 9.06926650000014, 41.461056 ], [ 9.068134422550202, 41.462212504716376 ], [ 9.067250500000114, 41.463115500000129 ], [ 9.067893, 41.463485500000161 ], [ 9.067993000000115, 41.464382000000114 ], [ 9.067430500000114, 41.465317 ], [ 9.067445, 41.465538000000151 ], [ 9.068009500000016, 41.465782000000104 ], [ 9.069304500000044, 41.465477 ], [ 9.069503809633204, 41.465467109166184 ], [ 9.0698385, 41.465450500000202 ], [ 9.070578499999954, 41.465629500000091 ], [ 9.070937000000129, 41.466152 ], [ 9.071289000000149, 41.467254500000081 ], [ 9.071394000000112, 41.469959500000073 ], [ 9.072232, 41.469959500000073 ], [ 9.072314595657417, 41.470059752404836 ], [ 9.072580500000072, 41.470382500000085 ], [ 9.073223424647949, 41.470158723425413 ], [ 9.073972500000139, 41.469898000000114 ], [ 9.074462, 41.470001000000138 ], [ 9.074860500000057, 41.470337 ], [ 9.075208500000087, 41.470772 ], [ 9.075223529771279, 41.470848203576566 ], [ 9.075465, 41.472072500000138 ], [ 9.076181992848717, 41.472197868101262 ], [ 9.076992, 41.472339499999975 ], [ 9.07707100000016, 41.473144499999989 ], [ 9.077508, 41.473293500000068 ], [ 9.07773200000014, 41.473686 ], [ 9.07764062779097, 41.474251852112047 ], [ 9.077620500000137, 41.474376500000119 ], [ 9.077770672858833, 41.474434975717941 ], [ 9.07812, 41.474571 ], [ 9.079062500000077, 41.476005500000099 ], [ 9.079847500000028, 41.476684500000147 ], [ 9.079937000000143, 41.477485500000171 ], [ 9.078116499999965, 41.476742000000115 ], [ 9.077965696342574, 41.477000652238928 ], [ 9.077707500000088, 41.477443500000049 ], [ 9.077468171854321, 41.476878284670931 ], [ 9.077313500000173, 41.476513000000182 ], [ 9.076416000000165, 41.476619500000083 ], [ 9.075124000000187, 41.477459000000124 ], [ 9.074173, 41.47752 ], [ 9.073579, 41.478187500000161 ], [ 9.073798, 41.478531 ], [ 9.073333000000162, 41.478653000000122 ], [ 9.072687, 41.478233500000044 ], [ 9.072119, 41.476822000000141 ], [ 9.072011998530002, 41.475253999228471 ], [ 9.071948000000134, 41.47521600000016 ], [ 9.069788000000131, 41.475795500000117 ], [ 9.069113, 41.475651 ], [ 9.0685825, 41.475189 ], [ 9.068500500000141, 41.474376500000119 ], [ 9.067943500000069, 41.47369 ], [ 9.068041, 41.472866 ], [ 9.068381078317145, 41.472469854717417 ], [ 9.068411, 41.472435 ], [ 9.068343160107588, 41.472440779501028 ], [ 9.066574000000116, 41.472591500000078 ], [ 9.065758500000129, 41.47174450000017 ], [ 9.065797, 41.470920500000034 ], [ 9.064880500000129, 41.471382000000176 ], [ 9.064464499999985, 41.471412500000042 ], [ 9.0638, 41.471355500000129 ], [ 9.062723000000119, 41.470833 ], [ 9.062518, 41.470619000000113 ], [ 9.062434, 41.4697685000001 ], [ 9.062525000000107, 41.468361 ], [ 9.061854500000038, 41.467727500000137 ], [ 9.061952500000189, 41.467540500000098 ], [ 9.0590115, 41.466411500000163 ], [ 9.058713, 41.46579 ], [ 9.059207, 41.465400500000158 ], [ 9.05918671830193, 41.465221963924307 ], [ 9.059171500000105, 41.465088 ], [ 9.058797, 41.464836 ], [ 9.058746500000098, 41.46439 ], [ 9.058042422154472, 41.464262708209958 ], [ 9.056487, 41.463981500000159 ], [ 9.05478, 41.462139 ], [ 9.05504800000017, 41.461757500000033 ], [ 9.055046278724035, 41.461751061453413 ], [ 9.054942, 41.461361 ], [ 9.054432521309366, 41.461236552767446 ], [ 9.053896, 41.461105500000087 ], [ 9.053954184838346, 41.460835566541562 ], [ 9.053975, 41.460739000000103 ], [ 9.05366271638735, 41.460591230511909 ], [ 9.051951500000087, 41.459781500000133 ], [ 9.051541500000098, 41.459213500000033 ], [ 9.051686998399418, 41.458934999966118 ], [ 9.05126, 41.45887 ], [ 9.051307500000121, 41.459274500000106 ], [ 9.0506630000001, 41.458866 ], [ 9.051054, 41.459781500000133 ], [ 9.050109, 41.460521500000084 ], [ 9.048804500000131, 41.461139500000058 ], [ 9.048499000000106, 41.461200500000132 ], [ 9.047602499999982, 41.46121200000016 ], [ 9.0469845, 41.461017500000082 ], [ 9.046343, 41.460655 ], [ 9.045732499999986, 41.460010500000067 ], [ 9.044801500000062, 41.459713000000136 ], [ 9.044939000000227, 41.459244 ], [ 9.0443095, 41.458969 ], [ 9.044372500000065, 41.458473 ], [ 9.043704, 41.45837 ], [ 9.0432465, 41.458038500000157 ], [ 9.043223500000011, 41.457721500000048 ], [ 9.042929500000071, 41.457878000000164 ], [ 9.042552, 41.457710500000019 ], [ 9.041987639121885, 41.457036286937353 ], [ 9.041804500000069, 41.45681750000017 ], [ 9.04151461436561, 41.456943689251034 ], [ 9.04134850000014, 41.457016 ], [ 9.040540500000077, 41.456753000000163 ], [ 9.040117500000065, 41.45682550000015 ], [ 9.039498461308142, 41.457053453165997 ], [ 9.039258, 41.457142000000204 ], [ 9.0393115, 41.457733 ], [ 9.039051000000143, 41.458069 ], [ 9.03858450000007, 41.458175500000095 ], [ 9.038485500000036, 41.458362500000135 ], [ 9.038205000000119, 41.45914850000014 ], [ 9.038221500000077, 41.459919000000127 ], [ 9.03878, 41.460109500000101 ], [ 9.038906, 41.46068200000019 ], [ 9.038830000000132, 41.462227 ], [ 9.039648000000113, 41.462589500000092 ], [ 9.040252500000065, 41.46326850000014 ], [ 9.04025, 41.46376400000014 ], [ 9.039868500000068, 41.464107500000125 ], [ 9.04084, 41.464863 ], [ 9.04086500000011, 41.465084000000104 ], [ 9.040707500000053, 41.465275 ], [ 9.039786500000048, 41.465690500000164 ], [ 9.039951500000029, 41.466629 ], [ 9.039125500000068, 41.467357500000105 ], [ 9.039771000000201, 41.467773500000021 ], [ 9.039677500000096, 41.468635500000119 ], [ 9.039133, 41.469211500000029 ], [ 9.03863900000016, 41.4696045 ], [ 9.038152500000024, 41.469532 ], [ 9.0373945, 41.470344500000124 ], [ 9.036648, 41.470714500000042 ], [ 9.035776, 41.470947500000136 ], [ 9.035235500000113, 41.470928 ], [ 9.034917, 41.470768 ], [ 9.034661500000198, 41.470608 ], [ 9.034048, 41.469333499999948 ], [ 9.033380500000078, 41.469238500000131 ], [ 9.033069500000124, 41.468620500000156 ], [ 9.03090850000001, 41.468029 ], [ 9.029833, 41.468136000000186 ], [ 9.029074500000149, 41.467678000000149 ], [ 9.028935499999989, 41.467506500000127 ], [ 9.028998500000057, 41.467006499999968 ], [ 9.0287505, 41.466934 ], [ 9.028492, 41.466129500000079 ], [ 9.028481500000112, 41.466041500000074 ], [ 9.028884000000176, 41.465893 ], [ 9.028863000000229, 41.465706 ], [ 9.02864, 41.465313 ], [ 9.028144, 41.465164000000129 ], [ 9.0281, 41.464672000000121 ], [ 9.027523000000201, 41.46434 ], [ 9.027864500000021, 41.46418 ], [ 9.027760500000113, 41.463157500000023 ], [ 9.027411500000198, 41.462719 ], [ 9.026589500000057, 41.462322 ], [ 9.026554000000147, 41.462009500000079 ], [ 9.026067000000182, 41.461941 ], [ 9.026036500000146, 41.46167 ], [ 9.02559650000012, 41.46147550000012 ], [ 9.024915500000077, 41.461284500000147 ], [ 9.024796500000207, 41.46129250000007 ], [ 9.024234, 41.461597500000096 ], [ 9.024287701606909, 41.461614118470266 ], [ 9.024604, 41.461712000000148 ], [ 9.024631500000055, 41.461941 ], [ 9.024463500000024, 41.462036000000126 ], [ 9.023936500000104, 41.462246000000107 ], [ 9.02327041847559, 41.46225715714445 ], [ 9.023041, 41.462261000000126 ], [ 9.022590500000092, 41.462513000000172 ], [ 9.022536500000058, 41.46256649999998 ], [ 9.022610567550942, 41.462674257999481 ], [ 9.022680500000092, 41.462776 ], [ 9.022442, 41.462887 ], [ 9.022457, 41.463020500000084 ], [ 9.022893, 41.463169000000107 ], [ 9.02292250000005, 41.46344 ], [ 9.022517, 41.463554499999987 ], [ 9.022526, 41.463642000000164 ], [ 9.022865499999966, 41.463981500000159 ], [ 9.023381000000143, 41.464317500000107 ], [ 9.024704, 41.464367 ], [ 9.02490250000011, 41.464546000000155 ], [ 9.024927000000162, 41.464771500000154 ], [ 9.024645, 41.465011500000116 ], [ 9.025402, 41.465366500000016 ], [ 9.025542500000086, 41.465538000000151 ], [ 9.025465000000111, 41.465912 ], [ 9.024522, 41.466144500000098 ], [ 9.023735, 41.466057 ], [ 9.023521500000072, 41.466301 ], [ 9.023288500000149, 41.46635050000009 ], [ 9.022847, 41.466156000000126 ], [ 9.022517, 41.466396499999973 ], [ 9.021717000000137, 41.466213 ], [ 9.02137, 41.466419 ], [ 9.021455000000117, 41.466640500000096 ], [ 9.020850000000166, 41.466587000000118 ], [ 9.020524, 41.466335500000071 ], [ 9.020579500000167, 41.466827500000079 ], [ 9.019618, 41.466789000000119 ], [ 9.019408, 41.466537500000072 ], [ 9.019171500000027, 41.466549 ], [ 9.018592, 41.466812 ], [ 9.018368000000123, 41.46696100000014 ], [ 9.01800650000007, 41.46757150000002 ], [ 9.018027500000017, 41.467750500000079 ], [ 9.018648, 41.468483000000106 ], [ 9.018807500000094, 41.46883 ], [ 9.018836000000135, 41.46918850000003 ], [ 9.01845550000013, 41.469532 ], [ 9.016206, 41.469204000000104 ], [ 9.016056000000162, 41.469574000000136 ], [ 9.016771500000061, 41.470077500000059 ], [ 9.016727500000115, 41.470215 ], [ 9.01642500000014, 41.470192000000111 ], [ 9.0162325, 41.470608 ], [ 9.01585950000009, 41.470585000000142 ], [ 9.015468500000054, 41.470199500000035 ], [ 9.015329500000121, 41.470657500000073 ], [ 9.015038500000173, 41.470722 ], [ 9.015886500000022, 41.471348 ], [ 9.015867, 41.471710000000144 ], [ 9.015223500000047, 41.472473 ], [ 9.014311, 41.472343500000136 ], [ 9.014327, 41.472488500000054 ], [ 9.014712500000201, 41.472820500000012 ], [ 9.015573500000016, 41.473037500000032 ], [ 9.016359500000078, 41.472992000000147 ], [ 9.016494, 41.473118000000113 ], [ 9.016642500000216, 41.473381 ], [ 9.016646500000149, 41.473514500000078 ], [ 9.01625150000001, 41.4737245 ], [ 9.016523500000119, 41.474018 ], [ 9.0164835, 41.474201 ], [ 9.01608350000015, 41.474361500000157 ], [ 9.016092500000013, 41.474544500000206 ], [ 9.016669500000148, 41.474876500000107 ], [ 9.016703500000119, 41.475189 ], [ 9.016472000000135, 41.475246500000026 ], [ 9.016619500000047, 41.475506000000166 ], [ 9.016829500000028, 41.475761499999976 ], [ 9.017449500000168, 41.47595600000011 ], [ 9.017583, 41.476711500000079 ], [ 9.017975000000149, 41.47700500000019 ], [ 9.018174000000101, 41.477718500000094 ], [ 9.018184500000075, 41.47781 ], [ 9.017744000000221, 41.478245000000129 ], [ 9.016881, 41.478557500000022 ], [ 9.016287, 41.478687499999978 ], [ 9.015389500000083, 41.4786985 ], [ 9.014468, 41.478481500000157 ], [ 9.01401050000004, 41.478145500000039 ], [ 9.014133500000071, 41.477546500000074 ], [ 9.013485, 41.47709250000014 ], [ 9.013652, 41.476452000000108 ], [ 9.01406, 41.476246000000117 ], [ 9.013815, 41.47567 ], [ 9.013508, 41.475597500000106 ], [ 9.01262, 41.476330000000132 ], [ 9.012134500000059, 41.476269 ], [ 9.0118225, 41.476146500000027 ], [ 9.011251500000185, 41.474701 ], [ 9.010178500000052, 41.474216500000068 ], [ 9.00910400000015, 41.47423150000003 ], [ 9.008075, 41.474750500000198 ], [ 9.007787, 41.475487 ], [ 9.007176500000014, 41.475384 ], [ 9.006527, 41.47493 ], [ 9.005441500000131, 41.474853500000165 ], [ 9.005178500000056, 41.474647500000174 ], [ 9.004554500000097, 41.474956500000019 ], [ 9.003638500000193, 41.474781 ], [ 9.0035315, 41.475010000000168 ], [ 9.003040074783428, 41.475045035944277 ], [ 9.0029985, 41.475048000000129 ], [ 9.00257354501889, 41.475339935832039 ], [ 9.002276500000107, 41.475544000000127 ], [ 9.002170500000034, 41.475773 ], [ 9.002554000000146, 41.476516500000116 ], [ 9.00251, 41.47665400000011 ], [ 9.001954, 41.477134500000091 ], [ 9.000788500000112, 41.476886499999978 ], [ 9.000740000000178, 41.47752 ], [ 9.000031500000148, 41.477703 ], [ 8.99953550000015, 41.47872550000011 ], [ 8.998812500000042, 41.4786795 ], [ 8.998346500000196, 41.478252500000053 ], [ 8.997929500548139, 41.478275499969811 ], [ 8.997291500000131, 41.479622000000177 ], [ 8.997268766309105, 41.479802245693747 ], [ 8.997228500000062, 41.480121499999939 ], [ 8.997765500000071, 41.481266 ], [ 8.997706500000163, 41.482448500000089 ], [ 8.997266000000138, 41.482883500000071 ], [ 8.99623, 41.483253500000103 ], [ 8.996375000000114, 41.483471 ], [ 8.997104500000091, 41.48357 ], [ 8.997090500000184, 41.483974500000102 ], [ 8.996257, 41.484657500000083 ], [ 8.995706500000097, 41.484550500000125 ], [ 8.995899, 41.485309500000028 ], [ 8.994788, 41.485534500000199 ], [ 8.993594, 41.485664500000098 ], [ 8.992846500000041, 41.485397500000033 ], [ 8.99263650000006, 41.485138 ], [ 8.992942000000141, 41.484031500000015 ], [ 8.992279000000167, 41.482815 ], [ 8.992009, 41.482551500000113 ], [ 8.991999194399796, 41.482551193255631 ], [ 8.991529500000127, 41.482536500000094 ], [ 8.991376, 41.482231 ], [ 8.990806500000019, 41.48249450000003 ], [ 8.990374500000144, 41.482380000000148 ], [ 8.99030950000008, 41.481796500000144 ], [ 8.989814000000138, 41.481647500000122 ], [ 8.989913, 41.481373000000133 ], [ 8.98952950000006, 41.481251000000157 ], [ 8.989423000000102, 41.480720500000132 ], [ 8.988667500000133, 41.480407500000183 ], [ 8.988741, 41.479992 ], [ 8.988138, 41.479309 ], [ 8.988264856990156, 41.479030379543019 ], [ 8.988329000000192, 41.47888950000015 ], [ 8.987533713306448, 41.478341041535941 ], [ 8.987422, 41.478264 ], [ 8.986886, 41.478302 ], [ 8.986646500000063, 41.477764 ], [ 8.986252, 41.47797 ], [ 8.986261500000012, 41.47752 ], [ 8.985943000000134, 41.47736 ], [ 8.985759500000029, 41.476684500000147 ], [ 8.985714040554967, 41.476625414887167 ], [ 8.985199, 41.47595600000011 ], [ 8.984913992447559, 41.475871112305867 ], [ 8.984828, 41.475845500000162 ], [ 8.984764484446373, 41.47573015294347 ], [ 8.984466500000167, 41.475189 ], [ 8.984588500000143, 41.474682 ], [ 8.984043, 41.473987500000135 ], [ 8.982625000176256, 41.473713000637474 ], [ 8.982724, 41.47407150000015 ], [ 8.982610500000078, 41.474125000000129 ], [ 8.982394881037749, 41.473947359377746 ], [ 8.982346500000062, 41.473907500000053 ], [ 8.981843, 41.474212500000078 ], [ 8.98153, 41.474094500000092 ], [ 8.981024000000104, 41.474487500000066 ], [ 8.981466565488518, 41.474892785159682 ], [ 8.981623500000126, 41.475036500000044 ], [ 8.981331584193924, 41.475030254359581 ], [ 8.981086, 41.475025 ], [ 8.980509, 41.475868000000105 ], [ 8.981334500000173, 41.476818 ], [ 8.981824000000188, 41.47691750000007 ], [ 8.982370500000115, 41.477611500000137 ], [ 8.98234100000019, 41.477886 ], [ 8.981439500000192, 41.479027 ], [ 8.980864500000052, 41.479328 ], [ 8.979780000000176, 41.479793499999971 ], [ 8.978971500000057, 41.479530500000067 ], [ 8.978852500000016, 41.479530500000067 ], [ 8.978874, 41.479717500000106 ], [ 8.978573000000154, 41.479820500000073 ], [ 8.978202000000181, 41.479706 ], [ 8.977924500000142, 41.479904 ], [ 8.977618, 41.479831500000103 ], [ 8.977275, 41.479442500000062 ], [ 8.976963, 41.479866000000129 ], [ 8.9760465, 41.479702 ], [ 8.97614950000002, 41.480186500000173 ], [ 8.975367500000118, 41.480686000000105 ], [ 8.975343, 41.481094500000154 ], [ 8.975847, 41.481334500000116 ], [ 8.975914, 41.481922 ], [ 8.97663700000021, 41.481964 ], [ 8.976836000000162, 41.482132 ], [ 8.97698400000013, 41.48239500000011 ], [ 8.976952500060065, 41.482631499550394 ], [ 8.976846500000136, 41.482773000000122 ], [ 8.97662750000012, 41.483047500000112 ], [ 8.976464500000134, 41.48319650000002 ], [ 8.975884289819419, 41.483309917970132 ], [ 8.975469500000031, 41.483391 ], [ 8.975168138571235, 41.483764744501059 ], [ 8.974934500000018, 41.484054500000127 ], [ 8.974455901314172, 41.484217085262344 ], [ 8.973654000000124, 41.484489500000052 ], [ 8.973288500000081, 41.484958500000118 ], [ 8.972773500000073, 41.485176 ], [ 8.972024, 41.484997000000135 ], [ 8.971744500000057, 41.485183500000119 ], [ 8.970819500000061, 41.484932 ], [ 8.970773500000178, 41.484527500000013 ], [ 8.970410500000128, 41.484493500000042 ], [ 8.970402500000034, 41.483776 ], [ 8.969807500000172, 41.483814000000109 ], [ 8.969245, 41.483074000000158 ], [ 8.96885600000013, 41.483326 ], [ 8.968956, 41.483680500000105 ], [ 8.968478000000118, 41.483799 ], [ 8.967535000000112, 41.483402500000011 ], [ 8.967064, 41.483474500000113 ], [ 8.966532, 41.482879500000081 ], [ 8.965785, 41.482734500000163 ], [ 8.965627499999982, 41.482929 ], [ 8.965067000000147, 41.482742500000086 ], [ 8.964828499999953, 41.482746 ], [ 8.964666500000078, 41.482891000000109 ], [ 8.964988, 41.483734 ], [ 8.965195500000164, 41.483989500000064 ], [ 8.966298, 41.484203500000035 ], [ 8.966338000000178, 41.485096 ], [ 8.967315500000041, 41.485267500000134 ], [ 8.967286000000115, 41.485542500000122 ], [ 8.967533000000117, 41.485611000000119 ], [ 8.967490000000112, 41.485756 ], [ 8.966906500000107, 41.486011500000018 ], [ 8.966760500000134, 41.486297500000092 ], [ 8.966433500000051, 41.487213 ], [ 8.966864500000042, 41.487869500000102 ], [ 8.96673, 41.488373 ], [ 8.96643900000015, 41.488979500000141 ], [ 8.965986547929504, 41.489450788543081 ], [ 8.965838500000075, 41.489605 ], [ 8.965338500000087, 41.489948500000025 ], [ 8.9652377577832, 41.489911457329185 ], [ 8.964902, 41.489788 ], [ 8.964316500000052, 41.490005500000109 ], [ 8.963523000000123, 41.48986450000001 ], [ 8.9630125, 41.490764500000182 ], [ 8.9624225, 41.490833500000065 ], [ 8.962335500000108, 41.491112000000157 ], [ 8.961065500000018, 41.491638000000194 ], [ 8.961373500000093, 41.492252500000063 ], [ 8.961358964303201, 41.492297758874543 ], [ 8.961329500000033, 41.492389500000172 ], [ 8.960862000000247, 41.492603500000143 ], [ 8.960445500000048, 41.4926260000002 ], [ 8.960418393868508, 41.492591451505461 ], [ 8.959901000000116, 41.491932 ], [ 8.958917500000098, 41.491817500000082 ], [ 8.957843, 41.491829000000166 ], [ 8.957432500000152, 41.491901500000154 ], [ 8.9569265, 41.492199 ], [ 8.957075436014861, 41.49250065562336 ], [ 8.957143000000201, 41.492637500000114 ], [ 8.957034, 41.492733 ], [ 8.956847, 41.492656500000066 ], [ 8.956740335027177, 41.492491554165497 ], [ 8.956701500000065, 41.492431500000123 ], [ 8.956312088972197, 41.492479922855864 ], [ 8.955933500000128, 41.492527 ], [ 8.955936502168413, 41.492469721789405 ], [ 8.95595250000008, 41.492164500000058 ], [ 8.955711313698032, 41.492463605593287 ], [ 8.955534000000114, 41.492683500000169 ], [ 8.955295500000091, 41.492702500000121 ], [ 8.954566000000113, 41.492603500000143 ], [ 8.954457119339907, 41.492429541244292 ], [ 8.954348500000094, 41.492256000000168 ], [ 8.954113343408267, 41.492420204171992 ], [ 8.954058500000031, 41.492458500000055 ], [ 8.952853998821638, 41.492385998937607 ], [ 8.951868000000161, 41.491497 ], [ 8.950931500000138, 41.491150000000118 ], [ 8.950624500000117, 41.490532000000144 ], [ 8.950236500000017, 41.490288000000191 ], [ 8.949836000000118, 41.490444000000139 ], [ 8.94855100000018, 41.489662000000123 ], [ 8.947831000000122, 41.489654500000029 ], [ 8.947757, 41.490062500000022 ], [ 8.94718250000011, 41.489742500000034 ], [ 8.946215500000051, 41.489750000000129 ], [ 8.946057500000109, 41.49049 ], [ 8.945273500000042, 41.489898500000152 ], [ 8.944581000000142, 41.490123500000095 ], [ 8.944541, 41.489753500000063 ], [ 8.943634000000145, 41.489681 ], [ 8.943241000000114, 41.48938 ], [ 8.943343, 41.489876 ], [ 8.942268500000125, 41.489353000000108 ], [ 8.94195650000006, 41.4897765 ], [ 8.940796000000148, 41.489032500000235 ], [ 8.940840500000093, 41.489433500000018 ], [ 8.940655195708359, 41.489507714484887 ], [ 8.940441, 41.489593500000126 ], [ 8.94057399779507, 41.489781757442302 ], [ 8.940654000000109, 41.489895 ], [ 8.940484, 41.490085500000134 ], [ 8.939468500000089, 41.48946750000016 ], [ 8.938987000000225, 41.490078 ], [ 8.938615000000141, 41.489971 ], [ 8.938129500000116, 41.489361 ], [ 8.937960500000031, 41.489464 ], [ 8.937937000000204, 41.489788 ], [ 8.938445495998565, 41.490176758408779 ], [ 8.938591000000145, 41.490288000000191 ], [ 8.938547, 41.490425000000187 ], [ 8.938362, 41.4904785 ], [ 8.937801500000205, 41.490291500000126 ], [ 8.9377080000001, 41.490520500000059 ], [ 8.937261047374761, 41.490229783026905 ], [ 8.937256000000161, 41.490226500000119 ], [ 8.937077501138788, 41.490237999926819 ], [ 8.937029, 41.490329500000087 ], [ 8.937063, 41.490642500000035 ], [ 8.937520000000177, 41.490982 ], [ 8.936992500000031, 41.49109650000014 ], [ 8.93712249999993, 41.491817500000082 ], [ 8.935943500000121, 41.491977500000019 ], [ 8.936746500000083, 41.492832 ], [ 8.936472000000151, 41.493705499999976 ], [ 8.937099499999988, 41.494484000000114 ], [ 8.93682, 41.495311500000014 ], [ 8.936711500000058, 41.495407000000114 ], [ 8.935833, 41.495598 ], [ 8.9328595, 41.495861 ], [ 8.932379, 41.495842 ], [ 8.931936500000234, 41.49564 ], [ 8.931786500000044, 41.495376500000077 ], [ 8.931905500000141, 41.494831 ], [ 8.93134700000013, 41.494640500000116 ], [ 8.930637500000046, 41.493549500000086 ], [ 8.9296455, 41.492706500000111 ], [ 8.92963600000013, 41.491985500000169 ], [ 8.929495177907995, 41.491791108338987 ], [ 8.929069500000139, 41.491203500000097 ], [ 8.928084500000011, 41.490940000000137 ], [ 8.927821, 41.490734000000145 ], [ 8.9271915, 41.489818500000069 ], [ 8.925694500000134, 41.489902500000085 ], [ 8.92581, 41.490402 ], [ 8.925025000000176, 41.489811 ], [ 8.924694000000102, 41.490059 ], [ 8.9241475, 41.490001500000119 ], [ 8.924049500000081, 41.490192500000148 ], [ 8.923861500000157, 41.490101 ], [ 8.922962000000155, 41.489032500000064 ], [ 8.9227345, 41.489132000000154 ], [ 8.921802499999956, 41.488827000000128 ], [ 8.920261500000038, 41.489048 ], [ 8.9200295, 41.489113000000145 ], [ 8.919717000000105, 41.489536500000042 ], [ 8.919575500000121, 41.489994 ], [ 8.920205, 41.490818 ], [ 8.920836500000178, 41.49109250000015 ], [ 8.9206135, 41.491245500000048 ], [ 8.920687500000099, 41.491371000000129 ], [ 8.921151, 41.491894 ], [ 8.921648000000175, 41.492042500000082 ], [ 8.921480000000145, 41.492141500000116 ], [ 8.9219724999611, 41.493331999905706 ], [ 8.921197000000177, 41.496902500000033 ], [ 8.920929, 41.497818000000109 ], [ 8.920839500000056, 41.498092500000098 ], [ 8.920213500000159, 41.499664500000108 ], [ 8.918718500000068, 41.5026815 ], [ 8.918215000000146, 41.503528500000073 ], [ 8.916441, 41.505661000000146 ], [ 8.914746500000035, 41.507206 ], [ 8.913154500000132, 41.508068000000151 ], [ 8.912676000000147, 41.508182500000032 ], [ 8.912092000000143, 41.508312000000103 ], [ 8.911372, 41.508301 ], [ 8.910777450490002, 41.5081700797503 ], [ 8.910575, 41.508125500000119 ], [ 8.909201500000108, 41.506443 ], [ 8.90819, 41.5065955 ], [ 8.907977, 41.506832 ], [ 8.907187500000077, 41.506740500000092 ], [ 8.906577000000198, 41.507271000000117 ], [ 8.905769499999963, 41.507553 ], [ 8.905283, 41.507480500000042 ], [ 8.904948000000218, 41.507816500000104 ], [ 8.905050500000186, 41.508182500000032 ], [ 8.904003, 41.508461 ], [ 8.903701, 41.508434500000078 ], [ 8.902652499999988, 41.508266500000047 ], [ 8.90245550000003, 41.508098500000187 ], [ 8.902446000000168, 41.507919500000128 ], [ 8.902554500000065, 41.507824 ], [ 8.903095, 41.507831500000123 ], [ 8.903021000000138, 41.507705499999986 ], [ 8.902530500000069, 41.507599 ], [ 8.901816500000109, 41.507633 ], [ 8.901731500000039, 41.508053 ], [ 8.901374, 41.508068000000151 ], [ 8.901361389263286, 41.508429797692941 ], [ 8.901359499999955, 41.508484000000124 ], [ 8.900635500000078, 41.508430500000145 ], [ 8.899955500000146, 41.508877 ], [ 8.898949500000072, 41.508438 ], [ 8.898237122790192, 41.508392893146151 ], [ 8.897804500000177, 41.508365500000082 ], [ 8.897268500000223, 41.507858500000225 ], [ 8.895958000000178, 41.507393 ], [ 8.895158, 41.507713500000136 ], [ 8.894919500000015, 41.507728500000155 ], [ 8.89453200000014, 41.507473000000118 ], [ 8.893643500000167, 41.507667500000082 ], [ 8.893028500000071, 41.507511 ], [ 8.893056, 41.507782000000134 ], [ 8.892537613594925, 41.508325569246267 ], [ 8.892510500000014, 41.508354 ], [ 8.892331, 41.508365500000082 ], [ 8.891727500000229, 41.508316 ], [ 8.891561500000194, 41.5077895 ], [ 8.89091, 41.507953500000099 ], [ 8.890207500000088, 41.506908500000122 ], [ 8.889607499999954, 41.506901 ], [ 8.889389, 41.506553500000052 ], [ 8.888967500000149, 41.50653850000009 ], [ 8.888798500000178, 41.506088500000146 ], [ 8.8881695, 41.505813500000158 ], [ 8.887536, 41.506035000000168 ], [ 8.886484000000166, 41.505188 ], [ 8.886014, 41.505253 ], [ 8.885695500000111, 41.505638 ], [ 8.885072, 41.505405500000109 ], [ 8.884918, 41.50510050000014 ], [ 8.884524500000055, 41.505436000000145 ], [ 8.884595000000218, 41.504883 ], [ 8.884337500000015, 41.504722500000128 ], [ 8.883971, 41.50465400000013 ], [ 8.884008500000164, 41.50510050000014 ], [ 8.8833045, 41.505234 ], [ 8.882930000000101, 41.505619 ], [ 8.883072000000141, 41.50583250000011 ], [ 8.883662, 41.505756500000018 ], [ 8.883671000000106, 41.505844 ], [ 8.883149000000117, 41.5060995 ], [ 8.883219500000052, 41.50618350000002 ], [ 8.883545000000197, 41.506435500000066 ], [ 8.88373450000006, 41.506519500000081 ], [ 8.884215500000039, 41.50653850000009 ], [ 8.884236500000043, 41.50671750000015 ], [ 8.885462, 41.506874000000153 ], [ 8.88571450000012, 41.506992499999967 ], [ 8.885648000000117, 41.507038 ], [ 8.885113500000102, 41.507072500000049 ], [ 8.885083, 41.507347 ], [ 8.884508, 41.507553 ], [ 8.88369200000011, 41.507198499999959 ], [ 8.883394000000123, 41.507221 ], [ 8.882811500000059, 41.507473000000118 ], [ 8.882931, 41.508011 ], [ 8.882434000000103, 41.507854500000064 ], [ 8.881689000000108, 41.508262500000058 ], [ 8.882254500000158, 41.508503 ], [ 8.882379500000013, 41.509083 ], [ 8.881644000000108, 41.509578500000089 ], [ 8.881727, 41.5098 ], [ 8.882218500000022, 41.509903000000122 ], [ 8.882751500000097, 41.5097315000001 ], [ 8.882993500000055, 41.509762 ], [ 8.8833105, 41.510025 ], [ 8.882918500000017, 41.510273 ], [ 8.883131, 41.510574500000075 ], [ 8.883954, 41.510433 ], [ 8.883715500000108, 41.510986500000058 ], [ 8.883876, 41.511348500000167 ], [ 8.884068500000183, 41.511467 ], [ 8.884718, 41.511383 ], [ 8.885114500000043, 41.511719 ], [ 8.885083, 41.512092500000051 ], [ 8.885346500000196, 41.512298500000043 ], [ 8.885699500000101, 41.512233500000036 ], [ 8.886373500000104, 41.5129205 ], [ 8.887440500000082, 41.512714500000016 ], [ 8.888011, 41.513004500000022 ], [ 8.888148500000057, 41.513263500000164 ], [ 8.887458, 41.513523000000134 ], [ 8.887709500000142, 41.514278500000103 ], [ 8.888282, 41.514473 ], [ 8.888717500000041, 41.514084 ], [ 8.88896200000022, 41.514126 ], [ 8.889373, 41.514591 ], [ 8.88966100000016, 41.514484500000094 ], [ 8.890216, 41.514629500000012 ], [ 8.890473500491908, 41.514801000737918 ], [ 8.89061850000013, 41.515018500000053 ], [ 8.890606000000162, 41.5155565 ], [ 8.890456000000199, 41.516376500000149 ], [ 8.890252, 41.516792500000122 ], [ 8.889970000000119, 41.516948500000069 ], [ 8.889151806927885, 41.517126794212004 ], [ 8.889093500000058, 41.517139500000042 ], [ 8.887262500000134, 41.51692950000006 ], [ 8.887183000000107, 41.517296 ], [ 8.886803500000156, 41.517128 ], [ 8.885821500000077, 41.517551500000195 ], [ 8.885277000000144, 41.517494 ], [ 8.884821, 41.517151000000126 ], [ 8.884528000000159, 41.517219500000067 ], [ 8.884740000000136, 41.517517 ], [ 8.884479500000054, 41.517853000000116 ], [ 8.883676500000036, 41.51763150000005 ], [ 8.8835610000001, 41.517681 ], [ 8.883452499999976, 41.517780500000129 ], [ 8.88402549999995, 41.518192500000112 ], [ 8.884146500000043, 41.518734000000165 ], [ 8.8820895, 41.520923500000151 ], [ 8.881201500000088, 41.521656 ], [ 8.880663973739047, 41.52200979217406 ], [ 8.880297500000097, 41.522251 ], [ 8.877809500000069, 41.523796000000118 ], [ 8.876670001341665, 41.524307499365307 ], [ 8.875553, 41.524601000000132 ], [ 8.874119000000121, 41.524635500000159 ], [ 8.873812500000156, 41.524566500000105 ], [ 8.873491500000057, 41.524360500000114 ], [ 8.872127499999976, 41.5228575000001 ], [ 8.871744, 41.522651500000109 ], [ 8.871215, 41.522732 ], [ 8.870496, 41.522182500000042 ], [ 8.869063500000152, 41.52167900000012 ], [ 8.86754250000007, 41.520820500000127 ], [ 8.867329500000039, 41.520519500000091 ], [ 8.866912000000127, 41.5205385000001 ], [ 8.865593002057949, 41.519981500868994 ], [ 8.863503499999979, 41.520145500000069 ], [ 8.862275000000125, 41.519855500000062 ], [ 8.861263500000121, 41.519916500000136 ], [ 8.860628000000133, 41.519588500000168 ], [ 8.860830499999963, 41.52098100000012 ], [ 8.860292500000071, 41.521641000000159 ], [ 8.859926, 41.521576 ], [ 8.859598000000176, 41.521316499999955 ], [ 8.859495000000152, 41.52092 ], [ 8.858994499999937, 41.520725500000083 ], [ 8.858896500000185, 41.52027900000013 ], [ 8.858046500000228, 41.520282500000064 ], [ 8.857831000000147, 41.519844 ], [ 8.856273500000043, 41.519302499999981 ], [ 8.856035, 41.518768500000022 ], [ 8.855329500000096, 41.517685 ], [ 8.854820500000073, 41.518070000000137 ], [ 8.854197500000055, 41.517841500000031 ], [ 8.853859000000114, 41.5180395000001 ], [ 8.853239, 41.517845000000136 ], [ 8.852216500000111, 41.51791 ], [ 8.85204771868672, 41.517779715997619 ], [ 8.851771500000041, 41.517566500000044 ], [ 8.851600384328208, 41.517792626583628 ], [ 8.851448000000119, 41.517994 ], [ 8.851035, 41.518062500000042 ], [ 8.851161, 41.51865 ], [ 8.850987500000031, 41.518696 ], [ 8.850668, 41.518627 ], [ 8.850343500000065, 41.518284 ], [ 8.849874500000112, 41.518493499999977 ], [ 8.849154500000054, 41.518486 ], [ 8.848784500000193, 41.518375500000161 ], [ 8.848691, 41.518066500000032 ], [ 8.848195, 41.518459500000176 ], [ 8.847628500000098, 41.51821150000012 ], [ 8.847216500000116, 41.518284 ], [ 8.847297500000082, 41.517917500000124 ], [ 8.845703000000128, 41.518234500000062 ], [ 8.84502228446587, 41.517982478139629 ], [ 8.84464150000008, 41.517841500000031 ], [ 8.844534602544343, 41.517996553202863 ], [ 8.844384, 41.518215 ], [ 8.843710000000101, 41.518078 ], [ 8.843330500000093, 41.518417500000112 ], [ 8.842509500000233, 41.518055000000118 ], [ 8.842842, 41.518451500000083 ], [ 8.842265, 41.51865400000014 ], [ 8.842613, 41.51909250000017 ], [ 8.842336500000101, 41.519291 ], [ 8.842047923153075, 41.519165962740033 ], [ 8.841958, 41.519127 ], [ 8.841605000000186, 41.519279499999982 ], [ 8.84177101585243, 41.519832446978853 ], [ 8.841794000000164, 41.519909 ], [ 8.841744177555711, 41.519897043692993 ], [ 8.840871000000163, 41.519687500000032 ], [ 8.84094250000004, 41.520447 ], [ 8.84136, 41.520427500000153 ], [ 8.84091200000023, 41.52190000000013 ], [ 8.840960500000108, 41.522346500000083 ], [ 8.84117700000013, 41.523330500000156 ], [ 8.841405, 41.523765500000081 ], [ 8.842136582178966, 41.524359817774268 ], [ 8.842391, 41.524566500000105 ], [ 8.842415, 41.524879500000054 ], [ 8.842814500000031, 41.525264500000162 ], [ 8.843237, 41.525291500000037 ], [ 8.843317, 41.525467 ], [ 8.843096, 41.526287000000195 ], [ 8.843814, 41.526829 ], [ 8.844150500000126, 41.526504500000044 ], [ 8.844273500000156, 41.526539 ], [ 8.844407, 41.526664500000152 ], [ 8.844220000000178, 41.52726 ], [ 8.844419500000186, 41.527431500000034 ], [ 8.845158500000025, 41.527618500000017 ], [ 8.845704, 41.528213500000049 ], [ 8.846204, 41.528408 ], [ 8.846289500000012, 41.52808750000014 ], [ 8.846403, 41.528034000000162 ], [ 8.846581500000184, 41.528026500000067 ], [ 8.846835000000169, 41.528148500000043 ], [ 8.846905000000106, 41.5282365 ], [ 8.847261500000116, 41.528755000000103 ], [ 8.846918, 41.528911500000106 ], [ 8.847026, 41.529445500000065 ], [ 8.847273, 41.529522000000156 ], [ 8.847427499999981, 41.529281500000138 ], [ 8.847937500000114, 41.529579 ], [ 8.848424000000193, 41.530178 ], [ 8.848409500000059, 41.530594 ], [ 8.848836, 41.530655 ], [ 8.849274500000035, 41.531482499999981 ], [ 8.849910500000078, 41.531811000000175 ], [ 8.850325500000167, 41.532325500000127 ], [ 8.8504355, 41.532776 ], [ 8.850753000000168, 41.532940000000167 ], [ 8.85147650000016, 41.532982 ], [ 8.854159500000094, 41.53395850000004 ], [ 8.855066500000021, 41.534042500000055 ], [ 8.855445, 41.5342025 ], [ 8.855577500000038, 41.534328500000129 ], [ 8.855576499999927, 41.53487 ], [ 8.855441, 41.535373500000048 ], [ 8.855037500000094, 41.53615950000011 ], [ 8.85473050000013, 41.5366325 ], [ 8.854069500000151, 41.537258 ], [ 8.853622500000085, 41.537014000000113 ], [ 8.85345, 41.537067500000092 ], [ 8.853455500000109, 41.537655 ], [ 8.852672499999983, 41.537616500000013 ], [ 8.852243500000043, 41.538181500000064 ], [ 8.851359500000058, 41.538315 ], [ 8.851197000000127, 41.538463500000148 ], [ 8.851104, 41.53883 ], [ 8.851233500000149, 41.539459 ], [ 8.850893000000212, 41.539741500000162 ], [ 8.851310500000125, 41.540264 ], [ 8.85112550000008, 41.541401 ], [ 8.851483500000029, 41.542469 ], [ 8.851272500000164, 41.542839000000129 ], [ 8.851926, 41.543339000000117 ], [ 8.851813500000162, 41.543941500000074 ], [ 8.851974500000154, 41.544426000000158 ], [ 8.8525545, 41.545334000000139 ], [ 8.853147500000034, 41.545936500000096 ], [ 8.853913500000203, 41.546348500000079 ], [ 8.853883, 41.546619500000133 ], [ 8.853784500000017, 41.546806500000116 ], [ 8.853278, 41.547104 ], [ 8.853033, 41.547157500000026 ], [ 8.852546500000074, 41.5471 ], [ 8.852293, 41.546978000000138 ], [ 8.852112, 41.546314 ], [ 8.851265, 41.545685 ], [ 8.850881499999957, 41.54493350000007 ], [ 8.850194000000101, 41.544571 ], [ 8.849532, 41.542808500000092 ], [ 8.847840500000075, 41.542137000000139 ], [ 8.847199395232565, 41.541520358790763 ], [ 8.846635, 41.54097750000011 ], [ 8.846965000000125, 41.540600000000154 ], [ 8.846816, 41.540336500000024 ], [ 8.844881000000157, 41.54080950000008 ], [ 8.844765500000165, 41.540863 ], [ 8.843644, 41.541649 ], [ 8.843353500000092, 41.542389000000185 ], [ 8.8433245, 41.5426635 ], [ 8.843491500000141, 41.543098500000099 ], [ 8.843648453288893, 41.543230510441788 ], [ 8.843954, 41.54348750000014 ], [ 8.843913, 41.5443 ], [ 8.843990500000189, 41.544475499999976 ], [ 8.844656, 41.544533000000115 ], [ 8.844784000000118, 41.544613 ], [ 8.844864000000143, 41.544788499999981 ], [ 8.844238500000131, 41.54572700000017 ], [ 8.844321500000035, 41.545948 ], [ 8.845130000000154, 41.546222500000113 ], [ 8.845263499999987, 41.546345 ], [ 8.845227, 41.546573500000022 ], [ 8.845009, 41.546859500000096 ], [ 8.842807000000164, 41.5469855 ], [ 8.841055, 41.546314 ], [ 8.83988950000014, 41.546158000000105 ], [ 8.839448, 41.545864000000108 ], [ 8.838931, 41.546165500000029 ], [ 8.838624, 41.546093 ], [ 8.838146907621137, 41.545880082740098 ], [ 8.837111500000162, 41.545418 ], [ 8.836406500000123, 41.54554000000013 ], [ 8.835387000000139, 41.546188500000142 ], [ 8.834902000000113, 41.546131 ], [ 8.834261, 41.546936000000187 ], [ 8.833902500000022, 41.546947500000101 ], [ 8.833808000000204, 41.547176500000035 ], [ 8.833441, 41.547111500000142 ], [ 8.833047000000136, 41.547447 ], [ 8.83331, 41.548206500000163 ], [ 8.832912500000191, 41.548401 ], [ 8.832606500000111, 41.548332 ], [ 8.83232267066262, 41.547968756520675 ], [ 8.831629, 41.547081000000105 ], [ 8.831341966262471, 41.547250068833705 ], [ 8.831292, 41.5472795 ], [ 8.830856500000095, 41.547130499999923 ], [ 8.83081650000014, 41.54731 ], [ 8.830115500000034, 41.5474815 ], [ 8.829797500000041, 41.547317500000133 ], [ 8.829839000000106, 41.546596500000192 ], [ 8.829680500000109, 41.546249500000044 ], [ 8.8294085, 41.545849000000146 ], [ 8.828690500000107, 41.545307 ], [ 8.828006500000015, 41.5450705 ], [ 8.827649, 41.545097500000111 ], [ 8.827483866397984, 41.54514617762436 ], [ 8.825954500000023, 41.545597 ], [ 8.825946, 41.546055000000138 ], [ 8.824371500000154, 41.546009 ], [ 8.822623500000134, 41.544704500000137 ], [ 8.821937432240532, 41.544406938540533 ], [ 8.821805, 41.544349500000067 ], [ 8.821566500000245, 41.5443575 ], [ 8.821102, 41.544609 ], [ 8.821067588481185, 41.544839604970718 ], [ 8.820958, 41.545574000000101 ], [ 8.820327, 41.545826 ], [ 8.819854000000134, 41.546531500000128 ], [ 8.819227000000126, 41.546840500000087 ], [ 8.818882106700585, 41.546951465670361 ], [ 8.818882000000144, 41.546951500000034 ], [ 8.818698, 41.546921 ], [ 8.818555000000117, 41.546703500000149 ], [ 8.8179035, 41.546779500000014 ], [ 8.817199000000187, 41.547004500000014 ], [ 8.817292, 41.547313500000143 ], [ 8.816993500000024, 41.547333 ], [ 8.816823, 41.548061500000074 ], [ 8.817009913122831, 41.54876059172858 ], [ 8.817027000000166, 41.548824500000137 ], [ 8.816802001399253, 41.548961499148163 ], [ 8.816615000000183, 41.548889000000145 ], [ 8.816564500000084, 41.548439 ], [ 8.815797, 41.5479815 ], [ 8.814406500000018, 41.548519 ], [ 8.814208, 41.548889000000145 ], [ 8.813691000000176, 41.548565000000167 ], [ 8.813105500000063, 41.548679500000048 ], [ 8.813411500000143, 41.549389000000133 ], [ 8.813847500000179, 41.549545500000079 ], [ 8.813818000000197, 41.549816 ], [ 8.814903500000128, 41.549892500000055 ], [ 8.814760000000149, 41.550213 ], [ 8.81523877344523, 41.550639779948881 ], [ 8.815423000000123, 41.550804000000142 ], [ 8.815235, 41.551265500000113 ], [ 8.814584000000139, 41.551441 ], [ 8.814419500000042, 41.551582500000052 ], [ 8.814434, 41.551719500000047 ], [ 8.814682000000118, 41.551796000000138 ], [ 8.814676500000019, 41.552292000000136 ], [ 8.815173, 41.552448500000139 ], [ 8.81575400000014, 41.552276500000119 ], [ 8.816160000000195, 41.552704000000119 ], [ 8.8161945, 41.553116000000102 ], [ 8.81583, 41.553081500000076 ], [ 8.815463, 41.553558500000122 ], [ 8.816398500000219, 41.554538500000035 ], [ 8.816478, 41.555263499999967 ], [ 8.814891000000159, 41.553909500000032 ], [ 8.813885500000083, 41.553375 ], [ 8.813915500000121, 41.553100500000085 ], [ 8.813330500281552, 41.552688500198144 ], [ 8.811854500000095, 41.55353550000018 ], [ 8.81201, 41.553852 ], [ 8.811014, 41.554714 ], [ 8.810001500000055, 41.554867 ], [ 8.809499, 41.554661 ], [ 8.809057000000109, 41.555004000000167 ], [ 8.809131500000035, 41.555137500000058 ], [ 8.810344337464301, 41.555872553008726 ], [ 8.810352499999965, 41.5558775 ], [ 8.809309081519643, 41.556976414144742 ], [ 8.809308999886298, 41.556976499989105 ], [ 8.808947500000102, 41.556957000000125 ], [ 8.8084, 41.556217 ], [ 8.807194000000152, 41.55624750000004 ], [ 8.8070315, 41.555752 ], [ 8.806967500000042, 41.55571 ], [ 8.806563500000038, 41.555874 ], [ 8.806164, 41.555488500000138 ], [ 8.80505, 41.555820500000038 ], [ 8.804328000000169, 41.55645 ], [ 8.803159500000106, 41.555526500000099 ], [ 8.802397, 41.555122500000039 ], [ 8.8017865, 41.555015500000081 ], [ 8.801553, 41.555073 ], [ 8.80153950000016, 41.555614500000047 ], [ 8.801755, 41.555927500000053 ], [ 8.802532, 41.556461500000012 ], [ 8.801841, 41.55682 ], [ 8.799808500000097, 41.556308500000114 ], [ 8.79939000000013, 41.556324 ], [ 8.798809, 41.556495499999983 ], [ 8.798547500000211, 41.556823500000121 ], [ 8.797114499999964, 41.556324 ], [ 8.795910000000163, 41.556385 ], [ 8.795552500000042, 41.55573250000009 ], [ 8.794816, 41.55567950000011 ], [ 8.795016499856558, 41.555217500061701 ], [ 8.794131500000049, 41.5554545 ], [ 8.7942, 41.55608 ], [ 8.794031000000132, 41.556179 ], [ 8.79263, 41.556625500000052 ], [ 8.792085500000098, 41.556019000000163 ], [ 8.791798500000141, 41.557342500000061 ], [ 8.791699500000107, 41.557525500000111 ], [ 8.79123200000015, 41.557647500000087 ], [ 8.790802, 41.557541000000128 ], [ 8.790207, 41.557029500000112 ], [ 8.790193500000044, 41.557445500000028 ], [ 8.78990749999997, 41.557586500000014 ], [ 8.789819499999965, 41.557319500000119 ], [ 8.7888405, 41.557247000000132 ], [ 8.788534, 41.557075500000167 ], [ 8.78811850000011, 41.55656450000015 ], [ 8.788258500000154, 41.556194500000117 ], [ 8.787911500000064, 41.555763000000127 ], [ 8.787732000000119, 41.555771 ], [ 8.786943500000064, 41.556221000000164 ], [ 8.786895000000129, 41.556316500000094 ], [ 8.787526000000128, 41.557274 ], [ 8.787759281751903, 41.557346430221344 ], [ 8.78889, 41.557697500000131 ], [ 8.788625500000137, 41.558025500000099 ], [ 8.788975000000107, 41.558586000000105 ], [ 8.788925, 41.558681499999977 ], [ 8.788722000000121, 41.559009500000116 ], [ 8.787978, 41.559326 ], [ 8.787796773157083, 41.559511433894954 ], [ 8.787698000000148, 41.559612500000128 ], [ 8.787545, 41.559845 ], [ 8.787614000000133, 41.559932500000116 ], [ 8.787806750401899, 41.560087586530244 ], [ 8.787875, 41.560142500000097 ], [ 8.788337, 41.5599785 ], [ 8.788362500000062, 41.560211 ], [ 8.787815996002962, 41.560621489175503 ], [ 8.787133, 41.561134500000094 ], [ 8.787826507388161, 41.56122848662767 ], [ 8.787863500000128, 41.561233500000128 ], [ 8.787844500000176, 41.562267500000075 ], [ 8.787444000000107, 41.562427500000126 ], [ 8.78711200000015, 41.563343 ], [ 8.786726, 41.563099 ], [ 8.785970500000019, 41.563316500000155 ], [ 8.785934500000053, 41.564182500000072 ], [ 8.785821000000112, 41.5642355 ], [ 8.785456500000123, 41.564205000000129 ], [ 8.784797500000138, 41.563659500000142 ], [ 8.784456499999976, 41.563816 ], [ 8.784118500000091, 41.563469000000168 ], [ 8.7839995, 41.563476500000093 ], [ 8.783766, 41.564075500000058 ], [ 8.784649000000115, 41.56448 ], [ 8.784935000000132, 41.564911000000109 ], [ 8.784884500000032, 41.565098000000148 ], [ 8.78477550000008, 41.565193 ], [ 8.784235000000137, 41.565181500000108 ], [ 8.783375500000091, 41.565548 ], [ 8.78219050000007, 41.566330000000107 ], [ 8.782475500000032, 41.566730500000176 ], [ 8.782784500000048, 41.5669325 ], [ 8.783313, 41.566723 ], [ 8.784235000000137, 41.566944 ], [ 8.784715500000118, 41.56695950000011 ], [ 8.784945500000106, 41.566852499999982 ], [ 8.784935000000132, 41.566765 ], [ 8.78424, 41.566448 ], [ 8.784220500000174, 41.56625750000012 ], [ 8.784330500000067, 41.566173500000104 ], [ 8.785201000000143, 41.566345 ], [ 8.78531, 41.56625 ], [ 8.785241, 41.565620500000023 ], [ 8.785570000000121, 41.565334500000176 ], [ 8.785409000000129, 41.564846 ], [ 8.785854500000028, 41.564548500000114 ], [ 8.7874605, 41.5643235 ], [ 8.787727499999903, 41.564037500000154 ], [ 8.788163, 41.56419000000011 ], [ 8.789004500000033, 41.563556500000118 ], [ 8.7891285, 41.563587 ], [ 8.789156000000162, 41.563946 ], [ 8.7886400000001, 41.564159500000073 ], [ 8.788297500000169, 41.56485750000013 ], [ 8.788831, 41.565464 ], [ 8.78916850000013, 41.565170500000079 ], [ 8.789343, 41.5651170000001 ], [ 8.789477500000089, 41.565243 ], [ 8.789322, 41.565567 ], [ 8.789524, 41.56578050000013 ], [ 8.789242000000172, 41.565933 ], [ 8.789316, 41.566063 ], [ 8.790030500000057, 41.566570500000125 ], [ 8.789874, 41.566894500000103 ], [ 8.790260500000045, 41.5671385 ], [ 8.790562500000021, 41.56716549999993 ], [ 8.790683500000057, 41.56707 ], [ 8.790615, 41.566440500000169 ], [ 8.79118550000004, 41.566730500000176 ], [ 8.792316500000197, 41.566658 ], [ 8.792832500000088, 41.56753550000019 ], [ 8.793416000000207, 41.567413500000043 ], [ 8.793357000000128, 41.567955 ], [ 8.793653500000119, 41.567936 ], [ 8.79389, 41.568561499999987 ], [ 8.794242000000168, 41.569034500000043 ], [ 8.794559500000162, 41.569195 ], [ 8.794798, 41.569187 ], [ 8.795003, 41.568859 ], [ 8.795103841730736, 41.568844846774823 ], [ 8.795544500000119, 41.568783 ], [ 8.795995, 41.5690725 ], [ 8.796053, 41.569694500000139 ], [ 8.796598500000073, 41.569763 ], [ 8.796668, 41.5698435 ], [ 8.79659232602927, 41.570193492115152 ], [ 8.796588, 41.570213500000079 ], [ 8.796612798511092, 41.570212041264199 ], [ 8.797302, 41.570171499999958 ], [ 8.797615000000178, 41.570831500000054 ], [ 8.798427500000059, 41.571144 ], [ 8.798302500000204, 41.57174300000014 ], [ 8.799571, 41.571846000000164 ], [ 8.799844500000063, 41.572151000000133 ], [ 8.80017950000007, 41.571815500000127 ], [ 8.800482, 41.571846000000164 ], [ 8.800576, 41.572151000000133 ], [ 8.801241, 41.572197 ], [ 8.801324, 41.572418 ], [ 8.801663500000132, 41.572231500000044 ], [ 8.801787500000103, 41.5722695 ], [ 8.801985, 41.572433500000102 ], [ 8.801779, 41.572853 ], [ 8.802593000000115, 41.573169500000063 ], [ 8.80169, 41.574341 ], [ 8.801771000000144, 41.574524 ], [ 8.8026440000001, 41.574833 ], [ 8.803523000000155, 41.574653500000068 ], [ 8.803837, 41.574676500000066 ], [ 8.803959000000191, 41.574802500000146 ], [ 8.804017000000158, 41.575340500000095 ], [ 8.803814, 41.575668500000063 ], [ 8.803582, 41.575729500000136 ], [ 8.803015, 41.575489000000118 ], [ 8.802777500000104, 41.575500500000032 ], [ 8.802611500000069, 41.575733 ], [ 8.800611500000116, 41.575535 ], [ 8.8005865, 41.57531 ], [ 8.7992220000001, 41.57489 ], [ 8.798895, 41.575184 ], [ 8.798463, 41.575073 ], [ 8.798049, 41.575233500000138 ], [ 8.797907, 41.575557500000116 ], [ 8.797454, 41.575813499999981 ], [ 8.796419, 41.576313 ], [ 8.795864, 41.576168000000166 ], [ 8.795754500000044, 41.576267 ], [ 8.795435000000111, 41.576645 ], [ 8.795451000000185, 41.576778500000046 ], [ 8.796080500000016, 41.577053 ], [ 8.795940500000199, 41.5775145 ], [ 8.795200500000078, 41.577877000000171 ], [ 8.794676, 41.578670500000101 ], [ 8.792957500000114, 41.578949 ], [ 8.791985499999953, 41.578827000000103 ], [ 8.79175650000019, 41.578933500000176 ], [ 8.791492500000231, 41.579254 ], [ 8.791872000000183, 41.57955550000014 ], [ 8.791599500000189, 41.579799500000092 ], [ 8.791813000000104, 41.580093500000089 ], [ 8.79165949999998, 41.580337499999985 ], [ 8.791975, 41.580494000000158 ], [ 8.791697500000112, 41.580688500000122 ], [ 8.791858500000103, 41.581726 ], [ 8.792141, 41.582115000000158 ], [ 8.791776500000083, 41.58218 ], [ 8.791576500000076, 41.58255 ], [ 8.791542, 41.583317000000136 ], [ 8.792479500000013, 41.58367550000014 ], [ 8.792809500000089, 41.584060500000021 ], [ 8.791466500000013, 41.58504100000016 ], [ 8.791968500000166, 41.585239500000057 ], [ 8.791685000000143, 41.58593 ], [ 8.792178, 41.586719500000129 ], [ 8.791616499999975, 41.587059 ], [ 8.790705500000115, 41.587070500000038 ], [ 8.789553500000011, 41.587494000000106 ], [ 8.788989000000186, 41.587257500000078 ], [ 8.78864550000003, 41.587414 ], [ 8.788335, 41.587299500000142 ], [ 8.787223, 41.586456500000054 ], [ 8.786801500000024, 41.585888 ], [ 8.786058500000024, 41.585666500000059 ], [ 8.783803, 41.5859795 ], [ 8.783145, 41.585335000000157 ], [ 8.782520500457281, 41.585102000170764 ], [ 8.781856500000174, 41.5851745 ], [ 8.78207, 41.586029 ], [ 8.7818785, 41.58657850000003 ], [ 8.781123000000207, 41.586796 ], [ 8.781293, 41.587246000000164 ], [ 8.78187650000001, 41.587661500000081 ], [ 8.782286500000055, 41.588226500000133 ], [ 8.782412500000135, 41.589481500000034 ], [ 8.781955000000153, 41.58969100000013 ], [ 8.781904000000168, 41.590412000000129 ], [ 8.781505500000094, 41.590614500000015 ], [ 8.780369000000178, 41.590091500000085 ], [ 8.779328500000076, 41.590431 ], [ 8.778255500000114, 41.589943 ], [ 8.77822, 41.590172000000166 ], [ 8.777302500000133, 41.589996500000041 ], [ 8.77717, 41.589329 ], [ 8.77652450000005, 41.589458500000092 ], [ 8.7767495, 41.58877200000012 ], [ 8.776280500000098, 41.588878500000078 ], [ 8.776167000000157, 41.588928 ], [ 8.775663500000064, 41.58991600000013 ], [ 8.776184000000114, 41.590286500000047 ], [ 8.775989500000037, 41.590702000000135 ], [ 8.774157500000115, 41.592258500000128 ], [ 8.774288000000126, 41.59301750000003 ], [ 8.774556, 41.593265500000143 ], [ 8.7749225, 41.593338 ], [ 8.774967000000174, 41.59320050000008 ], [ 8.77468800000014, 41.592178500000102 ], [ 8.774991000000171, 41.592209000000139 ], [ 8.77505, 41.592746499999976 ], [ 8.77539650000017, 41.59263250000015 ], [ 8.776206, 41.592907000000139 ], [ 8.776335000000188, 41.592449000000101 ], [ 8.777563000000157, 41.592605500000047 ], [ 8.776960500000087, 41.59322 ], [ 8.777586000000156, 41.592922000000158 ], [ 8.777907500000083, 41.593124499999988 ], [ 8.778764, 41.592621000000122 ], [ 8.778846500000157, 41.593483 ], [ 8.779382500000111, 41.593448500000022 ], [ 8.779662000000144, 41.593162500000119 ], [ 8.780028500000071, 41.593227500000012 ], [ 8.780039, 41.593315000000132 ], [ 8.779595500000141, 41.59375 ], [ 8.780075, 41.593765500000131 ], [ 8.780092000000195, 41.59390650000006 ], [ 8.779351, 41.594261 ], [ 8.779330500000071, 41.594620000000134 ], [ 8.779758500000128, 41.594692 ], [ 8.780037, 41.594497500000102 ], [ 8.780352500000049, 41.594658 ], [ 8.78008850000009, 41.595077500000116 ], [ 8.780345, 41.595241500000043 ], [ 8.7808, 41.594902000000161 ], [ 8.780914500000222, 41.594307 ], [ 8.781237500000088, 41.595062500000154 ], [ 8.782201, 41.595093 ], [ 8.78263950000013, 41.594074 ], [ 8.78297700000013, 41.593876 ], [ 8.783219500000143, 41.59390250000007 ], [ 8.78321, 41.594352500000184 ], [ 8.783621000000153, 41.5948335 ], [ 8.783989, 41.594902000000161 ], [ 8.783998500000109, 41.594990000000166 ], [ 8.78341950000015, 41.595295000000192 ], [ 8.783391000000108, 41.595569500000011 ], [ 8.783488500000033, 41.595924500000024 ], [ 8.784111000000166, 41.596119000000158 ], [ 8.783887000000107, 41.596264 ], [ 8.783901, 41.596401 ], [ 8.784153000000117, 41.596611000000166 ], [ 8.784899, 41.596744500000057 ], [ 8.785238500000048, 41.597225 ], [ 8.786646000000133, 41.597374 ], [ 8.787057000000232, 41.597301500000128 ], [ 8.78813, 41.596699000000172 ], [ 8.788271000000123, 41.596241000000134 ], [ 8.788450000000182, 41.59622550000006 ], [ 8.788524943456935, 41.596252400575736 ], [ 8.788886, 41.596382 ], [ 8.7896449749677, 41.596748487912635 ], [ 8.789645000000121, 41.596748500000217 ], [ 8.789595500000132, 41.596843500000034 ], [ 8.788696499999958, 41.596943000000124 ], [ 8.787830500000098, 41.597255500000017 ], [ 8.787091500000031, 41.597614500000077 ], [ 8.787118000000135, 41.597973 ], [ 8.787480500000072, 41.597999500000128 ], [ 8.787491, 41.598087500000133 ], [ 8.787291500000094, 41.598461000000157 ], [ 8.786909, 41.598797 ], [ 8.786435, 41.598961 ], [ 8.785770500000012, 41.598911500000099 ], [ 8.785360500000195, 41.599655000000155 ], [ 8.785381500000142, 41.5998345000001 ], [ 8.785995500000126, 41.599979500000018 ], [ 8.785594000000117, 41.600139500000125 ], [ 8.785915500000101, 41.6008835 ], [ 8.785865, 41.600979000000109 ], [ 8.7849205, 41.601215500000137 ], [ 8.784929500000032, 41.601303 ], [ 8.78548550000005, 41.601448 ], [ 8.785416500000167, 41.601913500000137 ], [ 8.7856635, 41.601989500000059 ], [ 8.785776000000112, 41.602569500000072 ], [ 8.785909500000116, 41.602691500000219 ], [ 8.786689000000138, 41.602600000000109 ], [ 8.787011, 41.60290550000019 ], [ 8.787603500000159, 41.602733499999943 ], [ 8.787293500000089, 41.603290500000071 ], [ 8.788185000000112, 41.603111499999955 ], [ 8.787992499999973, 41.603660500000103 ], [ 8.788509500000146, 41.603988500000071 ], [ 8.788235500000042, 41.604233 ], [ 8.789109000000167, 41.604545500000143 ], [ 8.788839500000108, 41.604923 ], [ 8.788937500000031, 41.605274 ], [ 8.789221000000225, 41.605663500000105 ], [ 8.789792, 41.605404000000135 ], [ 8.789975, 41.605438000000106 ], [ 8.790106, 41.60553 ], [ 8.790084000000206, 41.606430000000103 ], [ 8.790732500000047, 41.606346 ], [ 8.790413, 41.606815500000039 ], [ 8.790833500000019, 41.606697000000167 ], [ 8.790866, 41.60710900000015 ], [ 8.791607000000113, 41.60720050000009 ], [ 8.791595500000199, 41.607738500000039 ], [ 8.791410499999984, 41.608246 ], [ 8.790947000000187, 41.608501500000102 ], [ 8.790985000000148, 41.608860000000107 ], [ 8.790306000000101, 41.60921500000012 ], [ 8.790508500000158, 41.609428500000035 ], [ 8.7909, 41.60917650000016 ], [ 8.791096499999981, 41.609985500000107 ], [ 8.791578500000071, 41.610000500000126 ], [ 8.791680500000155, 41.610939000000144 ], [ 8.791456, 41.611179500000162 ], [ 8.790791500000125, 41.61113 ], [ 8.79106250000001, 41.611431 ], [ 8.791018500000064, 41.611568500000033 ], [ 8.790492, 41.611686500000019 ], [ 8.790768500000013, 41.61203 ], [ 8.790638, 41.61312850000013 ], [ 8.791199500000118, 41.613315500000112 ], [ 8.791296000000102, 41.6143035 ], [ 8.790452, 41.614940500000102 ], [ 8.791238000000135, 41.615532 ], [ 8.791033500000083, 41.615856 ], [ 8.790557, 41.615886500000045 ], [ 8.790449000000194, 41.616657500000088 ], [ 8.788691500000084, 41.616485500000067 ], [ 8.788305499999979, 41.61623400000019 ], [ 8.788066, 41.616245500000105 ], [ 8.787956, 41.616344500000139 ], [ 8.787925500000142, 41.616707 ], [ 8.788381500000014, 41.617046500000129 ], [ 8.78792, 41.6172065 ], [ 8.788127, 41.617466 ], [ 8.788028500000109, 41.617653 ], [ 8.787856, 41.617710000000102 ], [ 8.786989000000119, 41.617573000000164 ], [ 8.78667350000012, 41.617321 ], [ 8.78648650000008, 41.617382 ], [ 8.785662500000115, 41.618061 ], [ 8.785613000000126, 41.618152500000122 ], [ 8.7856845, 41.618374 ], [ 8.786021000000119, 41.618713500000013 ], [ 8.786848000000134, 41.618484500000079 ], [ 8.786761500000125, 41.618900500000052 ], [ 8.787927500000137, 41.619694000000152 ], [ 8.788693500000079, 41.619556500000158 ], [ 8.789253000000201, 41.619747 ], [ 8.7887895, 41.620453000000225 ], [ 8.789154000000167, 41.620479500000101 ], [ 8.789364000000148, 41.620197500000074 ], [ 8.789676500000041, 41.620315500000061 ], [ 8.789101500000072, 41.62120450000009 ], [ 8.7904595, 41.620895500000074 ], [ 8.791428500000052, 41.620441500000197 ], [ 8.791644000000133, 41.620113500000059 ], [ 8.792006500000127, 41.620132500000011 ], [ 8.792597000000114, 41.620601500000078 ], [ 8.791669, 41.62154750000019 ], [ 8.792355500000042, 41.621784 ], [ 8.792569000000128, 41.62154750000019 ], [ 8.792931500000066, 41.621574500000122 ], [ 8.7929565, 41.621792 ], [ 8.792005500000016, 41.622528 ], [ 8.792080000000169, 41.622661500000163 ], [ 8.792531000000167, 41.622947500000066 ], [ 8.792863000000125, 41.622699500000124 ], [ 8.79316150000011, 41.622692 ], [ 8.793544000000111, 41.622890500000096 ], [ 8.793415, 41.623352000000125 ], [ 8.793991, 41.623134500000049 ], [ 8.794075, 41.623356000000115 ], [ 8.793830000000185, 41.623955 ], [ 8.794344, 41.623615500000085 ], [ 8.794576500000119, 41.623558000000116 ], [ 8.794706500075335, 41.623642004424312 ], [ 8.794719500000042, 41.623775500000136 ], [ 8.794230500000083, 41.624344000000121 ], [ 8.794270500000039, 41.624702500000126 ], [ 8.794924861775485, 41.624935919631469 ], [ 8.795019000000138, 41.62496950000002 ], [ 8.795090500000015, 41.62506500000012 ], [ 8.795015499922044, 41.625473000036891 ], [ 8.7943755, 41.625774499999977 ], [ 8.794347621442228, 41.625908856662704 ], [ 8.794298000000197, 41.626148000000171 ], [ 8.79325676949162, 41.626620743568196 ], [ 8.7912475, 41.627533 ], [ 8.790593, 41.62825 ], [ 8.790549500000168, 41.628387500000031 ], [ 8.790671500000144, 41.628963500000054 ], [ 8.791097229529839, 41.629006177898646 ], [ 8.79128, 41.629024500000128 ], [ 8.792359500000032, 41.628376000000117 ], [ 8.792895499999929, 41.628353 ], [ 8.792912500000114, 41.629162 ], [ 8.793244500000071, 41.629452 ], [ 8.793119499999989, 41.629955500000108 ], [ 8.793710500000032, 41.62988300000012 ], [ 8.793731500000035, 41.630062 ], [ 8.795205, 41.630386500000043 ], [ 8.79566200000022, 41.630714500000011 ], [ 8.795711500000039, 41.631164500000125 ], [ 8.794508000000121, 41.631778500000109 ], [ 8.79435550181006, 41.632686500325349 ], [ 8.794801500000062, 41.632927000000109 ], [ 8.795398, 41.6329 ], [ 8.795943500000078, 41.632286 ], [ 8.797089500000027, 41.632347 ], [ 8.797650500000088, 41.633087 ], [ 8.798882500000047, 41.632839000000104 ], [ 8.799105500000053, 41.633232000000135 ], [ 8.799141000000134, 41.633003 ], [ 8.80003, 41.632904000000167 ], [ 8.800247, 41.633259 ], [ 8.801176000000112, 41.633518000000151 ], [ 8.801085500000113, 41.633793000000139 ], [ 8.801215000000127, 41.633877 ], [ 8.801513500000169, 41.633854 ], [ 8.802182, 41.633281500000123 ], [ 8.802971000000127, 41.633369500000128 ], [ 8.803701499999988, 41.634010500000045 ], [ 8.803838, 41.634269499999959 ], [ 8.804105, 41.635063 ], [ 8.804072500000132, 41.635975 ], [ 8.8043755, 41.636543500000016 ], [ 8.80402, 41.637779 ], [ 8.804562500000202, 41.637798500000088 ], [ 8.804704500000014, 41.638015500000108 ], [ 8.804665500000169, 41.638195 ], [ 8.804182000000139, 41.638813 ], [ 8.803520000000105, 41.638801499999943 ], [ 8.803701499999988, 41.639469000000133 ], [ 8.80326, 41.639812500000119 ], [ 8.803323000000148, 41.640396 ], [ 8.803056229647495, 41.640621512371865 ], [ 8.803038500000014, 41.640636500000085 ], [ 8.803054, 41.640770000000146 ], [ 8.803325500000142, 41.64107150000001 ], [ 8.803495727294262, 41.641022331641921 ], [ 8.804674000000148, 41.64068200000014 ], [ 8.804159000000197, 41.641567 ], [ 8.804235500000118, 41.641697000000249 ], [ 8.804685500000062, 41.641987 ], [ 8.804805, 41.641975500000058 ], [ 8.805298000000107, 41.641544500000066 ], [ 8.805654500000117, 41.641529000000219 ], [ 8.805799500000205, 41.641746500000124 ], [ 8.806382, 41.6414835 ], [ 8.808408, 41.640152000000171 ], [ 8.809433000000126, 41.640091 ], [ 8.810414499650904, 41.639080000359797 ], [ 8.809967, 41.638839500000074 ], [ 8.809937500000103, 41.6385725 ], [ 8.810348500000032, 41.637829 ], [ 8.809782, 41.637047000000109 ], [ 8.810097500000211, 41.635986500000115 ], [ 8.809904000000188, 41.635326500000019 ], [ 8.809951, 41.635101500000076 ], [ 8.810126500000138, 41.63449850000012 ], [ 8.810617500000092, 41.634067500000128 ], [ 8.810716500000069, 41.632568500000104 ], [ 8.81116400000019, 41.631729000000121 ], [ 8.811440500000117, 41.631397000000163 ], [ 8.812046000000123, 41.630909 ], [ 8.812853000000132, 41.630508500000019 ], [ 8.814251, 41.630016499999954 ], [ 8.815840500000036, 41.629749500000116 ], [ 8.817700500000115, 41.629642500000102 ], [ 8.818659, 41.629635 ], [ 8.820474500000103, 41.629669 ], [ 8.820794, 41.629963 ], [ 8.821779500000105, 41.630092500000046 ], [ 8.822507, 41.63081000000011 ], [ 8.822481, 41.631126500000164 ], [ 8.822950500000161, 41.631016000000102 ], [ 8.823024, 41.631149500000106 ], [ 8.82309250000003, 41.631775000000175 ], [ 8.822757500000193, 41.632107000000133 ], [ 8.822832000000119, 41.632240500000137 ], [ 8.822951500000045, 41.632232499999986 ], [ 8.823535, 41.631969500000082 ], [ 8.823593, 41.632606500000065 ], [ 8.823273500000084, 41.632976500000098 ], [ 8.823865, 41.633442 ], [ 8.82375350000018, 41.633629 ], [ 8.824171, 41.634147499999983 ], [ 8.824404, 41.634094 ], [ 8.824107, 41.634655 ], [ 8.824891, 41.634697 ], [ 8.825019, 41.634773500000108 ], [ 8.824995168939211, 41.634929001958596 ], [ 8.824949500000173, 41.635227 ], [ 8.82557950000006, 41.635605000000169 ], [ 8.825992500000154, 41.6354445 ], [ 8.826517, 41.635952 ], [ 8.82682050000011, 41.63599 ], [ 8.82786927937866, 41.635815670986062 ], [ 8.82812900000016, 41.635772499999973 ], [ 8.828511000000162, 41.635982500000125 ], [ 8.828608211723974, 41.63604363314613 ], [ 8.828705, 41.636104500000101 ], [ 8.828689500000166, 41.63651300000015 ], [ 8.828419500000052, 41.636886499999946 ], [ 8.829177, 41.63657 ], [ 8.829479, 41.636596499999939 ], [ 8.829607, 41.636677 ], [ 8.829199, 41.637424500000066 ], [ 8.829626, 41.637493 ], [ 8.829591000000164, 41.63826350000005 ], [ 8.829932, 41.638736500000107 ], [ 8.830456500000196, 41.638489 ], [ 8.832243, 41.638923500000089 ], [ 8.833092499999964, 41.638469500000042 ], [ 8.833734500000162, 41.638843500000064 ], [ 8.833968000000141, 41.639324 ], [ 8.834379, 41.639251500000057 ], [ 8.83519, 41.639526500000102 ], [ 8.836315, 41.638736500000107 ], [ 8.836791000000119, 41.638706 ], [ 8.837204, 41.639187 ], [ 8.8383055, 41.639385000000118 ], [ 8.838509500000043, 41.639610500000117 ], [ 8.839412499999924, 41.639641 ], [ 8.839384, 41.639911500000153 ], [ 8.84025400000013, 41.639641 ], [ 8.840873500000214, 41.639827500000138 ], [ 8.841078, 41.640041500000052 ], [ 8.841367, 41.641021500000136 ], [ 8.841488, 41.642231 ], [ 8.841217, 41.642605 ], [ 8.841588000000172, 41.642719500000112 ], [ 8.841556500000081, 41.642956 ], [ 8.841686, 41.643039500000157 ], [ 8.842108, 41.643055 ], [ 8.843331500000204, 41.64262 ], [ 8.844249000000104, 41.642795500000034 ], [ 8.845976000000178, 41.642563 ], [ 8.846418500000198, 41.642761 ], [ 8.846596000000147, 41.642746 ], [ 8.847053500000129, 41.642551500000081 ], [ 8.847238500000174, 41.642586000000108 ], [ 8.847694500000046, 41.64291750000001 ], [ 8.847691933271165, 41.643170066121058 ], [ 8.847689500000172, 41.643409500000018 ], [ 8.847990899771787, 41.643555164029465 ], [ 8.848692, 41.643894000000159 ], [ 8.848602500000027, 41.644172500000082 ], [ 8.848845500000095, 41.644203000000118 ], [ 8.849002, 41.64387900000014 ], [ 8.849309, 41.643947500000138 ], [ 8.849181000000158, 41.644539 ], [ 8.849505499999964, 41.645294000000149 ], [ 8.850729000000115, 41.645496500000036 ], [ 8.851341000000161, 41.646820000000105 ], [ 8.85187250000007, 41.64674 ], [ 8.852008, 41.646866 ], [ 8.852033500000061, 41.64709100000016 ], [ 8.851181, 41.647640000000138 ], [ 8.85146448498881, 41.648029479376135 ], [ 8.851464500000077, 41.6480295 ], [ 8.852315, 41.648117 ], [ 8.852341174112951, 41.648080268670697 ], [ 8.852584000000149, 41.647739500000171 ], [ 8.854076500000019, 41.647018500000058 ], [ 8.854309, 41.646961 ], [ 8.854666499999951, 41.646934499999986 ], [ 8.855364000000122, 41.647262499999954 ], [ 8.855603000000201, 41.647247500000162 ], [ 8.855695000000139, 41.647014500000068 ], [ 8.855273, 41.6464575 ], [ 8.855383, 41.646358500000133 ], [ 8.855752, 41.646335500000191 ], [ 8.856362500000159, 41.646435 ], [ 8.85718450000013, 41.646797 ], [ 8.857364500000074, 41.647461 ], [ 8.857713499999988, 41.647346500000197 ], [ 8.858955500000093, 41.647732 ], [ 8.860145500000158, 41.647529500000019 ], [ 8.860874, 41.647621000000129 ], [ 8.861582, 41.648037000000102 ], [ 8.861500500000204, 41.648399500000096 ], [ 8.863577999942379, 41.648730999728741 ], [ 8.864000500000088, 41.648208500000067 ], [ 8.864686939133549, 41.648236733369345 ], [ 8.86539850000014, 41.648266 ], [ 8.86679450000014, 41.647873 ], [ 8.867233500000054, 41.64739250000008 ], [ 8.869500000000187, 41.646091500000068 ], [ 8.870865, 41.646373500000152 ], [ 8.872441500000036, 41.647186500000089 ], [ 8.874673, 41.648906500000123 ], [ 8.876034000000118, 41.650451500000031 ], [ 8.877263000000198, 41.652454500000033 ], [ 8.877784000000133, 41.654007 ], [ 8.877828576880972, 41.654688686284373 ], [ 8.87790200000012, 41.655811500000141 ], [ 8.87848844566139, 41.657295347238289 ], [ 8.878720499999986, 41.657882500000085 ], [ 8.878845, 41.658458500000165 ], [ 8.878875021955537, 41.658822428624774 ], [ 8.879123500000105, 41.661834500000055 ], [ 8.88009650000015, 41.664211500000079 ], [ 8.881071000000134, 41.669624500000111 ], [ 8.881248500000083, 41.670242500000086 ], [ 8.881884500000126, 41.671112000000107 ], [ 8.882019, 41.671242 ], [ 8.883028, 41.671680500000093 ], [ 8.883452649977471, 41.67162954200279 ], [ 8.886653000000138, 41.671245500000168 ], [ 8.890028000000143, 41.671909500000027 ], [ 8.891342, 41.672916500000042 ], [ 8.892076293938317, 41.673960673474653 ], [ 8.89359550000006, 41.676121000000137 ], [ 8.893810500000086, 41.675884 ], [ 8.894173500000136, 41.675915000000145 ], [ 8.894358500000124, 41.675308 ], [ 8.89495, 41.675235500000042 ], [ 8.895383, 41.6753425 ], [ 8.896426000000133, 41.676098 ], [ 8.897012000000132, 41.677692500000148 ], [ 8.896994500000119, 41.678722500000106 ], [ 8.897585000000106, 41.677971 ], [ 8.898583500000143, 41.678318 ], [ 8.89907, 41.678379 ], [ 8.89923, 41.678188500000147 ], [ 8.899219500000015, 41.678100500000141 ], [ 8.899, 41.677757499999984 ], [ 8.898573, 41.677688500000158 ], [ 8.898722500000076, 41.67741 ], [ 8.89835050000022, 41.677200500000083 ], [ 8.89882850000015, 41.67609 ], [ 8.899361499859538, 41.675930000042229 ], [ 8.901165, 41.675964500000134 ], [ 8.901713500000142, 41.676018 ], [ 8.90220950000014, 41.676166499999965 ], [ 8.902243587642545, 41.676267799999664 ], [ 8.902298000000144, 41.676429500000097 ], [ 8.902596500000186, 41.676418500000068 ], [ 8.902630776509795, 41.676313181115802 ], [ 8.902686000000131, 41.676143500000023 ], [ 8.902943500000106, 41.676174 ], [ 8.903314500000079, 41.676285 ], [ 8.903374826829804, 41.67640038877272 ], [ 8.903452, 41.676548000000139 ], [ 8.904065000000173, 41.676651000000106 ], [ 8.904094500000156, 41.676922000000161 ], [ 8.903746500000125, 41.677025000000128 ], [ 8.904139499999928, 41.677322500000059 ], [ 8.904571500000145, 41.676887500000134 ], [ 8.904685000000143, 41.676838 ], [ 8.905115, 41.676815 ], [ 8.907490500000108, 41.677131500000087 ], [ 8.907522, 41.677398500000152 ], [ 8.908018, 41.677006 ], [ 8.908375497088855, 41.676986500158989 ], [ 8.908684500000106, 41.677055500000165 ], [ 8.909082500000181, 41.677402500000142 ], [ 8.909114631806744, 41.677443835274175 ], [ 8.9097825, 41.678303000000199 ], [ 8.909682500000088, 41.678577500000017 ], [ 8.910632000000135, 41.67902 ], [ 8.910602500000209, 41.679291 ], [ 8.9109975, 41.679596 ], [ 8.911628000000121, 41.67987050000005 ], [ 8.91295550000001, 41.679931500000123 ], [ 8.913064964561158, 41.67988808479339 ], [ 8.913369, 41.679767500000025 ], [ 8.913683, 41.679886 ], [ 8.914159, 41.680492500000014 ], [ 8.914704500000141, 41.680549500000097 ], [ 8.91578, 41.681568000000141 ], [ 8.915766500000075, 41.681972500000029 ], [ 8.915796202112688, 41.681977279450507 ], [ 8.916621, 41.68211 ], [ 8.916878500000053, 41.683441 ], [ 8.916010000000142, 41.687378000000194 ], [ 8.915005500000177, 41.688705500000083 ], [ 8.914844204096255, 41.68906215909044 ], [ 8.914274000000205, 41.690323000000149 ], [ 8.913499, 41.691005500000131 ], [ 8.912901000000147, 41.691036000000167 ], [ 8.912680443544559, 41.69094126557593 ], [ 8.911702, 41.690521 ], [ 8.910761066031057, 41.690790648976076 ], [ 8.909132, 41.6912575 ], [ 8.9077815, 41.691108500000155 ], [ 8.907270500000209, 41.690727 ], [ 8.906219500000077, 41.691108500000155 ], [ 8.905853500000205, 41.691044000000147 ], [ 8.903241, 41.690243000000123 ], [ 8.900594, 41.6903 ], [ 8.899305172263269, 41.689891686809631 ], [ 8.898788500000023, 41.689728000000116 ], [ 8.897264012008577, 41.689731513724723 ], [ 8.89553450000011, 41.68973550000004 ], [ 8.89473749330233, 41.689533253791808 ], [ 8.893804499999987, 41.689296500000125 ], [ 8.893478706565759, 41.689434474798645 ], [ 8.891958000000102, 41.69007849999997 ], [ 8.891420500000038, 41.690109500000062 ], [ 8.889630499989607, 41.689132500074834 ], [ 8.888894000000107, 41.689621 ], [ 8.88623900000016, 41.689506500000107 ], [ 8.885345500000142, 41.69141 ], [ 8.885083, 41.691738 ], [ 8.883304500000179, 41.693786500000044 ], [ 8.881733, 41.694866000000161 ], [ 8.8798685000001, 41.695606000000112 ], [ 8.878289000000166, 41.695972500000039 ], [ 8.877866000000154, 41.695945500000107 ], [ 8.877228500000172, 41.695625500000119 ], [ 8.877493000000186, 41.694664000000159 ], [ 8.875269, 41.69420249999996 ], [ 8.874747500000069, 41.693828500000109 ], [ 8.874269500000139, 41.693855500000041 ], [ 8.873867, 41.694008 ], [ 8.873717500000112, 41.694286500000203 ], [ 8.872154, 41.694923500000129 ], [ 8.86977, 41.696373000000165 ], [ 8.8681775, 41.69610200000011 ], [ 8.8659685, 41.696319500000016 ], [ 8.86487000000011, 41.696155500000089 ], [ 8.862651000000142, 41.696281500000055 ], [ 8.862324000000115, 41.695945500000107 ], [ 8.860411500000112, 41.695598500000017 ], [ 8.859153393387999, 41.696560667281688 ], [ 8.858685500000149, 41.696918500000152 ], [ 8.857817500000067, 41.697323 ], [ 8.856879, 41.6975175 ], [ 8.856038000000126, 41.6975175 ], [ 8.855366500000173, 41.696884000000182 ], [ 8.853858183255966, 41.696654269477392 ], [ 8.853840000000162, 41.696651500000087 ], [ 8.853631, 41.696392000000117 ], [ 8.851386000000161, 41.696293 ], [ 8.851309, 41.696029499999952 ], [ 8.850397, 41.696037500000102 ], [ 8.850104500000157, 41.69610200000011 ], [ 8.848505377016636, 41.696748889786136 ], [ 8.848426000000188, 41.696781 ], [ 8.847989, 41.697170500000084 ], [ 8.847172500000056, 41.696853500000145 ], [ 8.844720000000166, 41.697044500000118 ], [ 8.843436000000167, 41.696838500000126 ], [ 8.843176000000142, 41.697307500000022 ], [ 8.842521695992502, 41.697234600375566 ], [ 8.842081000000121, 41.697185500000046 ], [ 8.841703500000165, 41.697571000000153 ], [ 8.841281, 41.697551500000145 ], [ 8.841031389867112, 41.697880240617962 ], [ 8.840852, 41.698116500000197 ], [ 8.839557500000069, 41.699009000000103 ], [ 8.838626, 41.699280000000158 ], [ 8.83858, 41.699508500000036 ], [ 8.8383265, 41.699394 ], [ 8.838153, 41.699447499999962 ], [ 8.837420499999951, 41.699898000000132 ], [ 8.836101500000098, 41.700016000000119 ], [ 8.83572850000013, 41.700981 ], [ 8.834915000000137, 41.701889 ], [ 8.830293500000039, 41.706264500000032 ], [ 8.825425001356507, 41.709384999662802 ], [ 8.827601500000071, 41.710689500000058 ], [ 8.826855356908197, 41.712553680847805 ], [ 8.826809, 41.712669500000118 ], [ 8.826984021933129, 41.712838713683141 ], [ 8.828391, 41.714199 ], [ 8.828060981449198, 41.715224512191412 ], [ 8.827967500000113, 41.715515 ], [ 8.828462500000228, 41.716114000000175 ], [ 8.829097000000161, 41.7181625 ], [ 8.828610500000025, 41.718761500000028 ], [ 8.825429844406187, 41.719194871769048 ], [ 8.825139, 41.719234500000084 ], [ 8.824185500000226, 41.720459000000119 ], [ 8.828258500000061, 41.725887500000226 ], [ 8.830185000000142, 41.727375 ], [ 8.830262101104438, 41.72735998626456 ], [ 8.831949, 41.72703150000001 ], [ 8.833803000000159, 41.727287500000102 ], [ 8.836439, 41.729244000000108 ], [ 8.836572500000159, 41.730591 ], [ 8.837908500000026, 41.731540500000051 ], [ 8.839891500000135, 41.730613500000118 ], [ 8.842495, 41.731426 ], [ 8.843119500000057, 41.734604 ], [ 8.842797500000074, 41.736572500000023 ], [ 8.844938500000126, 41.737781500000096 ], [ 8.845028, 41.738476000000162 ], [ 8.84863450000006, 41.738895500000069 ], [ 8.850938, 41.740162 ], [ 8.854585500000042, 41.740913500000033 ], [ 8.855982, 41.741878500000155 ], [ 8.856713500000069, 41.743194500000129 ], [ 8.853787500000067, 41.746818500000131 ], [ 8.85283300009678, 41.751033999573735 ], [ 8.853128500000082, 41.751713000000109 ], [ 8.854560891674851, 41.75235189587778 ], [ 8.855574499999932, 41.75280400000014 ], [ 8.857334000000208, 41.754467 ], [ 8.86043350000017, 41.756065499999977 ], [ 8.863052500000151, 41.756756000000109 ], [ 8.864974617623261, 41.758726243927185 ], [ 8.866327500000068, 41.760113 ], [ 8.868139500000041, 41.760490500000174 ], [ 8.871567000000141, 41.761101 ], [ 8.873141500000031, 41.762790500000051 ], [ 8.873174500000118, 41.764839 ], [ 8.873752354887984, 41.766365228025791 ], [ 8.873927, 41.766826500000036 ], [ 8.875705500485367, 41.768409499909126 ], [ 8.878969, 41.771911500000101 ], [ 8.880649500000231, 41.772575500000187 ], [ 8.885056500000019, 41.77170550000011 ], [ 8.887578, 41.7726935 ], [ 8.890191000000129, 41.77244550000006 ], [ 8.892586500000107, 41.773586499999965 ], [ 8.896178, 41.774486500000023 ], [ 8.902772000000141, 41.774875500000064 ], [ 8.903764000000137, 41.775944 ], [ 8.904649500000232, 41.776134500000126 ], [ 8.90831100000014, 41.775501500000132 ], [ 8.9111185000001, 41.775749 ], [ 8.912495500000148, 41.7766 ], [ 8.912968255725559, 41.779104205590215 ], [ 8.913019000000133, 41.779373 ], [ 8.916500000000212, 41.780365 ], [ 8.918311000000131, 41.780052 ], [ 8.919081500000061, 41.780433500000186 ], [ 8.921777, 41.784054 ], [ 8.92252150000013, 41.787487000000112 ], [ 8.922462734158159, 41.787531470207682 ], [ 8.921241, 41.788456 ], [ 8.9211075, 41.789135 ], [ 8.921705, 41.789665 ], [ 8.92414650000012, 41.790649500000086 ], [ 8.925215948839821, 41.790840494301392 ], [ 8.9295275, 41.791610500000047 ], [ 8.928273, 41.794193500000063 ], [ 8.92827749662132, 41.794520096709562 ], [ 8.928282500000023, 41.79488350000014 ], [ 8.928970498843341, 41.79535299921082 ], [ 8.930788, 41.7954595 ], [ 8.931783500000165, 41.794258 ], [ 8.93349650000016, 41.793792500000109 ], [ 8.93792650000006, 41.7950515 ], [ 8.938787500000046, 41.795353 ], [ 8.939168000000109, 41.795910000000163 ], [ 8.938772, 41.796516500000052 ], [ 8.937369500000159, 41.79747 ], [ 8.93722350000013, 41.798130000000185 ], [ 8.941378500000042, 41.80093 ], [ 8.941851055259121, 41.801027216354441 ], [ 8.944086, 41.801487000000122 ], [ 8.945790500000044, 41.801002499999981 ], [ 8.947284500000023, 41.799251500000082 ], [ 8.948751500000071, 41.801697 ], [ 8.948477205485347, 41.80517571155923 ], [ 8.948476, 41.80519100000015 ], [ 8.948536388893388, 41.805212765063345 ], [ 8.95160850000002, 41.806320000000142 ], [ 8.952168217818098, 41.807486577814757 ], [ 8.953805000000216, 41.810898 ], [ 8.95755, 41.810856000000115 ], [ 8.962477500000148, 41.808899000000167 ], [ 8.962818, 41.810978 ], [ 8.961876791204702, 41.812531727261558 ], [ 8.961244500000078, 41.81357550000007 ], [ 8.961602000000198, 41.814193500000215 ], [ 8.96512700071321, 41.815040499501833 ], [ 8.9665185, 41.814068000000134 ], [ 8.966718482808972, 41.812668465136142 ], [ 8.966808500000184, 41.812038500000085 ], [ 8.967458500762007, 41.811565499959329 ], [ 8.971236, 41.811363000000142 ], [ 8.973669996853403, 41.810596500990982 ], [ 8.973670024152625, 41.810596534537297 ], [ 8.978053000000102, 41.816864 ], [ 8.978376221497854, 41.817131338202046 ], [ 8.979953000000137, 41.818435500000021 ], [ 8.980768226524106, 41.820452763562059 ], [ 8.981305, 41.821781 ], [ 8.982021500000201, 41.822193000000198 ], [ 8.982937000000106, 41.822387499999934 ], [ 8.983844000000204, 41.822262 ], [ 8.986701827485433, 41.821074823019501 ], [ 8.989657499999964, 41.819847 ], [ 8.991489500656201, 41.819931000168481 ], [ 8.992395500000043, 41.820163500000149 ], [ 8.9962005000001, 41.8222540000001 ], [ 9.001056500000232, 41.827434500000095 ], [ 9.004631, 41.826446500000088 ], [ 9.00653, 41.828739 ], [ 9.006361532857852, 41.829147274962168 ], [ 9.005746, 41.830639 ], [ 9.006011, 41.831291 ], [ 9.007808500000067, 41.831405500000017 ], [ 9.009634000000119, 41.83137900000014 ], [ 9.011581500000148, 41.829921500000012 ], [ 9.012490500000013, 41.829860500000109 ], [ 9.015271, 41.831619499999988 ], [ 9.015831, 41.833633500000019 ], [ 9.016846500000042, 41.834759 ], [ 9.022042500000055, 41.83756650000015 ], [ 9.024523000000158, 41.838482 ], [ 9.026401500000134, 41.840885000000128 ], [ 9.028202, 41.841175000000135 ], [ 9.028462870692408, 41.841092847351206 ], [ 9.029921500000057, 41.840633500000081 ], [ 9.031730499999981, 41.840935 ], [ 9.032307500047523, 41.841480501599449 ], [ 9.032389499999965, 41.844242 ], [ 9.034391695420254, 41.847569184142117 ], [ 9.034669000000122, 41.848030000000108 ], [ 9.034671708797589, 41.848387203496259 ], [ 9.0346955, 41.851524500000096 ], [ 9.036294001564897, 41.853126500774238 ], [ 9.039308500000118, 41.854618 ], [ 9.040063627565758, 41.855623202279162 ], [ 9.04107950000008, 41.85697550000009 ], [ 9.042637107760584, 41.857327671874486 ], [ 9.043459, 41.857513499999982 ], [ 9.043408217570175, 41.857838393980501 ], [ 9.043146000000206, 41.859516 ], [ 9.044411500000081, 41.860496500000067 ], [ 9.047070500000189, 41.8602640000002 ], [ 9.048473500000114, 41.859432 ], [ 9.052961499999981, 41.859947 ], [ 9.056077, 41.861519000000101 ], [ 9.060099808121493, 41.865388666770968 ], [ 9.062434, 41.867634 ], [ 9.064691500000151, 41.868889 ], [ 9.068412000000137, 41.868503499999974 ], [ 9.072765500000287, 41.867138000000182 ], [ 9.078778500000055, 41.863701 ], [ 9.080620000000181, 41.862106500000039 ] ] ] ] } },
{ "type": "Feature", "properties": { "ADM_ID": "FR942B2", "SHAPE_Leng": 0.27169556449, "SHAPE_Area": 0.00293871361 }, "geometry": { "type": "MultiPolygon", "coordinates": [ [ [ [ 9.341348499999981, 42.965675500000032 ], [ 9.342573, 42.964012 ], [ 9.343811, 42.963489500000037 ], [ 9.343106500000147, 42.963257 ], [ 9.342624500000056, 42.963333 ], [ 9.34247, 42.963073500000064 ], [ 9.341118000000108, 42.963062500000035 ], [ 9.340118500000187, 42.963527500000168 ], [ 9.340499, 42.964142 ], [ 9.340211000000181, 42.964382000000171 ], [ 9.340664, 42.964580500000068 ], [ 9.340182500000139, 42.964657 ], [ 9.340353, 42.965053500000124 ], [ 9.340141500000129, 42.965336 ], [ 9.340629500000205, 42.96530550000017 ], [ 9.341348499999981, 42.965675500000032 ] ] ], [ [ [ 9.421218027698899, 43.011533348601176 ], [ 9.421475499999985, 43.011337500000195 ], [ 9.421602162598788, 43.011510425888559 ], [ 9.421757500000069, 43.011722500000076 ], [ 9.422841000000176, 43.011436500000229 ], [ 9.422664500000167, 43.010998000000143 ], [ 9.423429500000054, 43.01071950000005 ], [ 9.423645, 43.010391 ], [ 9.423236, 43.010055499999964 ], [ 9.423152000000186, 43.00988 ], [ 9.42338100000012, 43.009731499999987 ], [ 9.423097500000097, 43.009433500000057 ], [ 9.423912000000144, 43.009559499999966 ], [ 9.423919500000068, 43.00901800000014 ], [ 9.424102, 43.009006500000055 ], [ 9.424773, 43.009468 ], [ 9.425194000000204, 43.009392000000162 ], [ 9.425531500000034, 43.009735 ], [ 9.427001000000132, 43.010185 ], [ 9.42728250000016, 43.009983 ], [ 9.427379500000029, 43.0091665 ], [ 9.427778000000103, 43.008919000000105 ], [ 9.428416500000026, 43.009109500000079 ], [ 9.428900500000111, 43.00795 ], [ 9.429628500000092, 43.007267 ], [ 9.429739, 43.006675500000085 ], [ 9.429502499999955, 43.005653500000108 ], [ 9.429588499999966, 43.003662 ], [ 9.429856500000142, 43.00333 ], [ 9.430836500000055, 43.002723499999945 ], [ 9.431448, 43.002693 ], [ 9.431952500000193, 43.00229650000017 ], [ 9.432817500000169, 43.002331000000197 ], [ 9.433099500000083, 43.002044500000068 ], [ 9.434087, 43.002075000000104 ], [ 9.434237500000052, 43.001793 ], [ 9.435081500000081, 43.001659500000017 ], [ 9.435308500000019, 43.001503 ], [ 9.435330500000077, 43.001098499999955 ], [ 9.43613449999998, 43.000637 ], [ 9.436984000000109, 43.001045 ], [ 9.437526500000047, 43.000465500000018 ], [ 9.438114, 43.00074 ], [ 9.438514, 43.000492 ], [ 9.439378499999975, 43.000534 ], [ 9.439404500000023, 43.000755500000025 ], [ 9.439944500000138, 43.000629500000059 ], [ 9.440682500000094, 43.001133000000152 ], [ 9.440802663590262, 43.001123878671422 ], [ 9.440985500000068, 43.00111 ], [ 9.441724000306522, 43.000518999194412 ], [ 9.442197000000135, 42.999275 ], [ 9.442768000000115, 42.998928 ], [ 9.44260300000019, 42.998577 ], [ 9.442898, 42.997883 ], [ 9.443303, 42.997673 ], [ 9.443442500000174, 42.997215500000038 ], [ 9.444290000000137, 42.997112500000071 ], [ 9.444405500000073, 42.997062500000197 ], [ 9.44456, 42.9968225 ], [ 9.444682, 42.996319000000142 ], [ 9.443842, 42.995384 ], [ 9.443326000000127, 42.99518200000017 ], [ 9.443212500000129, 42.994156000000203 ], [ 9.443449, 42.99409100000014 ], [ 9.443506, 42.993458 ], [ 9.44356050000016, 42.993408000000159 ], [ 9.44413400000019, 42.993557 ], [ 9.444465500000092, 42.993267 ], [ 9.445373500000073, 42.99316 ], [ 9.445740500000056, 42.993145 ], [ 9.446871000000158, 42.993339500000161 ], [ 9.447109000000125, 42.993278500000088 ], [ 9.447825500000079, 42.992519499999958 ], [ 9.447637500000155, 42.991989 ], [ 9.447856000000115, 42.991661 ], [ 9.448502499999961, 42.991436 ], [ 9.448863000000131, 42.991371000000186 ], [ 9.450346528936279, 42.991902744036906 ], [ 9.45047, 42.991947 ], [ 9.450705509137038, 42.991544025039275 ], [ 9.450826500000062, 42.991337 ], [ 9.450998506082669, 42.991251241285568 ], [ 9.451530500000047, 42.990986000000134 ], [ 9.451386271751517, 42.990863757764942 ], [ 9.451120500000229, 42.990638500000159 ], [ 9.451204500000074, 42.989822500000116 ], [ 9.4520475, 42.989097500000014 ], [ 9.454092999075726, 42.988159000424162 ], [ 9.454864500000042, 42.987926500000071 ], [ 9.455170500000122, 42.987911 ], [ 9.455358500000216, 42.98794950000007 ], [ 9.455963, 42.988361500000053 ], [ 9.458119500000066, 42.98781600000018 ], [ 9.459416500000088, 42.987880500000188 ], [ 9.459505, 42.987598499999933 ], [ 9.459749, 42.987583 ], [ 9.461152000000141, 42.987995 ], [ 9.46171750000002, 42.987011 ], [ 9.462199000000112, 42.986934500000075 ], [ 9.462783000000115, 42.987175 ], [ 9.463280500000053, 42.986736500000063 ], [ 9.463558, 42.986404500000106 ], [ 9.46352000000013, 42.985592 ], [ 9.463364500000068, 42.985332500000027 ], [ 9.461347500000159, 42.9838335 ], [ 9.4609880000001, 42.983310500000073 ], [ 9.4609165, 42.982727000000125 ], [ 9.461682500000165, 42.981865000000198 ], [ 9.461339, 42.981567500000097 ], [ 9.461921500000017, 42.980720500000018 ], [ 9.461905500000114, 42.980587 ], [ 9.461306500000148, 42.980217 ], [ 9.460963000000163, 42.97824850000012 ], [ 9.460610500000087, 42.977867000000174 ], [ 9.459885500000155, 42.977962500000103 ], [ 9.459690000000137, 42.976791500000161 ], [ 9.459552, 42.976665500000081 ], [ 9.458473, 42.976375500000017 ], [ 9.458101500000168, 42.976345 ], [ 9.457790499999987, 42.976818 ], [ 9.4571095, 42.976776000000143 ], [ 9.456483, 42.976681 ], [ 9.455828500000223, 42.976356500000065 ], [ 9.455352, 42.975979000000109 ], [ 9.454605, 42.974804 ], [ 9.454114000000118, 42.973705500000108 ], [ 9.454097500000159, 42.973079499999983 ], [ 9.454802500000028, 42.972717500000044 ], [ 9.454614500000105, 42.972187 ], [ 9.454724500000168, 42.972091500000147 ], [ 9.455239500000175, 42.972282500000119 ], [ 9.455466500000114, 42.972133500000041 ], [ 9.455307, 42.971737000000132 ], [ 9.455765499999984, 42.971477500000162 ], [ 9.455079000000183, 42.97139 ], [ 9.454997000000162, 42.971214500000031 ], [ 9.455107500000054, 42.971115000000168 ], [ 9.455523500000027, 42.971000500000116 ], [ 9.456012, 42.968799500000102 ], [ 9.456816500000059, 42.968250500000124 ], [ 9.456983500000206, 42.967609500000037 ], [ 9.456638500000111, 42.967315500000041 ], [ 9.456723, 42.966903500000058 ], [ 9.457038000000125, 42.966480500000046 ], [ 9.457611, 42.966133 ], [ 9.457700500000215, 42.965767 ], [ 9.457354500000179, 42.965461500000117 ], [ 9.456840500000112, 42.965271000000143 ], [ 9.456597500000044, 42.965294 ], [ 9.45418050000012, 42.9662095 ], [ 9.453625499999987, 42.966194000000144 ], [ 9.453107000000102, 42.965957500000115 ], [ 9.452479500000038, 42.965358500000093 ], [ 9.452271001110091, 42.965013076465709 ], [ 9.451876500000083, 42.964359500000057 ], [ 9.451535, 42.96297450000003 ], [ 9.451580000000206, 42.961754000000155 ], [ 9.451818500000059, 42.961109 ], [ 9.452602500000125, 42.959892500000137 ], [ 9.452914556127325, 42.959822280349385 ], [ 9.454824500000086, 42.959392500000149 ], [ 9.454852, 42.959121500000094 ], [ 9.453682, 42.959099 ], [ 9.453641624271711, 42.958769876637859 ], [ 9.453616000000125, 42.958561 ], [ 9.453805185933163, 42.958533127302871 ], [ 9.454159000000118, 42.958481 ], [ 9.454192, 42.958164000000124 ], [ 9.454671, 42.95805 ], [ 9.454704500000105, 42.957821000000138 ], [ 9.455866000000128, 42.957786500000111 ], [ 9.455922, 42.9571535 ], [ 9.4551755, 42.957065500000169 ], [ 9.455225000000212, 42.956478 ], [ 9.455946000000154, 42.955753500000128 ], [ 9.45599, 42.955120000000136 ], [ 9.456622000000152, 42.954174000000194 ], [ 9.45641350000011, 42.953380500000094 ], [ 9.4565685, 42.953144 ], [ 9.457173500000124, 42.953056500000116 ], [ 9.456641000000104, 42.952732 ], [ 9.456824500000039, 42.952133 ], [ 9.456243500000085, 42.951900500000022 ], [ 9.456219500000032, 42.951713499999983 ], [ 9.456614500000057, 42.951427500000136 ], [ 9.456303500000104, 42.95139300000011 ], [ 9.456276000000116, 42.950580500000228 ], [ 9.45733650000011, 42.949619500000097 ], [ 9.457138, 42.949497000000122 ], [ 9.457341, 42.949169000000154 ], [ 9.457636000000207, 42.949054500000102 ], [ 9.458277049554795, 42.949014599088343 ], [ 9.458487500000103, 42.949001500000122 ], [ 9.458787492761587, 42.948615156964706 ], [ 9.4592935, 42.947963500000071 ], [ 9.459813466169521, 42.947812291942398 ], [ 9.459897, 42.947788000000116 ], [ 9.459914663039228, 42.947733101364577 ], [ 9.460119000000134, 42.94709800000021 ], [ 9.461183500000061, 42.946670500000209 ], [ 9.460955500000068, 42.946319500000072 ], [ 9.461964500000022, 42.945446000000118 ], [ 9.463217500000155, 42.945148500000187 ], [ 9.463251, 42.944923500000073 ], [ 9.462276500000087, 42.944389500000113 ], [ 9.462663499999962, 42.943554 ], [ 9.465062, 42.942997000000162 ], [ 9.465146, 42.942672500000128 ], [ 9.465746000000138, 42.942463000000203 ], [ 9.465795500000127, 42.942367500000159 ], [ 9.465257500000178, 42.941990000000146 ], [ 9.465147000000115, 42.941593 ], [ 9.466339000000175, 42.940712000000133 ], [ 9.467036, 42.939312 ], [ 9.46793, 42.938484 ], [ 9.468201500000077, 42.937111 ], [ 9.469238500000074, 42.936466000000166 ], [ 9.469096, 42.935711 ], [ 9.468159500000127, 42.935085499999957 ], [ 9.467772500000081, 42.934437 ], [ 9.467079, 42.934292 ], [ 9.466194, 42.934578000000101 ], [ 9.465935234289873, 42.934485706896794 ], [ 9.465744000000143, 42.934417500000109 ], [ 9.465472000000204, 42.934208 ], [ 9.465174500000103, 42.933689 ], [ 9.465032500000234, 42.933021500000109 ], [ 9.465225193669596, 42.932901127128446 ], [ 9.465429500000027, 42.932773500000167 ], [ 9.465403500000207, 42.932457000000113 ], [ 9.465009500000122, 42.931759 ], [ 9.465703000000133, 42.931308500000114 ], [ 9.465605000000153, 42.931000000000154 ], [ 9.4666825, 42.930206500000054 ], [ 9.466651, 42.92993950000016 ], [ 9.466816, 42.929794500000071 ], [ 9.467193500000178, 42.929863 ], [ 9.466956, 42.929424500000209 ], [ 9.467388, 42.928859500000158 ], [ 9.467143, 42.928371500000083 ], [ 9.467571499999963, 42.927757500000098 ], [ 9.467937500000062, 42.927738 ], [ 9.4679155, 42.927559 ], [ 9.467266000000109, 42.927280500000052 ], [ 9.467045, 42.926983 ], [ 9.46703350000007, 42.926891500000067 ], [ 9.467207000000201, 42.926697000000104 ], [ 9.467317500000092, 42.9266015 ], [ 9.467937500000062, 42.926658500000144 ], [ 9.468159500000127, 42.926464 ], [ 9.4680035, 42.926201000000106 ], [ 9.46873949999997, 42.926197000000116 ], [ 9.469279500000084, 42.925487500000031 ], [ 9.471526000000154, 42.924713000000111 ], [ 9.471714, 42.924251500000082 ], [ 9.472269, 42.924267000000157 ], [ 9.472602, 42.92388550000004 ], [ 9.469685500000082, 42.922031500000116 ], [ 9.469691500000067, 42.9215815 ], [ 9.470277, 42.921360000000107 ], [ 9.47007200000013, 42.921196 ], [ 9.471772000000101, 42.920456000000115 ], [ 9.472039, 42.920036500000037 ], [ 9.472077500000125, 42.91985300000016 ], [ 9.471196, 42.919178 ], [ 9.47085, 42.918754500000034 ], [ 9.470734500000049, 42.91830850000008 ], [ 9.470934, 42.917351 ], [ 9.470708000000172, 42.916504000000145 ], [ 9.471695000000125, 42.91378 ], [ 9.471279000000152, 42.911815499999989 ], [ 9.471618499999977, 42.910976500000061 ], [ 9.472240500000112, 42.910454 ], [ 9.472278500000073, 42.910267000000147 ], [ 9.471862, 42.909385500000042 ], [ 9.470854000000145, 42.909176000000116 ], [ 9.470335000000205, 42.908844000000158 ], [ 9.470280500000115, 42.908401500000139 ], [ 9.469843, 42.908336500000075 ], [ 9.469870500000127, 42.908066 ], [ 9.469051500303124, 42.907886500066411 ], [ 9.469467, 42.906101 ], [ 9.469096, 42.905586 ], [ 9.469037, 42.905094 ], [ 9.469091500000161, 42.904953 ], [ 9.469971500000156, 42.904125 ], [ 9.47081, 42.903854499999966 ], [ 9.471473500000059, 42.903267 ], [ 9.472401368092108, 42.903091560966629 ], [ 9.47256300000015, 42.903061 ], [ 9.47309, 42.902359 ], [ 9.473041821378786, 42.902174827823728 ], [ 9.472878500000149, 42.901550500000155 ], [ 9.473301000000106, 42.901489500000082 ], [ 9.473423, 42.900985500000104 ], [ 9.474023336247797, 42.900769905358061 ], [ 9.474198500000114, 42.900707000000125 ], [ 9.474491000000171, 42.900100500000235 ], [ 9.473652, 42.899162500000102 ], [ 9.473037000000147, 42.899151 ], [ 9.47335250000009, 42.89764 ], [ 9.472688500000061, 42.897236 ], [ 9.473098, 42.896484499999985 ], [ 9.47273249999995, 42.8960035 ], [ 9.473437500000045, 42.895153000000164 ], [ 9.473410500000114, 42.894344500000045 ], [ 9.473716, 42.894325500000093 ], [ 9.474473000000103, 42.892921500000057 ], [ 9.47418, 42.891948500000069 ], [ 9.474536000000171, 42.891834500000016 ], [ 9.473964500000136, 42.89118950000011 ], [ 9.474054500000136, 42.88974 ], [ 9.474547500000028, 42.8892555 ], [ 9.474985000000174, 42.889324000000158 ], [ 9.475808, 42.889042 ], [ 9.475515500000199, 42.888569000000189 ], [ 9.474077000000193, 42.887844 ], [ 9.473525000000166, 42.886249500000133 ], [ 9.47392850000017, 42.885452500000099 ], [ 9.474981500000069, 42.884941 ], [ 9.47603150000009, 42.883922500000153 ], [ 9.476687500000196, 42.882667500000025 ], [ 9.477578000000165, 42.881843500000059 ], [ 9.477526500000124, 42.881439 ], [ 9.47760209752073, 42.881320264229487 ], [ 9.478153000000134, 42.880455000000154 ], [ 9.478110499999957, 42.88009650000015 ], [ 9.477866000000176, 42.880111500000112 ], [ 9.477938500000107, 42.879116000000181 ], [ 9.477717500000153, 42.87881450000009 ], [ 9.47721950000016, 42.87825 ], [ 9.476357500000063, 42.878219500000057 ], [ 9.476369000000147, 42.877720000000124 ], [ 9.47585950000007, 42.877567500000112 ], [ 9.475129, 42.877617 ], [ 9.473562, 42.877937500000201 ], [ 9.472717500000158, 42.876453500000139 ], [ 9.472633500000143, 42.875690500000076 ], [ 9.473275000000115, 42.875423500000181 ], [ 9.472851000000162, 42.874370500000111 ], [ 9.473066500000073, 42.874126499999988 ], [ 9.473415499999987, 42.873970000000213 ], [ 9.474213500000133, 42.873882500000036 ], [ 9.474533, 42.874084500000095 ], [ 9.474783000000173, 42.874023500000021 ], [ 9.474747500000092, 42.873756500000127 ], [ 9.475147000000106, 42.873501 ], [ 9.474412, 42.873508500000014 ], [ 9.474505500000134, 42.873272000000156 ], [ 9.474915499999952, 42.87311150000005 ], [ 9.47854050129888, 42.871986498820206 ], [ 9.478704500000106, 42.87183750000014 ], [ 9.478681954409467, 42.871777530028737 ], [ 9.478357499999959, 42.87091450000014 ], [ 9.478899, 42.870834500000115 ], [ 9.478806500000019, 42.87056750000005 ], [ 9.47809100000012, 42.870743 ], [ 9.477821500000061, 42.870537 ], [ 9.478218, 42.870285000000138 ], [ 9.478119000000163, 42.869972 ], [ 9.478390500000046, 42.869594500000176 ], [ 9.478829500000131, 42.869663000000173 ], [ 9.478801500000145, 42.869446000000153 ], [ 9.480270500000188, 42.868934500000137 ], [ 9.480733, 42.868603 ], [ 9.480522, 42.868389 ], [ 9.480787500000133, 42.868057500000191 ], [ 9.481103000000132, 42.868122000000199 ], [ 9.481316500000219, 42.86788550000017 ], [ 9.481457500000147, 42.867424 ], [ 9.481450901227618, 42.867302127935375 ], [ 9.481353, 42.865494 ], [ 9.481785, 42.865509 ], [ 9.481922079972321, 42.865256964195169 ], [ 9.482243499999981, 42.864666 ], [ 9.482316000000139, 42.864258 ], [ 9.482266500000094, 42.863762 ], [ 9.481906000000151, 42.8633385 ], [ 9.481974170118065, 42.863293102869136 ], [ 9.482135, 42.863186 ], [ 9.481851500000062, 42.862789 ], [ 9.481963, 42.862198000000149 ], [ 9.481558000000121, 42.861908000000142 ], [ 9.481587500000046, 42.861046 ], [ 9.480766500000016, 42.860370500000101 ], [ 9.48001650000009, 42.860153 ], [ 9.480264500000033, 42.859684 ], [ 9.480315310930223, 42.859688063232738 ], [ 9.480883500000061, 42.859733500000175 ], [ 9.481865, 42.858639 ], [ 9.482418, 42.857067000000143 ], [ 9.482982500000048, 42.856582500000059 ], [ 9.482828, 42.856319500000154 ], [ 9.483706500000096, 42.854912 ], [ 9.483869228700996, 42.854158322270564 ], [ 9.484033500000123, 42.853397500000142 ], [ 9.484590122127713, 42.8530366435578 ], [ 9.48534, 42.8525505 ], [ 9.485677500000065, 42.851719000000173 ], [ 9.485699500000123, 42.851310500000125 ], [ 9.485645500000089, 42.850864500000171 ], [ 9.485073116701813, 42.850581665009713 ], [ 9.484665000000177, 42.85038 ], [ 9.4846335000002, 42.850113000000135 ], [ 9.4837635, 42.85002500000013 ], [ 9.483107500000074, 42.848579500000085 ], [ 9.483194803749541, 42.848396133872484 ], [ 9.483262, 42.848255 ], [ 9.482936000000109, 42.848095000000171 ], [ 9.482902499999966, 42.847816500000022 ], [ 9.483000827224032, 42.84767835119402 ], [ 9.483163, 42.847450500000093 ], [ 9.483062363894533, 42.847282850989018 ], [ 9.482947499999966, 42.84709150000009 ], [ 9.483095208825773, 42.847071754467947 ], [ 9.483430000000112, 42.847027 ], [ 9.483461500000033, 42.846802 ], [ 9.483157, 42.8468095 ], [ 9.48314776716245, 42.846733958601476 ], [ 9.483129500000132, 42.846584500000063 ], [ 9.483173510260428, 42.846568506027324 ], [ 9.48353950000012, 42.846435500000155 ], [ 9.483455500000105, 42.84626 ], [ 9.48322740594142, 42.84622211496162 ], [ 9.483019, 42.846187500000042 ], [ 9.48324219779397, 42.846127046757829 ], [ 9.483624500000019, 42.8460235 ], [ 9.483617000000152, 42.845474000000195 ], [ 9.483577, 42.845161500000074 ], [ 9.483421679085154, 42.844973508763474 ], [ 9.482726000000127, 42.844131500000117 ], [ 9.483157, 42.844146500000136 ], [ 9.482859499999961, 42.843719500000134 ], [ 9.483386, 42.843410500000175 ], [ 9.483545500000048, 42.842727500000137 ], [ 9.483788169186482, 42.842618052917601 ], [ 9.484137500000031, 42.842460500000072 ], [ 9.483844498272447, 42.842256022198626 ], [ 9.483667500000024, 42.842132500000105 ], [ 9.483888329301351, 42.841974317309166 ], [ 9.483949500000108, 42.841930500000103 ], [ 9.483917944674658, 42.84178397736946 ], [ 9.483806500000185, 42.841266500000017 ], [ 9.484022701459594, 42.841110698661794 ], [ 9.484155500000099, 42.841015 ], [ 9.484038499221811, 42.841009165411037 ], [ 9.480937, 42.840854500000034 ], [ 9.480472500000189, 42.840481 ], [ 9.48024, 42.840069 ], [ 9.480146500000046, 42.8371545 ], [ 9.480336, 42.836601500000086 ], [ 9.481332, 42.8362275 ], [ 9.480434500000058, 42.835918500000048 ], [ 9.480177, 42.835708500000067 ], [ 9.480226500000072, 42.835613500000022 ], [ 9.483113500000059, 42.8361625 ], [ 9.4842185, 42.835098500000072 ], [ 9.485023499999954, 42.834678500000109 ], [ 9.485140000000172, 42.83412949999996 ], [ 9.485170161505323, 42.834106733610156 ], [ 9.485711, 42.833698500000196 ], [ 9.485899000000131, 42.833233 ], [ 9.4858215000001, 42.832012000000134 ], [ 9.485733604485574, 42.831910122289571 ], [ 9.484976000000131, 42.831032 ], [ 9.486159051083916, 42.830251496932874 ], [ 9.486347, 42.830127499999946 ], [ 9.486315371194337, 42.829642074974629 ], [ 9.486265, 42.828869000000111 ], [ 9.486719000000107, 42.827984 ], [ 9.486521, 42.827366 ], [ 9.487024500000132, 42.826877500000023 ], [ 9.487023500000078, 42.825886 ], [ 9.486366500000088, 42.824939500000085 ], [ 9.487517500000081, 42.823150500000168 ], [ 9.486935500000072, 42.822414500000036 ], [ 9.486708500000134, 42.820984 ], [ 9.487643000000162, 42.818939 ], [ 9.488524510338664, 42.817716431088741 ], [ 9.488971500000162, 42.817096500000048 ], [ 9.489143499999955, 42.815914 ], [ 9.489392500000179, 42.815449000000115 ], [ 9.49047000000013, 42.814064000000144 ], [ 9.490057, 42.812607 ], [ 9.490083500000139, 42.810745000000111 ], [ 9.490716, 42.810306500000081 ], [ 9.490083500000139, 42.810161500000163 ], [ 9.490001500000119, 42.809986 ], [ 9.490245, 42.809971 ], [ 9.490057, 42.808357 ], [ 9.492129500000146, 42.80768600000016 ], [ 9.492638500000169, 42.807338500000014 ], [ 9.492742499985468, 42.807105998256304 ], [ 9.492788500000131, 42.805885500000045 ], [ 9.49251151620615, 42.805384171866365 ], [ 9.492015, 42.8044855 ], [ 9.492279, 42.804153500000098 ], [ 9.491635500000086, 42.801716 ], [ 9.49187650000016, 42.801201 ], [ 9.491358, 42.79879 ], [ 9.491457000000253, 42.797523500000068 ], [ 9.49121950000017, 42.796493500000111 ], [ 9.490159000000176, 42.795254 ], [ 9.491160500000092, 42.794918000000109 ], [ 9.491282498880935, 42.794327000665476 ], [ 9.489884500000016, 42.793327500000146 ], [ 9.489724, 42.792526000000123 ], [ 9.488812499999938, 42.792579500000102 ], [ 9.488128500000016, 42.790912500000161 ], [ 9.487228500000185, 42.789970500000038 ], [ 9.487145799455789, 42.789481541390444 ], [ 9.486857500000042, 42.787777000000119 ], [ 9.485832, 42.787391500000012 ], [ 9.485339, 42.7868765 ], [ 9.484909, 42.786861500000043 ], [ 9.484274000000141, 42.784504 ], [ 9.484440000000177, 42.784359000000109 ], [ 9.484097499999905, 42.784065000000112 ], [ 9.484418000000119, 42.783596 ], [ 9.483087500000011, 42.783222000000137 ], [ 9.483739, 42.78245950000013 ], [ 9.482481000000121, 42.781685000000152 ], [ 9.482225500000084, 42.781017500000189 ], [ 9.481382500000166, 42.7806205 ], [ 9.479707500000131, 42.780456500000128 ], [ 9.478989500000068, 42.77959450000003 ], [ 9.478905500000053, 42.779419 ], [ 9.479332, 42.778805 ], [ 9.47932250000008, 42.778129499999977 ], [ 9.478647000000137, 42.777626 ], [ 9.477134500000034, 42.7751005 ], [ 9.477196500000218, 42.774013500000137 ], [ 9.476666500000022, 42.774276500000042 ], [ 9.476461500000141, 42.774009500000147 ], [ 9.477201500000092, 42.773563500000023 ], [ 9.477285500000107, 42.77323900000016 ], [ 9.475413500000116, 42.773449000000141 ], [ 9.473962, 42.772590500000149 ], [ 9.473443000000145, 42.771263 ], [ 9.472742077298051, 42.77101037682155 ], [ 9.472046000000205, 42.770759500000167 ], [ 9.472150197603071, 42.770197118416718 ], [ 9.472155500000042, 42.770168500000125 ], [ 9.471919493006169, 42.769880124179281 ], [ 9.471306, 42.769130500000017 ], [ 9.471277821681895, 42.768998450754736 ], [ 9.471041500000013, 42.767891 ], [ 9.470821500000113, 42.767586000000165 ], [ 9.469553000000133, 42.766628500000138 ], [ 9.46945200000016, 42.766315500000019 ], [ 9.47009950000006, 42.765011 ], [ 9.468537499999968, 42.764164000000164 ], [ 9.468764500000134, 42.763511500000163 ], [ 9.467952500000081, 42.762298500000156 ], [ 9.467593703275497, 42.762011938899263 ], [ 9.467274500000087, 42.761757 ], [ 9.467372018405342, 42.761489597522882 ], [ 9.467511000000115, 42.761108499999921 ], [ 9.467101787900731, 42.760852871283021 ], [ 9.466717, 42.760612499999922 ], [ 9.466673, 42.76016600000014 ], [ 9.466779767056266, 42.760094114896049 ], [ 9.467126, 42.759861000000114 ], [ 9.466427000000124, 42.758556500000168 ], [ 9.465932750136346, 42.75809834502877 ], [ 9.465735500000108, 42.757915500000081 ], [ 9.465703000000133, 42.757557 ], [ 9.465703000000133, 42.757061 ], [ 9.465798500000176, 42.756832000000145 ], [ 9.466133, 42.756584000000203 ], [ 9.466281584745047, 42.756548561007833 ], [ 9.467395000000124, 42.756283000000167 ], [ 9.467664, 42.755996500000094 ], [ 9.467706997868902, 42.754064150233887 ], [ 9.467714500000113, 42.753727 ], [ 9.468057582363315, 42.75345310219376 ], [ 9.46856, 42.753052 ], [ 9.46841249866219, 42.752834500825941 ], [ 9.46841244680536, 42.752834403037355 ], [ 9.468096500000058, 42.752258500000096 ], [ 9.468087332757477, 42.752252723996037 ], [ 9.467381500000101, 42.751808 ], [ 9.466684500000156, 42.750633000000221 ], [ 9.464737000000127, 42.75021 ], [ 9.463876, 42.749088499999971 ], [ 9.464191500000084, 42.748073500000032 ], [ 9.463895, 42.745975499999986 ], [ 9.462760000000117, 42.743519 ], [ 9.462653000000159, 42.74265650000001 ], [ 9.462247000000161, 42.742237000000102 ], [ 9.462318620756605, 42.741931610873849 ], [ 9.462408000000153, 42.74155050000013 ], [ 9.461871871157314, 42.741132307120893 ], [ 9.461542, 42.740875 ], [ 9.461331500000256, 42.740165500000103 ], [ 9.461542, 42.739792000000136 ], [ 9.462459500000136, 42.739292 ], [ 9.462364, 42.739017500000159 ], [ 9.461647, 42.738659 ], [ 9.462133500000164, 42.738041 ], [ 9.462566500000094, 42.735397499999976 ], [ 9.461879791712931, 42.73444597236886 ], [ 9.461473500000125, 42.733883 ], [ 9.461502000000166, 42.733520500000111 ], [ 9.461998214650521, 42.733210638608966 ], [ 9.462070499999925, 42.733165500000041 ], [ 9.46203249927504, 42.732852999404486 ], [ 9.461159500000065, 42.732136000000139 ], [ 9.461203500000124, 42.73150250000009 ], [ 9.460747500000082, 42.731262000000129 ], [ 9.460664500000121, 42.730995 ], [ 9.460579000000166, 42.729198500000052 ], [ 9.459807500000124, 42.727802500000053 ], [ 9.4586, 42.724167000000136 ], [ 9.45611, 42.720527500000117 ], [ 9.455994500000088, 42.718506000000161 ], [ 9.456261500000153, 42.717586500000152 ], [ 9.456483, 42.715217500000051 ], [ 9.45570749999996, 42.713779500000101 ], [ 9.455250500000147, 42.711368500000106 ], [ 9.455417500000124, 42.71014 ], [ 9.454508000000203, 42.708114500000136 ], [ 9.454194000000143, 42.706959 ], [ 9.454851558940618, 42.70674197561533 ], [ 9.454853000000128, 42.706741500000021 ], [ 9.455386, 42.706119500000113 ], [ 9.455311000000222, 42.704906500000106 ], [ 9.456133, 42.704536500000017 ], [ 9.457509000000186, 42.70319 ], [ 9.45707300000015, 42.701542 ], [ 9.4565685, 42.70031350000005 ], [ 9.456357, 42.700092500000039 ], [ 9.45583449999998, 42.700310000000115 ], [ 9.456527000000108, 42.702663500000142 ], [ 9.456791, 42.702823500000079 ], [ 9.456106, 42.703815500000076 ], [ 9.455181875669609, 42.704087847752589 ], [ 9.455161, 42.704094 ], [ 9.454787500000066, 42.704029000000162 ], [ 9.454352500000141, 42.703476 ], [ 9.453927, 42.702408 ], [ 9.453670499999987, 42.701706000000115 ], [ 9.453742, 42.701298000000122 ], [ 9.45326150000011, 42.700874500000111 ], [ 9.45356750000019, 42.700271500000099 ], [ 9.452159000000165, 42.700355500000114 ], [ 9.452127500000074, 42.699501000000112 ], [ 9.452779000000135, 42.698734500000114 ], [ 9.452527, 42.695995499999981 ], [ 9.450783500000057, 42.696239500000104 ], [ 9.450051500000086, 42.695747500000095 ], [ 9.451503, 42.694523 ], [ 9.451829, 42.693596 ], [ 9.453064, 42.693207 ], [ 9.453401500000155, 42.692871 ], [ 9.453370000000177, 42.692600500000083 ], [ 9.452437500000144, 42.691395000000171 ], [ 9.452434919992982, 42.691115327225816 ], [ 9.452432500000043, 42.690853000000118 ], [ 9.45216650000026, 42.690689 ], [ 9.451991000000135, 42.690746500000159 ], [ 9.451616500000057, 42.691177499999981 ], [ 9.450657, 42.691322500000069 ], [ 9.448043000000155, 42.689945000000137 ], [ 9.447713000000192, 42.689655500000129 ], [ 9.447741500000063, 42.688884500000142 ], [ 9.447081724124189, 42.68797479517383 ], [ 9.44701950000001, 42.687889 ], [ 9.446387500480284, 42.686126498742169 ], [ 9.446812500000135, 42.685013 ], [ 9.446666500000106, 42.682041 ], [ 9.447163500000045, 42.681103 ], [ 9.447519500000169, 42.679325000000176 ], [ 9.447458500000096, 42.678829000000178 ], [ 9.44659350000012, 42.677662 ], [ 9.4461890000361, 42.67357650036422 ], [ 9.44618902601303, 42.673576402857009 ], [ 9.447136, 42.670040000000199 ], [ 9.447142096484981, 42.669980582216112 ], [ 9.447368500000096, 42.667774000000122 ], [ 9.449193994907546, 42.662239015441287 ], [ 9.449194000080809, 42.662238998874443 ], [ 9.450094, 42.660064499999976 ], [ 9.451475, 42.658031499999936 ], [ 9.452061500000127, 42.656139500000108 ], [ 9.455102, 42.650669 ], [ 9.457044500000109, 42.648296500000072 ], [ 9.45827, 42.645645 ], [ 9.462642500000186, 42.639995500000168 ], [ 9.464216000000192, 42.637687500000141 ], [ 9.470384500000023, 42.63057700000013 ], [ 9.474879500000156, 42.62483600000013 ], [ 9.476477500000044, 42.623333000000116 ], [ 9.480087500000138, 42.619049 ], [ 9.482198000000153, 42.617149500000096 ], [ 9.483372500000144, 42.615589000000114 ], [ 9.485806500000081, 42.613361500000167 ], [ 9.491140500000199, 42.607612500000073 ], [ 9.496025, 42.603195000000142 ], [ 9.498031500000138, 42.600948500000072 ], [ 9.500306540413817, 42.59912744326067 ], [ 9.5046940000002, 42.595615500000065 ], [ 9.506834, 42.592899500000044 ], [ 9.514399500000138, 42.585293 ], [ 9.516215500000101, 42.583011500000055 ], [ 9.518279000000121, 42.57959000000011 ], [ 9.519600000000196, 42.578331 ], [ 9.522047000000157, 42.574653500000068 ], [ 9.523929500000122, 42.571327000000167 ], [ 9.526905000000113, 42.566894500000046 ], [ 9.527543000000151, 42.564956500000108 ], [ 9.528520500000013, 42.561241 ], [ 9.528676753463344, 42.560852673583099 ], [ 9.529621000000134, 42.558506 ], [ 9.531186000000105, 42.551952500000084 ], [ 9.532696500000043, 42.548019500000123 ], [ 9.533331000000146, 42.545078500000159 ], [ 9.533283363441456, 42.544178212744896 ], [ 9.533276500000056, 42.544048499999974 ], [ 9.533853500000191, 42.542114500000196 ], [ 9.533762, 42.535980000000166 ], [ 9.533162, 42.534481 ], [ 9.533436000000108, 42.53207 ], [ 9.533243000000141, 42.530319 ], [ 9.534438, 42.524826 ], [ 9.534684642788932, 42.524422705710208 ], [ 9.534956000000136, 42.523979000000168 ], [ 9.53476049991167, 42.5228080000349 ], [ 9.53254149829047, 42.523678001198959 ], [ 9.531144, 42.524658 ], [ 9.529370500000198, 42.525158 ], [ 9.5274915, 42.524879500000054 ], [ 9.525114, 42.523659 ], [ 9.522316, 42.523815 ], [ 9.520451500000149, 42.525409500000023 ], [ 9.520620500000064, 42.5289 ], [ 9.520207500000197, 42.529541000000108 ], [ 9.518859000000191, 42.530548000000124 ], [ 9.518475282737256, 42.530663765547104 ], [ 9.514434000000165, 42.531883000000107 ], [ 9.51272100000017, 42.534393500000135 ], [ 9.508025, 42.534923500000104 ], [ 9.506321, 42.536422500000185 ], [ 9.504363, 42.535263000000157 ], [ 9.503465500000175, 42.535454000000129 ], [ 9.502633, 42.53582 ], [ 9.501043661061885, 42.537424833232194 ], [ 9.500940500000127, 42.537529 ], [ 9.500113500000111, 42.5376015 ], [ 9.499418500000161, 42.537155 ], [ 9.499211834884363, 42.536879483380744 ], [ 9.497550000000103, 42.534664000000134 ], [ 9.496943499999986, 42.534107 ], [ 9.4953615, 42.533302500000104 ], [ 9.494449500000087, 42.533066 ], [ 9.492806500000029, 42.533737 ], [ 9.489983500000051, 42.53339 ], [ 9.488530000000196, 42.534328500000072 ], [ 9.48806, 42.535682500000064 ], [ 9.488415, 42.536209 ], [ 9.487575500000105, 42.536533500000132 ], [ 9.485735, 42.536308500000132 ], [ 9.485116, 42.535801 ], [ 9.483955500000093, 42.533081 ], [ 9.482609, 42.532177 ], [ 9.481687500000021, 42.532268499999986 ], [ 9.476500500000157, 42.53529 ], [ 9.47005, 42.533878500000014 ], [ 9.469485500000076, 42.532207500000084 ], [ 9.466981000000146, 42.531128000000137 ], [ 9.464522500000157, 42.528927000000124 ], [ 9.460850499356866, 42.526595999761923 ], [ 9.4582565, 42.525635 ], [ 9.453494000000148, 42.525062500000104 ], [ 9.44969750000007, 42.525055 ], [ 9.447091, 42.524189000000149 ], [ 9.443581500000107, 42.520870000000116 ], [ 9.442558500000018, 42.51890950000012 ], [ 9.438929500000143, 42.51661700000011 ], [ 9.43588050000011, 42.514999500000044 ], [ 9.43565650000005, 42.514343499999939 ], [ 9.433027500000151, 42.513725499999964 ], [ 9.428381000859474, 42.514065000334142 ], [ 9.427483500000108, 42.515922500000045 ], [ 9.427010500223503, 42.519199498194439 ], [ 9.4266045, 42.520538500000043 ], [ 9.425692500000025, 42.52071 ], [ 9.424794000000134, 42.52048850000017 ], [ 9.423892208490599, 42.519472695646868 ], [ 9.423263500000132, 42.518764500000032 ], [ 9.42240350000003, 42.518459500000176 ], [ 9.420554000000152, 42.518295500000079 ], [ 9.419718, 42.518615500000124 ], [ 9.418692096629798, 42.519928281141347 ], [ 9.41496, 42.524704 ], [ 9.413593500000104, 42.525661500000126 ], [ 9.410855500000082, 42.525310499999989 ], [ 9.409709, 42.522678500000211 ], [ 9.406940500000132, 42.522186499999975 ], [ 9.402187499999968, 42.522255000000143 ], [ 9.400758000047801, 42.521499500025243 ], [ 9.399887, 42.521507499999927 ], [ 9.39892, 42.520431500000086 ], [ 9.398059, 42.520397 ], [ 9.39129250000002, 42.522026 ], [ 9.387917500000015, 42.523327000000222 ], [ 9.385018500000172, 42.528530000000103 ], [ 9.38160900000014, 42.53102500000017 ], [ 9.380894500000181, 42.531498 ], [ 9.373965500000111, 42.533787 ], [ 9.374597500000164, 42.536575500000026 ], [ 9.374169500000107, 42.541519 ], [ 9.371085000000164, 42.545086 ], [ 9.373011500000189, 42.549095 ], [ 9.375123, 42.555992 ], [ 9.376711, 42.557529500000044 ], [ 9.381937000000107, 42.560089000000232 ], [ 9.383011000000124, 42.565731 ], [ 9.382027500000106, 42.567611500000055 ], [ 9.384183000000121, 42.569031000000109 ], [ 9.384273204323392, 42.569026786864129 ], [ 9.387940499999957, 42.568855500000154 ], [ 9.390392500000189, 42.569950000000119 ], [ 9.393167500000118, 42.571899500000086 ], [ 9.395211000000245, 42.57592 ], [ 9.397789, 42.576599000000101 ], [ 9.40240608379338, 42.579247414803149 ], [ 9.403841, 42.58007050000009 ], [ 9.412970500000256, 42.584133000000122 ], [ 9.414319, 42.585155500000042 ], [ 9.414849500000116, 42.586525000000165 ], [ 9.413909000000103, 42.58654 ], [ 9.412863500000128, 42.587669500000175 ], [ 9.413211000000103, 42.589054 ], [ 9.415058000000158, 42.59066 ], [ 9.415475, 42.592544500000145 ], [ 9.414315000000158, 42.594482500000254 ], [ 9.4159555, 42.596916 ], [ 9.416087764176098, 42.597023461430354 ], [ 9.418528500000036, 42.599006500000144 ], [ 9.418889999829219, 42.601039999038449 ], [ 9.417039000000102, 42.6025965 ], [ 9.416280500000028, 42.605228500000123 ], [ 9.418131, 42.60764300000011 ], [ 9.419226095697013, 42.608028135421762 ], [ 9.419801500000062, 42.608230500000047 ], [ 9.421305495869035, 42.610004502234574 ], [ 9.417631, 42.611992 ], [ 9.416291161981917, 42.612288922729817 ], [ 9.413087000000132, 42.612999 ], [ 9.410466697152174, 42.614942420354623 ], [ 9.410458500000061, 42.614948500000025 ], [ 9.410392402687364, 42.614976267272993 ], [ 9.4096325000001, 42.6152955 ], [ 9.406915500000025, 42.615772 ], [ 9.404770000000156, 42.617111 ], [ 9.404265215473231, 42.61776767853496 ], [ 9.403834500000016, 42.618328 ], [ 9.402665462143091, 42.618496490843938 ], [ 9.401080000000206, 42.618725 ], [ 9.398237000198719, 42.620513999875072 ], [ 9.399938500000076, 42.622089500000072 ], [ 9.404662000000258, 42.622532 ], [ 9.405458500000066, 42.624485 ], [ 9.407218000000171, 42.626121500000067 ], [ 9.40608600000013, 42.627228 ], [ 9.398171500000046, 42.629734 ], [ 9.394516000025874, 42.634742500004279 ], [ 9.392235000000198, 42.637863 ], [ 9.389380500000129, 42.640697499999987 ], [ 9.385298500000033, 42.643593 ], [ 9.385753500000021, 42.647819500000196 ], [ 9.38389, 42.65028 ], [ 9.3828, 42.653721 ], [ 9.380197501273528, 42.658267997775283 ], [ 9.379961000000208, 42.665996500000119 ], [ 9.382029500000101, 42.667392500000176 ], [ 9.38564300000013, 42.66811 ], [ 9.39021, 42.670547500000112 ], [ 9.392754500000024, 42.672588500000018 ], [ 9.393184500000245, 42.674610000000143 ], [ 9.390778500000124, 42.675735500000201 ], [ 9.390508500047076, 42.67829500005638 ], [ 9.392394, 42.680557500000191 ], [ 9.392529142135913, 42.681026268890037 ], [ 9.393177, 42.683273500000041 ], [ 9.396167000000105, 42.685943500000121 ], [ 9.396233500000108, 42.68803000000014 ], [ 9.397291322468504, 42.689410697699429 ], [ 9.398089500000196, 42.6904525 ], [ 9.398523500000067, 42.693210500000134 ], [ 9.400565000000199, 42.698543500000142 ], [ 9.402869, 42.699756500000149 ], [ 9.405488, 42.702720500000055 ], [ 9.404838500000153, 42.704796000000215 ], [ 9.40388600000017, 42.708992 ], [ 9.405230500000073, 42.712406000000101 ], [ 9.408024, 42.715252 ], [ 9.40800849853224, 42.718792001406939 ], [ 9.405676000000142, 42.721027500000105 ], [ 9.402830000000222, 42.726318500000161 ], [ 9.402152, 42.72681450000016 ], [ 9.396518, 42.727756500000112 ], [ 9.396640000000161, 42.735645500000089 ], [ 9.395667689191441, 42.737874960663817 ], [ 9.395455500000025, 42.738361500000053 ], [ 9.395446000000163, 42.740513 ], [ 9.393001500000025, 42.741623000000118 ], [ 9.391997500000116, 42.74282850000003 ], [ 9.391574, 42.744186500000126 ], [ 9.391651223950134, 42.744323839662968 ], [ 9.392307500000186, 42.745491 ], [ 9.389972591337141, 42.746009578071892 ], [ 9.389628500000185, 42.746086 ], [ 9.388122499230747, 42.747867500265784 ], [ 9.384465, 42.748764000000165 ], [ 9.383842453773013, 42.74869773700965 ], [ 9.38159950000005, 42.748459000000139 ], [ 9.379107211831865, 42.749616271992863 ], [ 9.376769, 42.750702000000103 ], [ 9.371997, 42.750995500000045 ], [ 9.369820500000117, 42.747822 ], [ 9.368109659328013, 42.746654912489987 ], [ 9.367058, 42.745937500000025 ], [ 9.366875672697802, 42.745277048441892 ], [ 9.366682, 42.7445755 ], [ 9.365899, 42.744186500000126 ], [ 9.361558, 42.742801500000098 ], [ 9.359643, 42.742756 ], [ 9.358758, 42.742473500000131 ], [ 9.3570595, 42.741802 ], [ 9.353522500018528, 42.73942950001242 ], [ 9.3461105, 42.7390635000001 ], [ 9.34506228848312, 42.739645713136099 ], [ 9.344730500000026, 42.73983 ], [ 9.343818500000054, 42.739677500000084 ], [ 9.345298, 42.74189 ], [ 9.345637500000123, 42.743274500000155 ], [ 9.344561500000111, 42.745186 ], [ 9.344521885556446, 42.745708333491848 ], [ 9.344486, 42.746181500000148 ], [ 9.344257996462204, 42.74628403607386 ], [ 9.344138, 42.746338000000151 ], [ 9.343755, 42.74731450000013 ], [ 9.34235, 42.748443500000064 ], [ 9.342545500000085, 42.749645 ], [ 9.342307, 42.750206000000105 ], [ 9.341995, 42.750267 ], [ 9.342041000000108, 42.750625499999956 ], [ 9.3416365, 42.750835500000107 ], [ 9.34171376016252, 42.751834562559225 ], [ 9.341789, 42.752807500000017 ], [ 9.34144700000013, 42.753505500000074 ], [ 9.340764303938329, 42.753905903935845 ], [ 9.34075050000007, 42.753914000000123 ], [ 9.340461500000117, 42.754562500000134 ], [ 9.340460377082707, 42.754568953221735 ], [ 9.340382499999976, 42.755016500000011 ], [ 9.340435, 42.755962500000123 ], [ 9.339656090318272, 42.756323591731075 ], [ 9.33943950000014, 42.756424000000152 ], [ 9.339399166701298, 42.756884098371245 ], [ 9.339331500000071, 42.757656000000111 ], [ 9.338487500000042, 42.758873 ], [ 9.339277500000037, 42.759327000000155 ], [ 9.339852500905806, 42.760643001730671 ], [ 9.33995700000014, 42.761097 ], [ 9.339348, 42.761623500000098 ], [ 9.339330500000017, 42.761986 ], [ 9.339063322981019, 42.762019260812679 ], [ 9.33859550000011, 42.762077500000032 ], [ 9.338328500000046, 42.762409000000105 ], [ 9.338622598301868, 42.762787849936558 ], [ 9.338764000000197, 42.76297 ], [ 9.338448498803132, 42.763091465748516 ], [ 9.338051000000178, 42.763244500000098 ], [ 9.33750700000013, 42.763817 ], [ 9.337488000000121, 42.764766500000121 ], [ 9.337520500000153, 42.765033499999959 ], [ 9.337980291460894, 42.765377680252641 ], [ 9.338127, 42.765487500000063 ], [ 9.338171481634276, 42.765615043009802 ], [ 9.338485, 42.766514 ], [ 9.339859021797338, 42.767710125507165 ], [ 9.341057, 42.768753 ], [ 9.340986868431003, 42.769110348028221 ], [ 9.340905, 42.769527500000208 ], [ 9.341752999312803, 42.770061499813437 ], [ 9.341537500000186, 42.770298 ], [ 9.341167500000097, 42.770275 ], [ 9.340519, 42.770996 ], [ 9.339784500000064, 42.773208500000123 ], [ 9.338919500000088, 42.774246000000176 ], [ 9.339540500000112, 42.775432500000136 ], [ 9.339488, 42.776111499999956 ], [ 9.341027500000052, 42.776699000000121 ], [ 9.340855500000032, 42.777294 ], [ 9.341164500000048, 42.777321 ], [ 9.341323, 42.777717500000165 ], [ 9.34072, 42.77779750000002 ], [ 9.341057, 42.778049500000122 ], [ 9.340935, 42.778553 ], [ 9.341325000000154, 42.778850500000146 ], [ 9.341292499999952, 42.77907550000009 ], [ 9.340036500000167, 42.78154 ], [ 9.340301500000066, 42.782211500000017 ], [ 9.340154500000153, 42.782627000000105 ], [ 9.340432, 42.782875 ], [ 9.340046, 42.784347500000024 ], [ 9.3403055, 42.784462 ], [ 9.340308, 42.785091500000135 ], [ 9.342147000000125, 42.785614 ], [ 9.342606500000159, 42.786991 ], [ 9.3427250000002, 42.792400500000213 ], [ 9.342563500000153, 42.794800000000123 ], [ 9.341927500000111, 42.796829 ], [ 9.34033949999997, 42.799591 ], [ 9.339559500000121, 42.802032500000109 ], [ 9.338602, 42.80271549999992 ], [ 9.337940001038533, 42.803932000247869 ], [ 9.336355, 42.8057060000001 ], [ 9.333503000000121, 42.807632500000011 ], [ 9.333081, 42.808204500000045 ], [ 9.333011500000111, 42.809246 ], [ 9.332357500000171, 42.810505000000148 ], [ 9.331852, 42.810989500000119 ], [ 9.331508500000098, 42.81119150000012 ], [ 9.329118, 42.811779000000229 ], [ 9.32786, 42.812000500000067 ], [ 9.326991, 42.811912500000119 ], [ 9.326299500980781, 42.812270999905763 ], [ 9.325579500000174, 42.812492500000133 ], [ 9.325130499999943, 42.813335500000051 ], [ 9.324933000000158, 42.814934 ], [ 9.32459950000009, 42.815216 ], [ 9.324471101095241, 42.815855497879568 ], [ 9.324239500000147, 42.817009 ], [ 9.323835500000087, 42.8172035 ], [ 9.323745, 42.817974000000163 ], [ 9.323109280012488, 42.818525288426827 ], [ 9.322337000000118, 42.819195 ], [ 9.322011, 42.820663500000137 ], [ 9.321342500000071, 42.821201500000029 ], [ 9.321613500000126, 42.821407500000021 ], [ 9.321507538789831, 42.82166543189345 ], [ 9.321461500000169, 42.82177750000011 ], [ 9.32144513958616, 42.821787762797612 ], [ 9.320835000000159, 42.822170500000084 ], [ 9.320306995770522, 42.824019043866144 ], [ 9.320086500000059, 42.824791 ], [ 9.319857200577076, 42.824900847629522 ], [ 9.319322500000112, 42.825157000000104 ], [ 9.319597999610608, 42.825408999643685 ], [ 9.31872750000008, 42.826412 ], [ 9.315645, 42.826866000000109 ], [ 9.314948000000186, 42.827678500000047 ], [ 9.314617000000112, 42.829101500000149 ], [ 9.314107, 42.829536500000074 ], [ 9.312752500000215, 42.829479000000163 ], [ 9.312253000000112, 42.83000949999996 ], [ 9.311066430076039, 42.829695101584434 ], [ 9.311, 42.829677500000059 ], [ 9.310539000053154, 42.830021000467411 ], [ 9.31073750000013, 42.831768000000181 ], [ 9.309434417432954, 42.833225001179073 ], [ 9.309366000000182, 42.833301500000061 ], [ 9.309376500000155, 42.833393 ], [ 9.309547500000065, 42.833790000000135 ], [ 9.309816517151035, 42.834050101596915 ], [ 9.309894499999984, 42.834125500000198 ], [ 9.310358000000178, 42.83440800000011 ], [ 9.3107855, 42.834392500000092 ], [ 9.311142000000189, 42.834907500000043 ], [ 9.311638, 42.834965 ], [ 9.312118500000167, 42.835396 ], [ 9.312545000000114, 42.835365500000137 ], [ 9.312566, 42.835544500000026 ], [ 9.313545, 42.835537000000102 ], [ 9.314383500000019, 42.83638 ], [ 9.315079500000024, 42.8365705 ], [ 9.315314500000113, 42.837097 ], [ 9.315033, 42.837295500000096 ], [ 9.315189500000088, 42.838188 ], [ 9.315491500000178, 42.838665000000105 ], [ 9.315041500000063, 42.839592 ], [ 9.314741, 42.839657000000102 ], [ 9.314752500000168, 42.839744500000052 ], [ 9.315068000000167, 42.839817 ], [ 9.316075500000011, 42.841156000000126 ], [ 9.316175499999929, 42.841465000000142 ], [ 9.316045000000145, 42.842014500000118 ], [ 9.315629, 42.842136500000095 ], [ 9.315486, 42.842460500000072 ], [ 9.315494042904902, 42.842528673193556 ], [ 9.315517500000055, 42.842727500000137 ], [ 9.315686768825287, 42.842816481754198 ], [ 9.315975, 42.842968000000155 ], [ 9.31652650000018, 42.844070500000043 ], [ 9.317094000000111, 42.844211499999972 ], [ 9.317803499999968, 42.843994000000123 ], [ 9.318702500000143, 42.844341500000098 ], [ 9.318608500000153, 42.84457 ], [ 9.319107, 42.844631 ], [ 9.318998500000077, 42.844864000000143 ], [ 9.319672500000081, 42.845367500000066 ], [ 9.320291500000167, 42.845417000000111 ], [ 9.321280500000114, 42.845993000000135 ], [ 9.322519500000112, 42.847721 ], [ 9.322345, 42.848415500000044 ], [ 9.323183000000142, 42.8493575 ], [ 9.323828500000047, 42.849628500000051 ], [ 9.323756000000117, 42.850040500000034 ], [ 9.324043500000073, 42.85038400000019 ], [ 9.325029500000142, 42.851051500000153 ], [ 9.326939500000094, 42.852154 ], [ 9.328274000000192, 42.85252400000013 ], [ 9.328441500000167, 42.853008500000101 ], [ 9.329007, 42.853119 ], [ 9.328842000000122, 42.854389 ], [ 9.329333500000075, 42.8548965 ], [ 9.329241, 42.855263 ], [ 9.330495, 42.856498500000043 ], [ 9.331660058649447, 42.858127250198208 ], [ 9.331794000000116, 42.8583145 ], [ 9.331926543446912, 42.858374773620426 ], [ 9.332247000000109, 42.858520500000168 ], [ 9.332267776454614, 42.858691726642633 ], [ 9.332290499999942, 42.858879 ], [ 9.332719867324784, 42.859111649581735 ], [ 9.332882, 42.859199500000045 ], [ 9.332931497853849, 42.859308221818935 ], [ 9.333281500000055, 42.86007700000016 ], [ 9.333914, 42.860225500000013 ], [ 9.334326000000146, 42.860603500000195 ], [ 9.334191500000031, 42.861107000000118 ], [ 9.333077500000059, 42.862129000000152 ], [ 9.332976500000086, 42.862812000000133 ], [ 9.333495000000141, 42.863044500000228 ], [ 9.333232, 42.863514 ], [ 9.336291500000073, 42.86446 ], [ 9.336151, 42.86483 ], [ 9.337252500000034, 42.864815000000135 ], [ 9.337915500000179, 42.865219 ], [ 9.339171499999964, 42.865463500000146 ], [ 9.339893500000017, 42.865368 ], [ 9.340298501310201, 42.865665499683985 ], [ 9.340188, 42.8669815 ], [ 9.339452000000108, 42.866974 ], [ 9.339308, 42.867298 ], [ 9.339076, 42.866909 ], [ 9.338759499999981, 42.867336500000079 ], [ 9.33895200000012, 42.868 ], [ 9.338206500000069, 42.867824500000097 ], [ 9.337883000000147, 42.868294 ], [ 9.337203, 42.86824050000007 ], [ 9.336714500000085, 42.868770500000039 ], [ 9.336918, 42.869026 ], [ 9.335457000000133, 42.869114 ], [ 9.334943, 42.869415500000116 ], [ 9.334975, 42.869682500000181 ], [ 9.334092000000169, 42.869476500000019 ], [ 9.332682500000089, 42.870098 ], [ 9.332479500000147, 42.870426 ], [ 9.332029500000033, 42.870270000000119 ], [ 9.331442999404203, 42.870483502788034 ], [ 9.330731500000127, 42.871883500000024 ], [ 9.330595217749931, 42.8718645200521 ], [ 9.330293500000096, 42.871822499999951 ], [ 9.329833, 42.872070500000063 ], [ 9.330070500000147, 42.872513 ], [ 9.329282, 42.873188000000141 ], [ 9.329554500000086, 42.873405500000047 ], [ 9.329049, 42.873790500000098 ], [ 9.32873050000012, 42.874801500000046 ], [ 9.328486500000167, 42.874817000000121 ], [ 9.328607366764231, 42.8751026850789 ], [ 9.328728500000125, 42.875389 ], [ 9.328504500000065, 42.876079500000117 ], [ 9.327852, 42.876346500000011 ], [ 9.327916, 42.876884500000131 ], [ 9.327550038369623, 42.876825049508852 ], [ 9.327540500000055, 42.876823500000057 ], [ 9.327544353365852, 42.876834310253344 ], [ 9.327633, 42.877083000000198 ], [ 9.327122500000087, 42.877521500000057 ], [ 9.327921000000117, 42.878555500000175 ], [ 9.327500500000099, 42.878715500000112 ], [ 9.327876000000117, 42.879783499999974 ], [ 9.327435500000092, 42.880298500000151 ], [ 9.327600500000074, 42.880657000000156 ], [ 9.327440500000137, 42.880848000000128 ], [ 9.327124499999911, 42.880771500000037 ], [ 9.327034, 42.881046500000025 ], [ 9.327289500000063, 42.88122200000015 ], [ 9.327409, 42.882202 ], [ 9.326359, 42.882759 ], [ 9.326966499999969, 42.883812 ], [ 9.327816, 42.884247000000187 ], [ 9.327886500000091, 42.884334500000136 ], [ 9.32780350000013, 42.884655 ], [ 9.328258500000118, 42.884861 ], [ 9.327906500000154, 42.885109000000114 ], [ 9.327979, 42.885196500000063 ], [ 9.32847100000015, 42.885208 ], [ 9.3288195, 42.885547500000143 ], [ 9.328824, 42.885593500000027 ], [ 9.328382500000089, 42.885982500000068 ], [ 9.328382500000089, 42.887108000000126 ], [ 9.3283330000001, 42.887199500000065 ], [ 9.327967500000057, 42.887226000000112 ], [ 9.328002, 42.887493000000177 ], [ 9.327690000000189, 42.887558 ], [ 9.327699500000051, 42.887645500000019 ], [ 9.328617000000122, 42.888130000000103 ], [ 9.327654, 42.888283 ], [ 9.32789050000008, 42.888809000000151 ], [ 9.32855300000017, 42.889225000000124 ], [ 9.327959, 42.889889000000153 ], [ 9.326802500000099, 42.890049 ], [ 9.326359, 42.890442000000121 ], [ 9.324863500000049, 42.89084650000018 ], [ 9.32424050000003, 42.891285 ], [ 9.324634500000116, 42.891491 ], [ 9.3239030000002, 42.891533 ], [ 9.323992, 42.891750500000171 ], [ 9.323314500000151, 42.892334 ], [ 9.322975000000156, 42.892586 ], [ 9.322134, 42.892719500000055 ], [ 9.32164, 42.893295500000136 ], [ 9.321055144254274, 42.893538734399158 ], [ 9.320998, 42.89356250000003 ], [ 9.320907500063186, 42.893928500843856 ], [ 9.321028000000183, 42.895542 ], [ 9.321249899473003, 42.895808672358328 ], [ 9.3218185, 42.896492 ], [ 9.321434709407129, 42.896823493852935 ], [ 9.321363500000018, 42.896885000000111 ], [ 9.321488632985449, 42.897119597017991 ], [ 9.322222, 42.898494500000027 ], [ 9.322597499999972, 42.898571000000175 ], [ 9.322038500000076, 42.900139 ], [ 9.323844000000122, 42.900348500000177 ], [ 9.324252000000115, 42.90018450000008 ], [ 9.325088500000049, 42.90049 ], [ 9.32530631500498, 42.900921757743106 ], [ 9.3253135, 42.900936000000115 ], [ 9.326386500000126, 42.901180500000066 ], [ 9.327257, 42.902397 ], [ 9.329268500000012, 42.903808500000082 ], [ 9.33043750000013, 42.904461 ], [ 9.330726570500985, 42.904424478293549 ], [ 9.331043000000136, 42.904384499999935 ], [ 9.331915000000151, 42.905002500000137 ], [ 9.331847680619319, 42.905262450139219 ], [ 9.331832, 42.905323 ], [ 9.331938605045195, 42.905330411446357 ], [ 9.333256000000119, 42.905422 ], [ 9.332793000000152, 42.905674 ], [ 9.332803500000125, 42.905853499999978 ], [ 9.333016144596286, 42.906135816545941 ], [ 9.333096500000067, 42.906242500000019 ], [ 9.333162502418872, 42.906245211450823 ], [ 9.3340215, 42.90628050000015 ], [ 9.333832500000199, 42.906746000000112 ], [ 9.334616500000038, 42.906650500000069 ], [ 9.334646, 42.906872 ], [ 9.335149000000229, 42.906479 ], [ 9.335277500000018, 42.906513 ], [ 9.335087, 42.90697849999998 ], [ 9.336045499999955, 42.906791500000168 ], [ 9.336454500000059, 42.907123500000125 ], [ 9.336116000000118, 42.907367500000021 ], [ 9.336507000000154, 42.907661500000017 ], [ 9.337438500000133, 42.90765000000016 ], [ 9.337697280684097, 42.908274141254708 ], [ 9.337767500000155, 42.908443500000089 ], [ 9.338553499999989, 42.908851500000083 ], [ 9.339576590517709, 42.909017223753381 ], [ 9.340368500000068, 42.909145500000079 ], [ 9.340248284012318, 42.90928281257294 ], [ 9.340034500000172, 42.909527 ], [ 9.340703, 42.9094885 ], [ 9.340797500000065, 42.909748 ], [ 9.341511500000138, 42.910072500000012 ], [ 9.341295000000173, 42.910312499999975 ], [ 9.342213500000128, 42.910293500000023 ], [ 9.343923500000074, 42.910736 ], [ 9.344159, 42.911258500000088 ], [ 9.343598499999985, 42.911701000000107 ], [ 9.343757499999981, 42.912010000000123 ], [ 9.343216, 42.912090500000033 ], [ 9.343239, 42.912269500000093 ], [ 9.344428, 42.91246800000016 ], [ 9.34616, 42.912586000000147 ], [ 9.347489500000222, 42.912418500000172 ], [ 9.347721000000206, 42.912811499999975 ], [ 9.347326500000065, 42.913200500000016 ], [ 9.348168500000099, 42.913051500000108 ], [ 9.348816, 42.913334 ], [ 9.34890450000006, 42.913551500000096 ], [ 9.348552500000096, 42.913704000000109 ], [ 9.348626000000138, 42.913799500000039 ], [ 9.349179500000105, 42.913807000000133 ], [ 9.34939, 42.9140205 ], [ 9.349405500000159, 42.91415 ], [ 9.349112500000047, 42.914261000000181 ], [ 9.349124000000131, 42.91435250000012 ], [ 9.349377500000116, 42.914428500000042 ], [ 9.349165000000141, 42.914802500000064 ], [ 9.349962000000176, 42.91479500000014 ], [ 9.350095, 42.91488250000009 ], [ 9.350372500000049, 42.91563050000002 ], [ 9.351265, 42.9160235 ], [ 9.351973500000156, 42.916301500000088 ], [ 9.353219000000195, 42.916454499999986 ], [ 9.354183, 42.91621 ], [ 9.354770500000143, 42.9165 ], [ 9.354896500000052, 42.916622000000132 ], [ 9.354960551671923, 42.916757980666148 ], [ 9.3551445, 42.9171485 ], [ 9.355172000000152, 42.917373500000167 ], [ 9.354783000000111, 42.918297000000166 ], [ 9.354427500000156, 42.918415 ], [ 9.354439, 42.918503 ], [ 9.354752500000075, 42.918571499999985 ], [ 9.354557000000227, 42.9190825 ], [ 9.354995500000086, 42.919052000000136 ], [ 9.355182500000126, 42.919178 ], [ 9.355194, 42.919265500000051 ], [ 9.354916500000115, 42.919506 ], [ 9.354839500000139, 42.9198725 ], [ 9.355063500000028, 42.920311000000197 ], [ 9.355023500000073, 42.920494 ], [ 9.354741000000161, 42.920692500000143 ], [ 9.354820500000187, 42.920822 ], [ 9.355069000000128, 42.92085250000008 ], [ 9.355485000000101, 42.920742 ], [ 9.355527, 42.921596499999964 ], [ 9.355714, 42.921722500000101 ], [ 9.355901, 42.921749 ], [ 9.356324, 42.921589 ], [ 9.356722000000104, 42.921932 ], [ 9.356160000000159, 42.922367000000122 ], [ 9.356215500000133, 42.922813500000132 ], [ 9.356725500000039, 42.922970000000134 ], [ 9.356425500000114, 42.923126 ], [ 9.356524500000148, 42.923431500000106 ], [ 9.357875000000149, 42.923443000000191 ], [ 9.357968500000027, 42.923706 ], [ 9.358489000000134, 42.923446500000125 ], [ 9.358815000000106, 42.923607 ], [ 9.359474999987185, 42.922885998698405 ], [ 9.359797500000013, 42.923507500000028 ], [ 9.360112613837828, 42.923484621872149 ], [ 9.360162500000229, 42.923481 ], [ 9.360157373066841, 42.923526643947071 ], [ 9.360126500000092, 42.923801500000195 ], [ 9.360506456175415, 42.923854379627983 ], [ 9.361251, 42.923958000000141 ], [ 9.361470000000224, 42.924759000000165 ], [ 9.360878, 42.925022 ], [ 9.360956180574306, 42.925189325497342 ], [ 9.361042, 42.92537300000015 ], [ 9.36065849471629, 42.925438638404557 ], [ 9.360262, 42.925506500000211 ], [ 9.359978500000068, 42.925705000000107 ], [ 9.359611500000085, 42.926315500000157 ], [ 9.359379, 42.926422000000116 ], [ 9.359269071424137, 42.926411184446692 ], [ 9.359069000000147, 42.926391500000079 ], [ 9.358936500000027, 42.926315499999987 ], [ 9.358694, 42.925735499999973 ], [ 9.358262000000195, 42.925808 ], [ 9.358206000000166, 42.92585750000012 ], [ 9.358365000000163, 42.926159 ], [ 9.35697, 42.926883500000088 ], [ 9.356834681886141, 42.927091423281354 ], [ 9.356607500000052, 42.927440499999989 ], [ 9.3561755, 42.927421500000037 ], [ 9.356121580681076, 42.927290684379443 ], [ 9.3560875, 42.927208000000121 ], [ 9.35586276117408, 42.927363006034284 ], [ 9.355805500000145, 42.927402500000028 ], [ 9.355784476498798, 42.927384881036346 ], [ 9.355259, 42.9269445 ], [ 9.354953000000137, 42.926952500000141 ], [ 9.355024500000184, 42.927543500000013 ], [ 9.354582000000164, 42.927429000000132 ], [ 9.352973, 42.9279325 ], [ 9.352746000000138, 42.928081500000076 ], [ 9.352545130518365, 42.928290047978805 ], [ 9.352419, 42.928421000000128 ], [ 9.352355000000102, 42.929012500000056 ], [ 9.350838983009737, 42.928766794931107 ], [ 9.350541000000135, 42.928718500000059 ], [ 9.349694500000055, 42.928817500000036 ], [ 9.349604500000055, 42.929092500000081 ], [ 9.348895000000198, 42.929310000000157 ], [ 9.348915, 42.929580500000156 ], [ 9.348951687953331, 42.929592812957537 ], [ 9.3499385, 42.929924000000142 ], [ 9.349534000000119, 42.930629500000066 ], [ 9.349715000000174, 42.93120550000009 ], [ 9.349340748362124, 42.931533813092358 ], [ 9.349271, 42.931595 ], [ 9.349368396001125, 42.93167174558323 ], [ 9.349745, 42.931968499999982 ], [ 9.349708499999963, 42.933368500000029 ], [ 9.351079, 42.934051500000066 ], [ 9.351898000000119, 42.934822 ], [ 9.352184500000021, 42.935165500000039 ], [ 9.352118239121637, 42.9352889336065 ], [ 9.35198400000013, 42.935539 ], [ 9.352486500000168, 42.935638500000096 ], [ 9.352503, 42.936359500000037 ], [ 9.353328000000147, 42.936584500000038 ], [ 9.354361500000039, 42.937519 ], [ 9.354393, 42.93787750000007 ], [ 9.355023500000073, 42.938015 ], [ 9.355205500000068, 42.938499500000034 ], [ 9.354978500000129, 42.938648 ], [ 9.355632, 42.938480500000026 ], [ 9.355699500000071, 42.938522499999976 ], [ 9.355614500000172, 42.938843 ], [ 9.356434, 42.939014499999985 ], [ 9.356427, 42.939556 ], [ 9.357142500000123, 42.939293000000134 ], [ 9.357218500000158, 42.939514 ], [ 9.357216022862019, 42.939515590417329 ], [ 9.356826, 42.939766000000191 ], [ 9.357435210006543, 42.940179179356335 ], [ 9.357489500000042, 42.940216000000134 ], [ 9.357494417083672, 42.940358428744446 ], [ 9.357519000000138, 42.941070500000137 ], [ 9.35771919193644, 42.941038934466633 ], [ 9.358001, 42.940994500000045 ], [ 9.35786800000011, 42.941410000000133 ], [ 9.357844755253325, 42.941419077328192 ], [ 9.357457000000181, 42.941570500000068 ], [ 9.357773, 42.942238 ], [ 9.357383, 42.942566 ], [ 9.358164, 42.942932 ], [ 9.357496500000082, 42.943607500000041 ], [ 9.358494000000178, 42.943722 ], [ 9.358453000000168, 42.944401 ], [ 9.358828499999959, 42.944465499999978 ], [ 9.359088000000156, 42.945183 ], [ 9.3582965, 42.945225000000107 ], [ 9.358241, 42.9452705 ], [ 9.3583175, 42.945404 ], [ 9.358877887053552, 42.945407041449585 ], [ 9.359054500000013, 42.945408000000157 ], [ 9.359021, 42.945636500000091 ], [ 9.358528966118342, 42.945779092545308 ], [ 9.358060000000137, 42.945915 ], [ 9.358257469193688, 42.946068587150648 ], [ 9.358604500000069, 42.946338500000081 ], [ 9.3583155, 42.946495 ], [ 9.357642718397642, 42.946724090114913 ], [ 9.356713500000126, 42.947040500000071 ], [ 9.35632900000013, 42.946922500000085 ], [ 9.356148, 42.946933500000114 ], [ 9.356042000000173, 42.947075 ], [ 9.356313500000056, 42.947792 ], [ 9.355258000000163, 42.948299500000132 ], [ 9.355239000000154, 42.949249500000064 ], [ 9.355188500000224, 42.949341 ], [ 9.354727500000138, 42.9496 ], [ 9.354580912379845, 42.949598203583207 ], [ 9.354115500000091, 42.9495925 ], [ 9.353602500000136, 42.949932 ], [ 9.351038, 42.950138 ], [ 9.350948500000072, 42.950413 ], [ 9.351335500000118, 42.950565500000039 ], [ 9.349625500000059, 42.951259500000106 ], [ 9.348952500000109, 42.951259500000106 ], [ 9.349162, 42.951469500000087 ], [ 9.348145500000157, 42.9517975 ], [ 9.34775063991367, 42.952489589931702 ], [ 9.347690500000169, 42.952595 ], [ 9.347096500000021, 42.95276650000028 ], [ 9.347239500000171, 42.953525500000183 ], [ 9.346784576323444, 42.953853230056097 ], [ 9.346551000000204, 42.95402150000001 ], [ 9.346726361343258, 42.954056048802045 ], [ 9.347053500000015, 42.954120500000045 ], [ 9.347191, 42.954746000000114 ], [ 9.34720150000004, 42.954834 ], [ 9.346986000000129, 42.95507450000008 ], [ 9.346503499999983, 42.955150500000173 ], [ 9.346762500000125, 42.955360499999927 ], [ 9.346534500000075, 42.955509 ], [ 9.346761500000014, 42.955856499999982 ], [ 9.346733, 42.956131 ], [ 9.346445000000131, 42.956283500000097 ], [ 9.346521500000051, 42.956505 ], [ 9.345964222463238, 42.956711311258346 ], [ 9.345934000000113, 42.956722500000183 ], [ 9.345945690582482, 42.95677587561579 ], [ 9.346071000000109, 42.957348 ], [ 9.345631501218008, 42.957870499664068 ], [ 9.346981, 42.958374 ], [ 9.346968500000116, 42.958782 ], [ 9.347912, 42.95894600000014 ], [ 9.34768750000012, 42.959232500000041 ], [ 9.3486860000001, 42.959358000000123 ], [ 9.348328086614629, 42.959762248275695 ], [ 9.348307500000033, 42.959785500000123 ], [ 9.347941500000161, 42.959812 ], [ 9.348030000000165, 42.960029500000076 ], [ 9.347547500000076, 42.960098500000129 ], [ 9.348211500000104, 42.960605500000156 ], [ 9.348126499999978, 42.960926 ], [ 9.348716, 42.960705 ], [ 9.349900000000218, 42.960865000000126 ], [ 9.350020500000028, 42.96134950000004 ], [ 9.349111500000163, 42.961448500000074 ], [ 9.349151500000062, 42.961769000000118 ], [ 9.348567, 42.962112500000103 ], [ 9.349128, 42.962177500000166 ], [ 9.348888500000157, 42.962734 ], [ 9.348037500000089, 42.962913500000127 ], [ 9.347414, 42.962730500000077 ], [ 9.347157499999923, 42.963241500000095 ], [ 9.346501500000045, 42.963413 ], [ 9.346159702490411, 42.96320163981045 ], [ 9.346039000000133, 42.963127 ], [ 9.345656500292137, 42.96351600077918 ], [ 9.345819500000061, 42.963951 ], [ 9.346256499999981, 42.964016 ], [ 9.346090500000116, 42.964657 ], [ 9.346349000000203, 42.964775000000145 ], [ 9.346982, 42.964428 ], [ 9.347363500000085, 42.964538500000117 ], [ 9.347357500000157, 42.964988500000061 ], [ 9.347893500000112, 42.96486300000015 ], [ 9.348104500000147, 42.965076500000066 ], [ 9.348327499999925, 42.966511 ], [ 9.348522, 42.966591 ], [ 9.348534500000028, 42.966182500000059 ], [ 9.349089500000105, 42.965694500000041 ], [ 9.349334, 42.965679 ], [ 9.349798, 42.965973000000133 ], [ 9.349081000000126, 42.966644500000143 ], [ 9.349362499999927, 42.967033499999957 ], [ 9.350274, 42.966846499999974 ], [ 9.350402, 42.96751 ], [ 9.350734500000158, 42.967716000000109 ], [ 9.350545, 42.968269500000076 ], [ 9.349814500000036, 42.96881500000012 ], [ 9.350173, 42.969242000000122 ], [ 9.350123500000223, 42.969337500000165 ], [ 9.349635, 42.969364 ], [ 9.349391000000196, 42.970604000000151 ], [ 9.348946500000011, 42.970989 ], [ 9.348958, 42.971081 ], [ 9.349755500000128, 42.971569000000102 ], [ 9.349631499999987, 42.972164 ], [ 9.349985000000117, 42.972557000000108 ], [ 9.350117500000067, 42.972633500000029 ], [ 9.350683000000117, 42.972732500000063 ], [ 9.350665, 42.973095 ], [ 9.350154, 42.973533500000087 ], [ 9.34986, 42.973648000000139 ], [ 9.349024000000213, 42.973331500000086 ], [ 9.348137000000179, 42.973613500000113 ], [ 9.34768750000012, 42.973961 ], [ 9.3475085, 42.9746015 ], [ 9.347026, 42.9746705 ], [ 9.346354500000132, 42.9753035 ], [ 9.345820500000173, 42.975471500000026 ], [ 9.345631499999968, 42.975937000000158 ], [ 9.345043000000146, 42.97614300000015 ], [ 9.345049, 42.97627650000004 ], [ 9.34519, 42.976448 ], [ 9.346139, 42.976669500000014 ], [ 9.346387000000163, 42.977192000000116 ], [ 9.344312500000115, 42.977409500000135 ], [ 9.343865500000049, 42.977756500000112 ], [ 9.342949, 42.977806000000101 ], [ 9.342636, 42.978370500000096 ], [ 9.341734, 42.978515500000185 ], [ 9.341623500000196, 42.978615 ], [ 9.341628, 42.978660500000103 ], [ 9.342127000000119, 42.978714 ], [ 9.342147000000125, 42.978893500000027 ], [ 9.341858, 42.979637 ], [ 9.342128000000173, 42.979843 ], [ 9.341669463094149, 42.980321406838641 ], [ 9.341528, 42.980469000000141 ], [ 9.341677024749458, 42.980602137726635 ], [ 9.341861000000108, 42.980766500000072 ], [ 9.341771, 42.981041 ], [ 9.34250250000008, 42.981003000000101 ], [ 9.342768500000034, 42.981163 ], [ 9.342850500000111, 42.981338500000163 ], [ 9.342578000000117, 42.9816245 ], [ 9.343077500000049, 42.981685500000083 ], [ 9.3433865, 42.98220450000008 ], [ 9.343940500000031, 42.982311 ], [ 9.343966500000079, 42.982536500000151 ], [ 9.34342850000013, 42.982654499999967 ], [ 9.344066500000167, 42.982845500000167 ], [ 9.344138, 42.982933000000116 ], [ 9.344154500000172, 42.98306649999995 ], [ 9.343195, 42.984977500000014 ], [ 9.343759499999976, 42.985073 ], [ 9.343672, 42.985355500000026 ], [ 9.34393, 42.98547 ], [ 9.344226, 42.985363 ], [ 9.3454875, 42.986145000000135 ], [ 9.342791500000203, 42.986809000000164 ], [ 9.34276750000015, 42.987217 ], [ 9.342179499999986, 42.987427000000139 ], [ 9.342345, 42.987781499999983 ], [ 9.341869227965276, 42.987737794913869 ], [ 9.3417245, 42.98772450000007 ], [ 9.341029, 42.9881785 ], [ 9.341904655228518, 42.989053052851091 ], [ 9.3422205, 42.989368500000012 ], [ 9.342861, 42.989597500000173 ], [ 9.342902, 42.99004750000006 ], [ 9.342497, 42.990841 ], [ 9.342705500000193, 42.991050500000142 ], [ 9.341964150969318, 42.991261867143976 ], [ 9.341876000000127, 42.99128700000017 ], [ 9.340111500000148, 42.993152500000122 ], [ 9.340427499999976, 42.993225000000109 ], [ 9.340037500000051, 42.994060500000103 ], [ 9.3408735000001, 42.994465 ], [ 9.341779, 42.994228499999963 ], [ 9.342049500000257, 42.994430500000192 ], [ 9.343130000000144, 42.995949 ], [ 9.343581000000142, 42.99773400000015 ], [ 9.343834000000129, 42.998302500000079 ], [ 9.343421387894011, 42.99869719015868 ], [ 9.3433275000001, 42.998787 ], [ 9.343392651663748, 42.998870600903672 ], [ 9.343693, 42.999256000000116 ], [ 9.343283748840122, 42.999527782433461 ], [ 9.343239, 42.999557500000037 ], [ 9.343248499880985, 42.999740497702703 ], [ 9.343441, 42.999817 ], [ 9.3454875, 42.999874 ], [ 9.345747000000131, 43.00008 ], [ 9.345591500000069, 43.000313 ], [ 9.346085500000072, 43.000339500000052 ], [ 9.346383, 43.00076700000011 ], [ 9.347964500000103, 43.000629500000059 ], [ 9.348789000000124, 43.000847000000135 ], [ 9.349942000000112, 43.001228500000082 ], [ 9.351580499999955, 43.002170500000034 ], [ 9.352701000000138, 43.002193499999976 ], [ 9.353163500000051, 43.0025675 ], [ 9.353181, 43.0031965 ], [ 9.354118500000197, 43.003326500000128 ], [ 9.354165000000137, 43.003822500000126 ], [ 9.354742000000101, 43.00400900000011 ], [ 9.354689500000177, 43.004596500000048 ], [ 9.355553500000099, 43.005226 ], [ 9.355753, 43.005348 ], [ 9.356435, 43.0054015 ], [ 9.356823000000134, 43.005829 ], [ 9.356466500000124, 43.006164500000125 ], [ 9.3565435000001, 43.006298000000129 ], [ 9.357048, 43.006397 ], [ 9.357106237541814, 43.00696100819232 ], [ 9.35711300000014, 43.0070265 ], [ 9.357185500000128, 43.00711050000001 ], [ 9.357693500000039, 43.007267 ], [ 9.357938, 43.007251500000166 ], [ 9.358709500000089, 43.007023 ], [ 9.359017808255601, 43.00687234834146 ], [ 9.360404000000131, 43.006195000000162 ], [ 9.361021, 43.005615 ], [ 9.361775500000078, 43.005756500000075 ], [ 9.362978000000112, 43.005543 ], [ 9.363404295565033, 43.005565151617247 ], [ 9.363411, 43.005565500000102 ], [ 9.36430850000005, 43.005867000000194 ], [ 9.366091, 43.004764500000078 ], [ 9.368235500000083, 43.005222499999945 ], [ 9.368849, 43.005821 ], [ 9.369430500000021, 43.00605 ], [ 9.369929500000126, 43.0061225 ], [ 9.37053950000012, 43.006080500000053 ], [ 9.37132750000012, 43.00589350000007 ], [ 9.37167850000003, 43.005741 ], [ 9.372862000000111, 43.004764500000078 ], [ 9.373399499999948, 43.004638500000112 ], [ 9.373704967299261, 43.004623501605636 ], [ 9.373705005211491, 43.004623501184767 ], [ 9.375601, 43.005054500000085 ], [ 9.375731500000029, 43.005718000000115 ], [ 9.37685, 43.006332500000156 ], [ 9.377291500000126, 43.007023 ], [ 9.37782750000008, 43.007393 ], [ 9.378937, 43.007915500000024 ], [ 9.380655500000103, 43.008400000000165 ], [ 9.382807500000013, 43.010124000000133 ], [ 9.383184500000084, 43.010189 ], [ 9.38396750000004, 43.009956500000158 ], [ 9.384241000000145, 43.009678 ], [ 9.384967000000131, 43.009586500000069 ], [ 9.385138500000153, 43.009479500000111 ], [ 9.385024, 43.008953 ], [ 9.385585000000106, 43.009002500000065 ], [ 9.385937500000182, 43.008888 ], [ 9.385844, 43.008621000000119 ], [ 9.387043000000119, 43.008377 ], [ 9.387614499999984, 43.008518 ], [ 9.388521, 43.00729350000006 ], [ 9.389442500000087, 43.00669100000016 ], [ 9.389869500000088, 43.006664500000056 ], [ 9.390185500000086, 43.006740499999978 ], [ 9.390367006387464, 43.006854062082937 ], [ 9.391502500000172, 43.007564500000115 ], [ 9.392105000000129, 43.008472500000096 ], [ 9.393122500000118, 43.008236 ], [ 9.394192070432155, 43.007528717140929 ], [ 9.395009, 43.006988500000091 ], [ 9.395563, 43.006996 ], [ 9.395970500000033, 43.006206500000189 ], [ 9.39633, 43.006134 ], [ 9.396617, 43.006477500000074 ], [ 9.398021500000084, 43.006893000000161 ], [ 9.398867500000108, 43.007885 ], [ 9.399609500000224, 43.007923000000119 ], [ 9.399276000000157, 43.008217000000116 ], [ 9.399416145199041, 43.008450126148205 ], [ 9.399432000000104, 43.008476500000086 ], [ 9.400495500000147, 43.008640500000126 ], [ 9.401367000000107, 43.00822050000005 ], [ 9.401373200515081, 43.008002673213582 ], [ 9.401378500000021, 43.0078165 ], [ 9.40219, 43.007320500000162 ], [ 9.401985, 43.006656500000133 ], [ 9.402154, 43.006420000000105 ], [ 9.402974, 43.006096000000127 ], [ 9.403888767877504, 43.006174605188278 ], [ 9.403905, 43.006176000000153 ], [ 9.404637500000206, 43.005630500000166 ], [ 9.40730550000012, 43.005748500000152 ], [ 9.408386, 43.005539000000226 ], [ 9.41029850000001, 43.006096000000127 ], [ 9.411009000000149, 43.005878500000222 ], [ 9.413669500422941, 43.006531000203097 ], [ 9.414446000000112, 43.00684 ], [ 9.415493, 43.007957500000146 ], [ 9.415530286287037, 43.008048478540047 ], [ 9.415580500000033, 43.008171 ], [ 9.415003, 43.00857150000013 ], [ 9.41545, 43.009216500000036 ], [ 9.41604250000006, 43.009632000000124 ], [ 9.4171905, 43.009971499999949 ], [ 9.417306000000167, 43.010414000000139 ], [ 9.418311, 43.011078 ], [ 9.419508000000121, 43.011322000000177 ], [ 9.41953351977628, 43.011313132959174 ], [ 9.41998, 43.011158 ], [ 9.41990000006291, 43.011611999643492 ], [ 9.420959499999924, 43.011730000000171 ], [ 9.421218027698899, 43.011533348601176 ] ] ], [ [ [ 9.407960000000116, 43.025165500000014 ], [ 9.407838, 43.024677500000109 ], [ 9.408245, 43.024383500000113 ], [ 9.408416500000044, 43.023781 ], [ 9.408074500000168, 43.023399500000096 ], [ 9.408680000000174, 43.022819500000026 ], [ 9.408742000000188, 43.02232 ], [ 9.407487, 43.022617500000024 ], [ 9.407465000000172, 43.022934 ], [ 9.406967, 43.022880500000099 ], [ 9.406626500000073, 43.023124500000222 ], [ 9.406337500000177, 43.024360500000171 ], [ 9.405771500000071, 43.024849 ], [ 9.405009500000062, 43.024666 ], [ 9.405235500000117, 43.025013000000172 ], [ 9.405046500000083, 43.025474500000144 ], [ 9.403921, 43.025913 ], [ 9.404335, 43.0273745 ], [ 9.405177, 43.027733 ], [ 9.40639700000014, 43.027652500000045 ], [ 9.406498000000113, 43.02697 ], [ 9.40705400000013, 43.026397500000144 ], [ 9.406953000000101, 43.026081 ], [ 9.40767000000011, 43.025905500000135 ], [ 9.407892000000174, 43.025623500000052 ], [ 9.407562500000097, 43.025421000000165 ], [ 9.407960000000116, 43.025165500000014 ] ] ] ] } },
{ "type": "Feature", "properties": { "ADM_ID": "FR942B3", "SHAPE_Leng": 0.47532258165000002, "SHAPE_Area": 0.01058276751 }, "geometry": { "type": "MultiPolygon", "coordinates": [ [ [ [ 9.10502050000008, 42.564422500000148 ], [ 9.109899500000154, 42.562229 ], [ 9.112714, 42.56186300000013 ], [ 9.114803281155162, 42.562658676317653 ], [ 9.115198000000191, 42.562809 ], [ 9.115805074814602, 42.56274645491078 ], [ 9.117940000000203, 42.5625265 ], [ 9.120656000445365, 42.563171499868417 ], [ 9.12345050000016, 42.562713500000143 ], [ 9.126595500000121, 42.561241000000166 ], [ 9.127626500000019, 42.560173 ], [ 9.130837405411796, 42.559821428734836 ], [ 9.132398500000136, 42.559650500000032 ], [ 9.133788000000152, 42.558834000000161 ], [ 9.130490500000178, 42.553661500000089 ], [ 9.130140499999982, 42.552292000000136 ], [ 9.132167, 42.548324500000149 ], [ 9.132308, 42.54623800000013 ], [ 9.133163500000023, 42.546093 ], [ 9.135888, 42.546806500000116 ], [ 9.136654, 42.546596500000135 ], [ 9.136654144723877, 42.546596305803462 ], [ 9.137555, 42.545387500000118 ], [ 9.137554633701313, 42.545373318223994 ], [ 9.137521500000162, 42.544090500000095 ], [ 9.13886672239056, 42.543591321764097 ], [ 9.139177500000073, 42.543476 ], [ 9.139040989188516, 42.543354643542727 ], [ 9.136371500000052, 42.5409815000001 ], [ 9.137638, 42.540092500000071 ], [ 9.137809000000175, 42.538952 ], [ 9.138677500000085, 42.539028 ], [ 9.139894500000025, 42.540104 ], [ 9.140759500000058, 42.540165 ], [ 9.14145300891272, 42.540078789825202 ], [ 9.142662, 42.539928499999974 ], [ 9.143512, 42.539634499999977 ], [ 9.142847, 42.538467500000081 ], [ 9.142676121926115, 42.538417634540224 ], [ 9.141068500000188, 42.537948500000141 ], [ 9.141236500000048, 42.537258000000179 ], [ 9.141680000000179, 42.536625 ], [ 9.143975710371819, 42.536652615125718 ], [ 9.144506500000091, 42.536659 ], [ 9.145158, 42.53615550000012 ], [ 9.146605500000021, 42.533081 ], [ 9.148929500000122, 42.534031 ], [ 9.149515, 42.533638 ], [ 9.149643, 42.532940000000167 ], [ 9.149445500000184, 42.530918000000156 ], [ 9.151258500000097, 42.5306700000001 ], [ 9.153548, 42.531738500000017 ], [ 9.156193000000144, 42.531273 ], [ 9.1562765, 42.5306700000001 ], [ 9.154519, 42.529098500000089 ], [ 9.155776000000117, 42.52834300000012 ], [ 9.158474, 42.528351 ], [ 9.157589052485321, 42.525368385673346 ], [ 9.157255, 42.524242500000128 ], [ 9.157890500000121, 42.523750500000062 ], [ 9.160005325554266, 42.523721759871592 ], [ 9.160723500000017, 42.523712000000103 ], [ 9.160932806269955, 42.523089706443159 ], [ 9.161170000000197, 42.522384500000044 ], [ 9.162048500000083, 42.522087000000113 ], [ 9.162427363653194, 42.522071205355246 ], [ 9.16296, 42.522049000000152 ], [ 9.164534500000059, 42.52237300000013 ], [ 9.165559009998674, 42.519937071700895 ], [ 9.165595, 42.519851500000073 ], [ 9.16571032447979, 42.519833954908279 ], [ 9.167350000000113, 42.519584500000178 ], [ 9.167437548196347, 42.518656897905146 ], [ 9.167478500000072, 42.518223000000148 ], [ 9.168886, 42.517334000000119 ], [ 9.168580000000134, 42.515945500000157 ], [ 9.172250499747122, 42.515376999831972 ], [ 9.174129500000106, 42.5129015 ], [ 9.17463, 42.510124 ], [ 9.176406000000156, 42.508449500000097 ], [ 9.179099, 42.507892500000025 ], [ 9.180627, 42.509681500000056 ], [ 9.183354500000235, 42.510277000000144 ], [ 9.186871500000109, 42.509125 ], [ 9.190625, 42.508590500000196 ], [ 9.192149000000143, 42.507721 ], [ 9.192761500000188, 42.506386000000248 ], [ 9.195118, 42.508625 ], [ 9.195487720947654, 42.508747256641982 ], [ 9.196872, 42.509205 ], [ 9.198131500000045, 42.51026150000007 ], [ 9.200447815909627, 42.513043334398276 ], [ 9.202137, 42.515072 ], [ 9.204336, 42.516411000000119 ], [ 9.207122, 42.516903 ], [ 9.21010525592942, 42.516639068119389 ], [ 9.2176, 42.515976 ], [ 9.221120000237136, 42.517074501523552 ], [ 9.221581500000184, 42.517662 ], [ 9.22213650000009, 42.519024000000172 ], [ 9.220088, 42.521354500000086 ], [ 9.219867001155592, 42.524147001317374 ], [ 9.22140300000018, 42.525898 ], [ 9.221784500000126, 42.528000000000134 ], [ 9.223613500000113, 42.529587 ], [ 9.22419818275614, 42.533411820429649 ], [ 9.224788500000159, 42.537273500000026 ], [ 9.226578, 42.5389025 ], [ 9.227225499999975, 42.540199500000199 ], [ 9.225034500000049, 42.54330450000009 ], [ 9.225576500000159, 42.545376 ], [ 9.225292000122806, 42.546753000084493 ], [ 9.228743500000178, 42.549125500000116 ], [ 9.233870500000194, 42.551071 ], [ 9.234448500000042, 42.551632 ], [ 9.234278500000187, 42.553753 ], [ 9.234515802353599, 42.554331557623357 ], [ 9.234557, 42.554432 ], [ 9.235206500000231, 42.554954500000179 ], [ 9.236046, 42.555301500000098 ], [ 9.238697, 42.556129500000054 ], [ 9.242431500000123, 42.556576 ], [ 9.24481, 42.555397000000198 ], [ 9.246685000000184, 42.555114500000059 ], [ 9.260039499717436, 42.555099499933476 ], [ 9.261965, 42.552753500000108 ], [ 9.263982000000112, 42.551452500000096 ], [ 9.268699499999968, 42.551002500000038 ], [ 9.276359499999955, 42.551170500000069 ], [ 9.280175, 42.550842500000101 ], [ 9.282857, 42.550091 ], [ 9.285290500000144, 42.550743 ], [ 9.289587999677508, 42.549209499367407 ], [ 9.291043500000114, 42.54993050000013 ], [ 9.291009657048733, 42.550006716435973 ], [ 9.290498, 42.551159000000155 ], [ 9.291079500000023, 42.551620500000013 ], [ 9.29371, 42.551536499999941 ], [ 9.294397500000116, 42.5519065000002 ], [ 9.2972815, 42.552047500000128 ], [ 9.301058999608244, 42.551422000065088 ], [ 9.306478499999969, 42.548603 ], [ 9.308371500000135, 42.548599 ], [ 9.311893500000053, 42.547405 ], [ 9.313404551257122, 42.547171282728073 ], [ 9.315666, 42.546821500000135 ], [ 9.318366, 42.546009 ], [ 9.319710194197171, 42.545000176151405 ], [ 9.320348000000195, 42.54452150000003 ], [ 9.321311000000151, 42.5444490000001 ], [ 9.326524000000177, 42.547249000000136 ], [ 9.33109450000012, 42.548259500000086 ], [ 9.333473, 42.54945 ], [ 9.337118, 42.550117500000169 ], [ 9.340874500000041, 42.549537500000099 ], [ 9.343625, 42.550140500000111 ], [ 9.350128, 42.550670500000081 ], [ 9.366743000000213, 42.555374000000199 ], [ 9.375123, 42.555992 ], [ 9.373011500000189, 42.549095 ], [ 9.371085000000164, 42.545086 ], [ 9.374169500000107, 42.541519 ], [ 9.374597500000164, 42.536575500000026 ], [ 9.373965500000111, 42.533787 ], [ 9.380894500000181, 42.531498 ], [ 9.38160900000014, 42.53102500000017 ], [ 9.385018500000172, 42.528530000000103 ], [ 9.387917500000015, 42.523327000000222 ], [ 9.39129250000002, 42.522026 ], [ 9.398059, 42.520397 ], [ 9.39892, 42.520431500000086 ], [ 9.399887, 42.521507499999927 ], [ 9.400758000031828, 42.521499500016887 ], [ 9.402187499999968, 42.522255000000143 ], [ 9.406940500000132, 42.522186499999975 ], [ 9.409709, 42.522678500000211 ], [ 9.410855500000082, 42.525310499999989 ], [ 9.413593500000104, 42.525661500000126 ], [ 9.41496, 42.524704 ], [ 9.418692096629798, 42.519928281141347 ], [ 9.419718, 42.518615500000124 ], [ 9.420554000000152, 42.518295500000079 ], [ 9.42240350000003, 42.518459500000176 ], [ 9.423263500000132, 42.518764500000032 ], [ 9.423892208490599, 42.519472695646868 ], [ 9.424794000000134, 42.52048850000017 ], [ 9.425692500000025, 42.52071 ], [ 9.4266045, 42.520538500000043 ], [ 9.427010500298081, 42.519199497592638 ], [ 9.427483500000108, 42.515922500000045 ], [ 9.428380999620458, 42.514064999306015 ], [ 9.433027500000151, 42.513725499999964 ], [ 9.43565650000005, 42.514343499999939 ], [ 9.43588050000011, 42.514999500000044 ], [ 9.438929500000143, 42.51661700000011 ], [ 9.442558500000018, 42.51890950000012 ], [ 9.443581500000107, 42.520870000000116 ], [ 9.447091, 42.524189000000149 ], [ 9.44969750000007, 42.525055 ], [ 9.453494000000148, 42.525062500000104 ], [ 9.4582565, 42.525635 ], [ 9.460850499356866, 42.526595999761923 ], [ 9.464522500000157, 42.528927000000124 ], [ 9.466981000000146, 42.531128000000137 ], [ 9.469485500000076, 42.532207500000084 ], [ 9.47005, 42.533878500000014 ], [ 9.476500500000157, 42.53529 ], [ 9.481687500000021, 42.532268499999986 ], [ 9.482609, 42.532177 ], [ 9.483955500000093, 42.533081 ], [ 9.485116, 42.535801 ], [ 9.485735, 42.536308500000132 ], [ 9.487575500000105, 42.536533500000132 ], [ 9.488415, 42.536209 ], [ 9.48806, 42.535682500000064 ], [ 9.488530000000196, 42.534328500000072 ], [ 9.489983500000051, 42.53339 ], [ 9.492806500000029, 42.533737 ], [ 9.494449500000087, 42.533066 ], [ 9.4953615, 42.533302500000104 ], [ 9.496943499999986, 42.534107 ], [ 9.497550000000103, 42.534664000000134 ], [ 9.499211834884363, 42.536879483380744 ], [ 9.499418500000161, 42.537155 ], [ 9.500113500000111, 42.5376015 ], [ 9.500940500000127, 42.537529 ], [ 9.501043661061885, 42.537424833232194 ], [ 9.502633, 42.53582 ], [ 9.503465500000175, 42.535454000000129 ], [ 9.504363, 42.535263000000157 ], [ 9.506321, 42.536422500000185 ], [ 9.508025, 42.534923500000104 ], [ 9.51272100000017, 42.534393500000135 ], [ 9.514434000000165, 42.531883000000107 ], [ 9.518475282737256, 42.530663765547104 ], [ 9.518859000000191, 42.530548000000124 ], [ 9.520207500000197, 42.529541000000108 ], [ 9.520620500000064, 42.5289 ], [ 9.520451500000149, 42.525409500000023 ], [ 9.522316, 42.523815 ], [ 9.525114, 42.523659 ], [ 9.5274915, 42.524879500000054 ], [ 9.529370500000198, 42.525158 ], [ 9.531144, 42.524658 ], [ 9.53254149654606, 42.523677999750191 ], [ 9.53476049991167, 42.5228080000349 ], [ 9.533796500000108, 42.516998500000057 ], [ 9.533543427609857, 42.516410999681113 ], [ 9.532546, 42.514095500000053 ], [ 9.532233, 42.511856 ], [ 9.529952, 42.503689 ], [ 9.529538, 42.500057 ], [ 9.529580000000124, 42.495579 ], [ 9.529844500000138, 42.4941675 ], [ 9.529831551738823, 42.493905961721168 ], [ 9.52961050000016, 42.489441000000113 ], [ 9.531416000000149, 42.483368000000155 ], [ 9.53263950000013, 42.480171 ], [ 9.532835825050029, 42.479416130644097 ], [ 9.533704000000114, 42.476078 ], [ 9.534645081135068, 42.474380338607602 ], [ 9.534818500000142, 42.47406750000016 ], [ 9.534882761954464, 42.473718789815678 ], [ 9.535080000000107, 42.4726485 ], [ 9.536052500000096, 42.470463000000166 ], [ 9.536528500000031, 42.469307 ], [ 9.536659, 42.467804 ], [ 9.538525500000048, 42.463802500000099 ], [ 9.540630742699875, 42.461036733348465 ], [ 9.541121500000088, 42.460392 ], [ 9.541483000000142, 42.459282000000144 ], [ 9.541648, 42.458053500000119 ], [ 9.541373294983543, 42.456097783856421 ], [ 9.541019500000175, 42.453579000000104 ], [ 9.541148000000135, 42.45158 ], [ 9.541212144081328, 42.451420295092475 ], [ 9.542004500000132, 42.449447500000019 ], [ 9.541005950329122, 42.445435414174312 ], [ 9.540888000000166, 42.44496150000009 ], [ 9.540687500000047, 42.443256500000075 ], [ 9.540874500000086, 42.44162 ], [ 9.541737500000067, 42.43641300000013 ], [ 9.541499, 42.432724 ], [ 9.541619500000081, 42.432125 ], [ 9.543005718916106, 42.430029691086361 ], [ 9.543484500000034, 42.429306 ], [ 9.543388499485502, 42.427948000079539 ], [ 9.543273000000113, 42.426918 ], [ 9.542562273826377, 42.425398212146433 ], [ 9.542145500000117, 42.424507 ], [ 9.54212039335232, 42.424034538536489 ], [ 9.541980500000136, 42.421402000000171 ], [ 9.540374113575183, 42.418645398740523 ], [ 9.539846500000124, 42.41774 ], [ 9.538224000000184, 42.41201 ], [ 9.538191, 42.411243500000012 ], [ 9.538028009968684, 42.410822827506365 ], [ 9.537150500000166, 42.408558 ], [ 9.537276500000132, 42.407512500000053 ], [ 9.536875000000123, 42.406631500000174 ], [ 9.536752345552259, 42.403095731930193 ], [ 9.536742000000118, 42.40279750000002 ], [ 9.536645790214209, 42.402450293153095 ], [ 9.535906, 42.399780500000134 ], [ 9.536033500000087, 42.399231 ], [ 9.535702, 42.398433500000067 ], [ 9.535248999860755, 42.393989499886061 ], [ 9.534165500000086, 42.389267000000132 ], [ 9.533391000000165, 42.387825000000191 ], [ 9.533226, 42.386394500000165 ], [ 9.532471500000099, 42.384632 ], [ 9.532207500000084, 42.381218000000104 ], [ 9.532673, 42.379966500000137 ], [ 9.532628, 42.379024500000185 ], [ 9.532246500000099, 42.371914000000174 ], [ 9.532567000000199, 42.368904000000157 ], [ 9.534712313945704, 42.362289832081728 ], [ 9.53500450000007, 42.361389 ], [ 9.53514, 42.358856000000117 ], [ 9.535057000000165, 42.357593500000121 ], [ 9.536716500000125, 42.352340500000139 ], [ 9.536951, 42.350704000000121 ], [ 9.536724, 42.3481825 ], [ 9.537369000000126, 42.344658 ], [ 9.537664500000062, 42.343601 ], [ 9.538215499999978, 42.342571500000133 ], [ 9.539173717698986, 42.34237106900531 ], [ 9.540952499999946, 42.341999 ], [ 9.541001500000107, 42.341903500000114 ], [ 9.54005350000017, 42.341511000000139 ], [ 9.540081000000157, 42.340744 ], [ 9.540292500000078, 42.340503500000068 ], [ 9.541155, 42.340496000000144 ], [ 9.541194, 42.340313 ], [ 9.540037, 42.340294000000142 ], [ 9.539721937834372, 42.340130611992322 ], [ 9.539257, 42.339889500000083 ], [ 9.539417500000127, 42.33969900000011 ], [ 9.539201500000047, 42.33943950000014 ], [ 9.539707000000135, 42.339004500000044 ], [ 9.539366500000199, 42.338707000000113 ], [ 9.540259996908105, 42.337931681039777 ], [ 9.54036450000001, 42.337841 ], [ 9.540417500000103, 42.337288000000115 ], [ 9.541132, 42.332863 ], [ 9.542539500000203, 42.328621000000112 ], [ 9.544142500000135, 42.325580500000058 ], [ 9.544159, 42.324138499999947 ], [ 9.545960500000092, 42.321220500000095 ], [ 9.546918418702148, 42.320402097172291 ], [ 9.547728500000176, 42.31971 ], [ 9.549811500000203, 42.314972 ], [ 9.549851500000159, 42.314293 ], [ 9.55007535858141, 42.313894557562207 ], [ 9.550458, 42.313213500000188 ], [ 9.551128165006958, 42.309595518599508 ], [ 9.552152500000091, 42.304065500000036 ], [ 9.553666000308112, 42.299232499461368 ], [ 9.554557000000102, 42.297409 ], [ 9.554934828642956, 42.295817727011013 ], [ 9.555873000000133, 42.29186650000014 ], [ 9.558113000000162, 42.286438 ], [ 9.558720561391226, 42.285629257677158 ], [ 9.559322500000235, 42.284828 ], [ 9.559956500000112, 42.282303 ], [ 9.559322500000235, 42.279453500000045 ], [ 9.559401712277861, 42.27884701830493 ], [ 9.559615000000122, 42.277214000000185 ], [ 9.559288, 42.2733080000001 ], [ 9.55949, 42.272396000000128 ], [ 9.557772500000056, 42.268524 ], [ 9.557714060487967, 42.26833399961572 ], [ 9.557569499999943, 42.267864000000145 ], [ 9.556644500000175, 42.262951000000101 ], [ 9.555926500000112, 42.260872 ], [ 9.555971000000227, 42.2586060000001 ], [ 9.555095500000107, 42.252022000000181 ], [ 9.55392350000011, 42.246586 ], [ 9.55375312989878, 42.244473352695593 ], [ 9.553630000000169, 42.24294650000013 ], [ 9.553212999988716, 42.241435999948692 ], [ 9.552509500000156, 42.233116000000109 ], [ 9.552654500000074, 42.227916500000163 ], [ 9.552429, 42.226486 ], [ 9.552875500000084, 42.22451 ], [ 9.552860500358747, 42.221256577767235 ], [ 9.552860500590384, 42.221256497915761 ], [ 9.554201000000148, 42.216522 ], [ 9.556154499092941, 42.214957997574004 ], [ 9.555993000000115, 42.213562000000138 ], [ 9.556154029955849, 42.211829787075374 ], [ 9.556487000000118, 42.208248 ], [ 9.556153285507605, 42.206864813398909 ], [ 9.556014, 42.206287500000087 ], [ 9.556153024636501, 42.205124975990714 ], [ 9.556264000000112, 42.204197000000136 ], [ 9.556152500020062, 42.201626000459726 ], [ 9.55642400000022, 42.200798 ], [ 9.556631604375696, 42.200656682879753 ], [ 9.557219500000144, 42.200256500000023 ], [ 9.557433651332531, 42.199033991272699 ], [ 9.557509500000151, 42.198601 ], [ 9.557721906959046, 42.19845079601015 ], [ 9.558691, 42.197765500000173 ], [ 9.55857200000014, 42.197277 ], [ 9.559117500000127, 42.196697 ], [ 9.558941821335281, 42.195982680144311 ], [ 9.558898000000113, 42.195804500000065 ], [ 9.559214500000166, 42.195431 ], [ 9.559191, 42.195244 ], [ 9.559169647662145, 42.195233638322861 ], [ 9.55886849999996, 42.195087500000113 ], [ 9.558385000000101, 42.191864 ], [ 9.556799, 42.187580000000139 ], [ 9.556477381403511, 42.183386983082244 ], [ 9.556423000000166, 42.182678 ], [ 9.555670500000076, 42.179836500000135 ], [ 9.555884500000161, 42.1790125 ], [ 9.555516696682957, 42.177088485536501 ], [ 9.555296, 42.175934 ], [ 9.555217, 42.173721500000113 ], [ 9.55529766661067, 42.173175060146718 ], [ 9.55556, 42.171398 ], [ 9.555166, 42.166271 ], [ 9.554852065223372, 42.165213469463822 ], [ 9.554665500000056, 42.164585 ], [ 9.554523500000187, 42.162834 ], [ 9.554364000000135, 42.160858000000133 ], [ 9.554529325056876, 42.159447048673542 ], [ 9.554705499999955, 42.157943500000044 ], [ 9.554380499146703, 42.156788000509664 ], [ 9.554380504189055, 42.156787974800977 ], [ 9.554638, 42.155239000000108 ], [ 9.555177500000127, 42.154121500000031 ], [ 9.555090468734363, 42.151400403571643 ], [ 9.555034500000033, 42.149650500000121 ], [ 9.55464, 42.147331 ], [ 9.554850500000043, 42.145416500000067 ], [ 9.55546100000015, 42.143303 ], [ 9.556242000000111, 42.142662 ], [ 9.556602500000054, 42.142143000000146 ], [ 9.555752, 42.13253 ], [ 9.555385271364116, 42.131014958338824 ], [ 9.555180500000176, 42.130169 ], [ 9.555046, 42.127426000000128 ], [ 9.554729500000178, 42.126724000000138 ], [ 9.554596000000117, 42.124561500000084 ], [ 9.554823000000283, 42.123371000000191 ], [ 9.554643500000168, 42.122307 ], [ 9.554277916161254, 42.121228673133146 ], [ 9.553889500000139, 42.120083 ], [ 9.552897500000142, 42.118667500000186 ], [ 9.551826500000118, 42.112945500000137 ], [ 9.551839975538144, 42.111646907313968 ], [ 9.551841500000137, 42.1115 ], [ 9.551568, 42.110161 ], [ 9.549980000000119, 42.104164 ], [ 9.549904, 42.104038000000173 ], [ 9.548978, 42.102920500000039 ], [ 9.547617, 42.10159700000014 ], [ 9.544294500000092, 42.098507 ], [ 9.543152, 42.097496 ], [ 9.542886, 42.097290000000157 ], [ 9.542001500000083, 42.096988500000066 ], [ 9.541676380716922, 42.096753419139134 ], [ 9.541537500000231, 42.096653 ], [ 9.541480009442864, 42.096579555670814 ], [ 9.541033, 42.096008500000153 ], [ 9.540434845779657, 42.095654187231162 ], [ 9.540066500000194, 42.095436 ], [ 9.53610250000014, 42.092029500000081 ], [ 9.531752500000096, 42.087967 ], [ 9.526111500000013, 42.081539 ], [ 9.525500500000078, 42.08041 ], [ 9.518164500000069, 42.072418000000141 ], [ 9.515337000000102, 42.068802 ], [ 9.509622603516448, 42.062821544561132 ], [ 9.505360500000108, 42.058361 ], [ 9.496974999921406, 42.048450499898024 ], [ 9.497111500000074, 42.048084500000073 ], [ 9.487596500000052, 42.036834500000055 ], [ 9.482544431527003, 42.031189855937839 ], [ 9.475196, 42.022979500000133 ], [ 9.468262500000151, 42.014107000000195 ], [ 9.458908000000122, 42.005745 ], [ 9.457686500000136, 42.004055 ], [ 9.457311500000174, 42.002369000000158 ], [ 9.456286499780163, 42.000801000773833 ], [ 9.453138500000023, 41.999149500000044 ], [ 9.450049500000091, 41.996986500000105 ], [ 9.441412, 41.989624 ], [ 9.439859500000182, 41.987682500000176 ], [ 9.43105700000018, 41.979332 ], [ 9.424255500000186, 41.971538500000065 ], [ 9.419747500000028, 41.965309000000104 ], [ 9.41378, 41.9557 ], [ 9.412569, 41.952476500000103 ], [ 9.411737500000186, 41.947201000000234 ], [ 9.411684, 41.942859500000168 ], [ 9.411968000000115, 41.940082500000074 ], [ 9.412966, 41.938087500000051 ], [ 9.41375650000009, 41.93655 ], [ 9.414471500000104, 41.935871 ], [ 9.415204, 41.933746500000041 ], [ 9.415843000000109, 41.932937500000094 ], [ 9.415577, 41.931148500000063 ], [ 9.416127000000131, 41.928406000000166 ], [ 9.414581500000168, 41.923797500000035 ], [ 9.413846, 41.923218 ], [ 9.412268500000096, 41.91874700000011 ], [ 9.412583500000039, 41.915653000000134 ], [ 9.413672500000075, 41.915092500000071 ], [ 9.413645500000143, 41.914867500000128 ], [ 9.412766500000089, 41.912895000000162 ], [ 9.41169669549339, 41.911419695457482 ], [ 9.409627000000228, 41.908565500000066 ], [ 9.408981500000095, 41.906616 ], [ 9.407015000000115, 41.904209 ], [ 9.40452, 41.9018365 ], [ 9.40279, 41.898781 ], [ 9.402062500037403, 41.897155999639381 ], [ 9.40187450000019, 41.896496 ], [ 9.401587438637989, 41.895032543500292 ], [ 9.40143600000016, 41.89426050000003 ], [ 9.401265, 41.889435000000105 ], [ 9.400881, 41.887562 ], [ 9.401531000000205, 41.886345 ], [ 9.399100500000202, 41.882480500000042 ], [ 9.398531000000162, 41.881160500000078 ], [ 9.398360008627435, 41.88060638510035 ], [ 9.3976, 41.878143500000022 ], [ 9.397019500000113, 41.874614500000234 ], [ 9.396987, 41.87376 ], [ 9.397065, 41.872799 ], [ 9.39717506601761, 41.872640100798094 ], [ 9.397424500000056, 41.87228 ], [ 9.397311000000116, 41.87125 ], [ 9.397406499999988, 41.870929499999988 ], [ 9.397848000000124, 41.870582500000069 ], [ 9.398077, 41.869892000000107 ], [ 9.398478500000067, 41.869728 ], [ 9.39871600000015, 41.868587500000046 ], [ 9.399166, 41.868332 ], [ 9.399441000000138, 41.867504 ], [ 9.400016000000107, 41.8672830000001 ], [ 9.399126, 41.866897500000164 ], [ 9.398611000000187, 41.866024 ], [ 9.397924500000045, 41.863128500000073 ], [ 9.398306000000161, 41.862201500000083 ], [ 9.399870182796803, 41.861148133261736 ], [ 9.401115500000117, 41.860309500000085 ], [ 9.402271998853394, 41.858703501592572 ], [ 9.395113000000151, 41.860695 ], [ 9.394100000000151, 41.863357500000177 ], [ 9.391098000000113, 41.865062500000022 ], [ 9.390643786618512, 41.865175928056658 ], [ 9.388379, 41.86574150000007 ], [ 9.385892000000126, 41.867676 ], [ 9.383122500000127, 41.867126500000097 ], [ 9.380833500000108, 41.865860000000112 ], [ 9.37819, 41.865123500000095 ], [ 9.377722500000061, 41.86556650000017 ], [ 9.377829467845686, 41.866152831335114 ], [ 9.378085, 41.867553500000099 ], [ 9.377373500000147, 41.8679735 ], [ 9.3765345, 41.867759500000091 ], [ 9.376076500000124, 41.867161000000124 ], [ 9.375874500000123, 41.86578350000002 ], [ 9.37339900000012, 41.864715500000102 ], [ 9.373022874721642, 41.864778187546449 ], [ 9.371545000000197, 41.865024500000118 ], [ 9.369566000454768, 41.863559500336805 ], [ 9.370463500000028, 41.861561 ], [ 9.369942499999922, 41.861038000000121 ], [ 9.366125, 41.860950500000172 ], [ 9.364699954842138, 41.860280186576915 ], [ 9.363010500000144, 41.859485500000119 ], [ 9.362606311347122, 41.858869243109609 ], [ 9.361774500000024, 41.857601000000159 ], [ 9.35782050000023, 41.855644 ], [ 9.357014500000162, 41.855297000000121 ], [ 9.35423, 41.855366000000117 ], [ 9.353519500000175, 41.854927 ], [ 9.352515, 41.853714 ], [ 9.351648500000067, 41.849548500000196 ], [ 9.349024000000213, 41.849010500000077 ], [ 9.346900000000119, 41.846676 ], [ 9.344451, 41.845897500000092 ], [ 9.3433455, 41.843956 ], [ 9.341121500000042, 41.8461115 ], [ 9.339401, 41.846462 ], [ 9.338547500000061, 41.846203000000116 ], [ 9.336083500000086, 41.844047499999931 ], [ 9.335469, 41.842701 ], [ 9.334023500000171, 41.842163000000141 ], [ 9.330620000000124, 41.839676000000111 ], [ 9.330187000000194, 41.837135500000045 ], [ 9.32660850000002, 41.836548000000107 ], [ 9.325939, 41.834617500000036 ], [ 9.321382500000027, 41.835338500000034 ], [ 9.319695500000023, 41.834759 ], [ 9.317260000000147, 41.832546 ], [ 9.312617500000044, 41.833210000000122 ], [ 9.309092500000077, 41.832145500000138 ], [ 9.307963500000085, 41.833275 ], [ 9.307507500000042, 41.834652 ], [ 9.308330486607247, 41.837221073794638 ], [ 9.308831000000112, 41.838783499999977 ], [ 9.307714500114173, 41.841323999740666 ], [ 9.303720500000054, 41.842289000000108 ], [ 9.301807500415009, 41.844699999477314 ], [ 9.299039, 41.845012500000053 ], [ 9.298089000000232, 41.845062500000097 ], [ 9.297594792437167, 41.844769879373871 ], [ 9.296658500000149, 41.844215500000018 ], [ 9.290418500000044, 41.842682000000138 ], [ 9.289504, 41.842872500000055 ], [ 9.288351, 41.844749500000148 ], [ 9.287550000000238, 41.844936500000131 ], [ 9.282935000000123, 41.844055 ], [ 9.275207500000079, 41.841297000000111 ], [ 9.268809500000032, 41.839985 ], [ 9.266095000000121, 41.842617 ], [ 9.263915, 41.843990500000018 ], [ 9.260424500000113, 41.8451235 ], [ 9.249181500000134, 41.846309500000075 ], [ 9.245001000000116, 41.850044500000195 ], [ 9.244212000000175, 41.85021600000016 ], [ 9.24086850000009, 41.848865499999988 ], [ 9.237319118021901, 41.846775118786979 ], [ 9.237124500000107, 41.846660500000155 ], [ 9.236336500000107, 41.846878000000174 ], [ 9.232276, 41.849888000000192 ], [ 9.231757136415411, 41.851391288910804 ], [ 9.231103000000189, 41.853286500000024 ], [ 9.227500000000134, 41.855587000000128 ], [ 9.230239, 41.859314 ], [ 9.233089500000233, 41.86824050000007 ], [ 9.236491000000115, 41.874042499999973 ], [ 9.236110500569566, 41.875431001195466 ], [ 9.23520950000011, 41.879642500000045 ], [ 9.238801000000137, 41.883892000000117 ], [ 9.239173397643128, 41.884154393516667 ], [ 9.240874500000075, 41.885353 ], [ 9.251972984954591, 41.898723481874583 ], [ 9.251972999886334, 41.898723499863081 ], [ 9.248697500000219, 41.909172000000126 ], [ 9.248287, 41.909706 ], [ 9.247880137491336, 41.90954882069019 ], [ 9.247497500000065, 41.909401000000116 ], [ 9.245919000000185, 41.909851 ], [ 9.244280000000117, 41.909321 ], [ 9.243389, 41.90958 ], [ 9.24298750000014, 41.910877 ], [ 9.240494, 41.91134250000016 ], [ 9.238057000000197, 41.912487000000169 ], [ 9.236393902939938, 41.914844207723775 ], [ 9.236375, 41.914871 ], [ 9.233927, 41.9159815000001 ], [ 9.228394500000263, 41.916393500000083 ], [ 9.227990000000204, 41.915779 ], [ 9.226308, 41.915130500000032 ], [ 9.224393, 41.915043 ], [ 9.22178950000017, 41.914142500000025 ], [ 9.220778645613848, 41.914350957696797 ], [ 9.219956500000023, 41.914520500000037 ], [ 9.217540500342636, 41.913482500147381 ], [ 9.217540417123132, 41.913482578298385 ], [ 9.215214500000229, 41.91568 ], [ 9.215175274040007, 41.915690415127813 ], [ 9.213563, 41.916118500000096 ], [ 9.21327800483175, 41.91746150303436 ], [ 9.220506500000056, 41.922001 ], [ 9.222275500000023, 41.922462500000051 ], [ 9.224695, 41.926285 ], [ 9.230645999789715, 41.932624999899247 ], [ 9.229704, 41.932510500000092 ], [ 9.22122300000018, 41.935562000000175 ], [ 9.215679000000137, 41.942108000000189 ], [ 9.220896000000153, 41.946155500000032 ], [ 9.222673500000099, 41.949463000000151 ], [ 9.223253500000169, 41.954357 ], [ 9.224251781868531, 41.955886925712775 ], [ 9.224889000000132, 41.956863500000168 ], [ 9.225180499633268, 41.959666996471924 ], [ 9.223538500000075, 41.962974500000087 ], [ 9.223325500092074, 41.966488000162542 ], [ 9.226264, 41.971679500000164 ], [ 9.225929500000063, 41.972240500000055 ], [ 9.222391, 41.973255000000165 ], [ 9.22104650000017, 41.974243000000172 ], [ 9.220628500000203, 41.974880000000155 ], [ 9.220410500000128, 41.975567000000126 ], [ 9.220591898769726, 41.976274440677912 ], [ 9.221659500000044, 41.980438000000106 ], [ 9.220443390559012, 41.981932334888484 ], [ 9.219703500000037, 41.9828415 ], [ 9.219674000000111, 41.984920500000101 ], [ 9.218995, 41.986236500000075 ], [ 9.220241500000157, 41.989624 ], [ 9.216655, 41.991935500000181 ], [ 9.215250000729327, 41.993786001326953 ], [ 9.216667, 41.99636449999997 ], [ 9.218848, 42.007671500000129 ], [ 9.221089498132301, 42.027599483393885 ], [ 9.221089500970947, 42.027599501539157 ], [ 9.213536500000146, 42.0281485000001 ], [ 9.208441, 42.029995 ], [ 9.203366500000129, 42.028354500000091 ], [ 9.1957825, 42.028084 ], [ 9.192921500000125, 42.029827 ], [ 9.189598000000103, 42.031208000000106 ], [ 9.188663500000246, 42.031273000000169 ], [ 9.18616, 42.030349500000113 ], [ 9.185128453272341, 42.030447335717099 ], [ 9.182417, 42.030704500000184 ], [ 9.180223500000011, 42.02942650000017 ], [ 9.176472500000159, 42.028980499999989 ], [ 9.161290000000179, 42.024879500000168 ], [ 9.15961950000019, 42.026588500000173 ], [ 9.160408, 42.026958500000035 ], [ 9.1559315, 42.03152850000015 ], [ 9.152600500000119, 42.035827500000039 ], [ 9.152040500000112, 42.040054500000053 ], [ 9.151480500000162, 42.040489 ], [ 9.148673, 42.040607500000135 ], [ 9.145998333199827, 42.041777640955672 ], [ 9.145429500000091, 42.042026500000134 ], [ 9.141396500000155, 42.045925000000125 ], [ 9.14209650000015, 42.047905000000128 ], [ 9.138174000000163, 42.049782 ], [ 9.13682950000009, 42.051651000000106 ], [ 9.133182599004726, 42.051805121542316 ], [ 9.133043500000042, 42.051811 ], [ 9.131730000000232, 42.052845000000161 ], [ 9.131010000000174, 42.054161000000136 ], [ 9.131106500550459, 42.055584000358067 ], [ 9.131967500000201, 42.057625 ], [ 9.133569000000193, 42.059395000000109 ], [ 9.133290500000044, 42.060043499999949 ], [ 9.132967685868323, 42.060162451540123 ], [ 9.131593000000123, 42.060669 ], [ 9.130491500000062, 42.061828500000047 ], [ 9.129822500000159, 42.063884500000142 ], [ 9.12809650000014, 42.066379499999982 ], [ 9.1306495, 42.070167500000082 ], [ 9.131083500000045, 42.072975 ], [ 9.133000500000207, 42.076168 ], [ 9.132796493976912, 42.077380702471487 ], [ 9.132649500000127, 42.078254500000071 ], [ 9.133968500239121, 42.080124010202667 ], [ 9.134083500000088, 42.085033499999952 ], [ 9.134785500000078, 42.087089500000104 ], [ 9.133688000000234, 42.090549500000179 ], [ 9.131321000000128, 42.09164050000004 ], [ 9.130098500000088, 42.093574500000045 ], [ 9.128191, 42.095173000000102 ], [ 9.127171624334153, 42.096949937034765 ], [ 9.126692, 42.097786000000156 ], [ 9.125341500000104, 42.098747500000115 ], [ 9.125320500000157, 42.103706500000101 ], [ 9.124779500639477, 42.105022498444896 ], [ 9.119915, 42.107277000000124 ], [ 9.117861, 42.109619 ], [ 9.115046500000062, 42.109619 ], [ 9.1141985000001, 42.109913 ], [ 9.112677500000189, 42.110779 ], [ 9.111988, 42.111233000000198 ], [ 9.111901500000101, 42.113266 ], [ 9.109347499999956, 42.11405950000011 ], [ 9.108587645797684, 42.114518733532407 ], [ 9.107151000000158, 42.115387 ], [ 9.103586000000234, 42.116409500000088 ], [ 9.095192, 42.115181 ], [ 9.093344500000171, 42.115295500000059 ], [ 9.088302500000054, 42.119457 ], [ 9.084388000000217, 42.123443500000121 ], [ 9.083848997352504, 42.12479400138767 ], [ 9.081512500000144, 42.126018500000043 ], [ 9.080149025839546, 42.126424964574198 ], [ 9.0779685, 42.127075 ], [ 9.077599772439157, 42.127548686168552 ], [ 9.076558, 42.128887 ], [ 9.072036500000138, 42.13000100000022 ], [ 9.0744380000001, 42.13221 ], [ 9.076771000000235, 42.136657500000126 ], [ 9.073451, 42.142551499999968 ], [ 9.073014540451481, 42.144182331574655 ], [ 9.072525, 42.1460115000001 ], [ 9.071577651285054, 42.147060666567597 ], [ 9.07092, 42.147789000000103 ], [ 9.070081, 42.149845 ], [ 9.070124480967081, 42.14997161549428 ], [ 9.071688500000164, 42.154526 ], [ 9.066971, 42.156914000000143 ], [ 9.06604950000002, 42.158134500000074 ], [ 9.065369500000088, 42.166649 ], [ 9.056609, 42.169246500000042 ], [ 9.054801000000168, 42.169143500000018 ], [ 9.051077, 42.169830500000216 ], [ 9.049511000000166, 42.171577499999955 ], [ 9.048115500000165, 42.175701000000117 ], [ 9.049458500000071, 42.17754 ], [ 9.048283671874287, 42.17906560466821 ], [ 9.04763150000008, 42.179912500000057 ], [ 9.047494, 42.182007 ], [ 9.048511030042107, 42.183614345986939 ], [ 9.051112000000103, 42.187725000000228 ], [ 9.050575500000093, 42.189785000000143 ], [ 9.049162, 42.191597000000115 ], [ 9.048980000000256, 42.192997000000162 ], [ 9.046595500000137, 42.199638500000049 ], [ 9.047097367317122, 42.201565715711013 ], [ 9.047483500000055, 42.203048500000136 ], [ 9.045743999949252, 42.207725498508239 ], [ 9.042118, 42.20679100000018 ], [ 9.040063723554397, 42.206650507926383 ], [ 9.034478, 42.206268500000078 ], [ 9.030499867791946, 42.204840548952177 ], [ 9.027601, 42.203800000000115 ], [ 9.021939500000258, 42.203220500000157 ], [ 9.017124, 42.205379500000049 ], [ 9.014041, 42.208126000000107 ], [ 9.00648999986629, 42.208713500828708 ], [ 9.005929000000151, 42.212185 ], [ 9.004174000826822, 42.213668999301092 ], [ 8.999881500000185, 42.215156500000091 ], [ 8.997232500000052, 42.214493 ], [ 8.994459998735749, 42.214523500871735 ], [ 8.991638, 42.216469000000131 ], [ 8.990747199750672, 42.218049557507072 ], [ 8.990548000000103, 42.218403 ], [ 8.989765538775259, 42.218981844124016 ], [ 8.98781, 42.220428500000025 ], [ 8.983346000113897, 42.225078499881704 ], [ 8.979790499999979, 42.223987500000135 ], [ 8.976881000000105, 42.227634500000079 ], [ 8.976881520422069, 42.228374019508294 ], [ 8.9768830000001, 42.230476500000066 ], [ 8.9741745, 42.232456 ], [ 8.971618500000091, 42.231998500000032 ], [ 8.956370500000048, 42.232860500000129 ], [ 8.952558527642509, 42.233392616122842 ], [ 8.949919500000078, 42.233761 ], [ 8.948107, 42.233585500000061 ], [ 8.944744000000128, 42.234882500000083 ], [ 8.944062237779235, 42.23541812090258 ], [ 8.942773000000102, 42.236431000000152 ], [ 8.940108500000292, 42.237209500000063 ], [ 8.939119500000174, 42.240673000000129 ], [ 8.93690950000007, 42.245300500000042 ], [ 8.934817071353905, 42.247043625323045 ], [ 8.934441500000162, 42.247356500000137 ], [ 8.933217998446594, 42.250015500901725 ], [ 8.931818, 42.250828000000126 ], [ 8.927167000000111, 42.251579500000162 ], [ 8.92655950000011, 42.25206750000018 ], [ 8.926621500229089, 42.254192499757664 ], [ 8.923393000000146, 42.257580000000132 ], [ 8.922504500000173, 42.257629500000121 ], [ 8.917573000000175, 42.255596 ], [ 8.912973500000078, 42.254875000000141 ], [ 8.911097499999926, 42.254997499999945 ], [ 8.907584, 42.254036000000156 ], [ 8.904771000000153, 42.253864500000191 ], [ 8.901172500000143, 42.257107 ], [ 8.896541470803754, 42.260290518987176 ], [ 8.895634500000028, 42.260914000000128 ], [ 8.895458598594928, 42.261136078582126 ], [ 8.894196500000078, 42.262729500000034 ], [ 8.892743865048203, 42.26325587534086 ], [ 8.89167, 42.26364500000011 ], [ 8.891006326927538, 42.264612630106285 ], [ 8.890021500000103, 42.266048500000068 ], [ 8.886167974433192, 42.268390652427058 ], [ 8.882734500000083, 42.270477500000197 ], [ 8.881942, 42.271690500000204 ], [ 8.882718, 42.272987500000056 ], [ 8.882789398309626, 42.274355273895083 ], [ 8.882829500000128, 42.275123500000063 ], [ 8.8832327300168, 42.275749398413154 ], [ 8.884491000000139, 42.277702500000089 ], [ 8.884548, 42.279823500000077 ], [ 8.88624300000015, 42.281502 ], [ 8.885958500000243, 42.284321 ], [ 8.882757, 42.285599000000104 ], [ 8.878915, 42.288730500000042 ], [ 8.87843050000015, 42.289348500000017 ], [ 8.878107, 42.29002400000013 ], [ 8.877663471208564, 42.29267438927991 ], [ 8.877634000000114, 42.292850500000043 ], [ 8.877176500000132, 42.293468500000017 ], [ 8.876435500000071, 42.293911000000207 ], [ 8.870316500000058, 42.296005 ], [ 8.863646500000129, 42.296734000000185 ], [ 8.859525500000188, 42.299549 ], [ 8.859059500000171, 42.300174500000139 ], [ 8.858701500000052, 42.301544 ], [ 8.858921, 42.302967 ], [ 8.859908, 42.304153499999984 ], [ 8.859531500000173, 42.30551150000008 ], [ 8.860907972599364, 42.307202713404649 ], [ 8.861025, 42.307346500000051 ], [ 8.861294500000213, 42.308025500000099 ], [ 8.86131400000022, 42.308746500000098 ], [ 8.861046, 42.313747499999977 ], [ 8.859213, 42.315239 ], [ 8.85924650000004, 42.315792000000215 ], [ 8.862371499057929, 42.320785501679723 ], [ 8.861698, 42.323578000000111 ], [ 8.860563500000126, 42.325451 ], [ 8.861632500000098, 42.328163 ], [ 8.861525500000141, 42.329578500000139 ], [ 8.857169, 42.330982 ], [ 8.859222499999987, 42.332466000000124 ], [ 8.85969450000016, 42.33379 ], [ 8.862428891802381, 42.333469456572175 ], [ 8.86249250000003, 42.333462000000111 ], [ 8.865567000000226, 42.33495350000004 ], [ 8.866623, 42.336887500000046 ], [ 8.866624, 42.33829900000012 ], [ 8.867901, 42.340118500000017 ], [ 8.870582500000069, 42.339664500000083 ], [ 8.871478, 42.339855 ], [ 8.874069, 42.340584000000149 ], [ 8.878056500000127, 42.342529500000182 ], [ 8.878615499999967, 42.343071 ], [ 8.878987500000051, 42.344459500000198 ], [ 8.880059, 42.345604 ], [ 8.880158500000107, 42.346935500000086 ], [ 8.881745499999965, 42.348701500000175 ], [ 8.882378500000129, 42.349231499999973 ], [ 8.885690500000067, 42.350361 ], [ 8.887007499999982, 42.35136800000015 ], [ 8.888832, 42.351478500000098 ], [ 8.895713000000114, 42.357231 ], [ 8.897907500000144, 42.358520500000111 ], [ 8.898889500000053, 42.363380500000062 ], [ 8.900397500000111, 42.364246500000093 ], [ 8.900597477556801, 42.365302970580785 ], [ 8.900784499999986, 42.36629100000016 ], [ 8.902437897417201, 42.367374514760229 ], [ 8.904370500000027, 42.368641 ], [ 8.904790000000105, 42.37002200000012 ], [ 8.907659500000022, 42.371914000000174 ], [ 8.909246087631288, 42.372541702896797 ], [ 8.911825, 42.373562000000106 ], [ 8.913788999857957, 42.375110500501819 ], [ 8.913204000000121, 42.377174500000024 ], [ 8.905041500000152, 42.3790130000001 ], [ 8.900565000000142, 42.383556500000168 ], [ 8.901723, 42.386204 ], [ 8.900741500000152, 42.392528499999969 ], [ 8.903843000000109, 42.395141500000022 ], [ 8.904677500000048, 42.399345500000038 ], [ 8.907804500000168, 42.400932500000067 ], [ 8.908756499839285, 42.402176000204747 ], [ 8.909886500000084, 42.404873 ], [ 8.909859113763162, 42.405765759476253 ], [ 8.909800500000074, 42.40767650000015 ], [ 8.910730347645199, 42.408602220491844 ], [ 8.910927, 42.408798 ], [ 8.911220500122226, 42.410198000603259 ], [ 8.911363500000107, 42.410904 ], [ 8.912633605436895, 42.411390693355827 ], [ 8.913065000000188, 42.411556000000132 ], [ 8.916092993572136, 42.414310494152744 ], [ 8.916263499999957, 42.415718 ], [ 8.915625500000147, 42.417034 ], [ 8.916347500000029, 42.419113 ], [ 8.916240500000015, 42.421215000000132 ], [ 8.920824, 42.42736050000002 ], [ 8.920818500000109, 42.429497 ], [ 8.920538000000136, 42.430179500000236 ], [ 8.920092500000067, 42.430813 ], [ 8.919458622320462, 42.43117854000684 ], [ 8.917096000000129, 42.432541 ], [ 8.916527500000143, 42.433891500000072 ], [ 8.916323500000146, 42.435318000000109 ], [ 8.916919500000063, 42.443058 ], [ 8.913145000364239, 42.446121001961899 ], [ 8.913667499999974, 42.448936500000173 ], [ 8.915726597039509, 42.451982397522102 ], [ 8.917533, 42.454654500000061 ], [ 8.919042500000046, 42.459511 ], [ 8.9269855, 42.45717250000007 ], [ 8.927885000000174, 42.457393500000023 ], [ 8.930958, 42.455784000000108 ], [ 8.933816, 42.455917500000112 ], [ 8.937190411743188, 42.455548613978465 ], [ 8.938527000000192, 42.4554025 ], [ 8.939169628246987, 42.455473862847896 ], [ 8.951818500000172, 42.456878500000073 ], [ 8.956552499999987, 42.456234 ], [ 8.96023434783001, 42.454678289649451 ], [ 8.96070600000013, 42.454479000000106 ], [ 8.963485500000047, 42.454555500000083 ], [ 8.965457000000129, 42.456119499999943 ], [ 8.968584, 42.4597245 ], [ 8.969516000000226, 42.461719500000015 ], [ 8.971435500000041, 42.463276 ], [ 8.97412700000018, 42.464058 ], [ 8.975058500000159, 42.464172500000132 ], [ 8.977915, 42.463848 ], [ 8.981720000000109, 42.464073 ], [ 8.984032500000126, 42.465339500000084 ], [ 8.988372000000197, 42.466789000000119 ], [ 8.990412500000105, 42.471405000000118 ], [ 8.993095500000209, 42.472107000000108 ], [ 8.993932000000143, 42.472465500000112 ], [ 8.997885500000052, 42.47441850000007 ], [ 9.000919792855598, 42.47626048754654 ], [ 9.001612500000078, 42.476681 ], [ 9.002209500445417, 42.477234001013528 ], [ 9.003071000000148, 42.479194500000176 ], [ 9.005596627139369, 42.481139017759233 ], [ 9.008412499999963, 42.483307 ], [ 9.009975919009833, 42.486187900616073 ], [ 9.011190500000112, 42.488426000000118 ], [ 9.012875789491886, 42.489531159479952 ], [ 9.013331500000163, 42.489830000000154 ], [ 9.013599579085508, 42.490365616049587 ], [ 9.01432050000011, 42.491806 ], [ 9.016755001041417, 42.494003500147926 ], [ 9.021400500000084, 42.494663 ], [ 9.030138000000193, 42.497658000000172 ], [ 9.035946, 42.495159000000172 ], [ 9.041665, 42.495594 ], [ 9.044933500000127, 42.497020500000019 ], [ 9.045332, 42.498398000000122 ], [ 9.046134000000166, 42.498783 ], [ 9.049942000000101, 42.498726 ], [ 9.052438500000051, 42.497844500000156 ], [ 9.056281, 42.499946500000135 ], [ 9.061081000000172, 42.504303 ], [ 9.06385900000015, 42.5046885000001 ], [ 9.065639500000032, 42.504184499999951 ], [ 9.068389, 42.504421 ], [ 9.070902000000103, 42.505127 ], [ 9.072025500000166, 42.506157 ], [ 9.07489000000021, 42.506111 ], [ 9.078366500000243, 42.507267000000127 ], [ 9.081697499999962, 42.519897500000127 ], [ 9.077759500000127, 42.528702000000123 ], [ 9.078917500000159, 42.531360500000176 ], [ 9.077205500000105, 42.53303550000004 ], [ 9.076931655813496, 42.53440890739995 ], [ 9.076649500000087, 42.535824 ], [ 9.075841000000196, 42.537117 ], [ 9.074519, 42.538112500000182 ], [ 9.079514500000187, 42.540210500000228 ], [ 9.081849, 42.5440940000002 ], [ 9.081977, 42.546089 ], [ 9.079559500000016, 42.549862000000132 ], [ 9.080297500000142, 42.55405050000013 ], [ 9.081647, 42.555004000000167 ], [ 9.084347, 42.55558 ], [ 9.086669, 42.556782 ], [ 9.091310500000077, 42.55746449999998 ], [ 9.093143500000053, 42.559093500000131 ], [ 9.092043000000103, 42.563171500000067 ], [ 9.093275000000119, 42.564201500000195 ], [ 9.094234500000084, 42.564228 ], [ 9.094484499999965, 42.563766500000042 ], [ 9.096026405086263, 42.565360282785264 ], [ 9.097263500000054, 42.566639 ], [ 9.098835000773818, 42.567134999883706 ], [ 9.102566, 42.566574000000173 ], [ 9.10502050000008, 42.564422500000148 ] ] ] ] } },
{ "type": "Feature", "properties": { "ADM_ID": "FR942B5", "SHAPE_Leng": 0.07192345327000001, "SHAPE_Area": 0.0001843748 }, "geometry": { "type": "MultiPolygon", "coordinates": [ [ [ [ 9.379107211831865, 42.749616271992863 ], [ 9.38159950000005, 42.748459000000139 ], [ 9.383842453773013, 42.74869773700965 ], [ 9.384465, 42.748764000000165 ], [ 9.388122498103314, 42.747867500465077 ], [ 9.389628500000185, 42.746086 ], [ 9.389972591337141, 42.746009578071892 ], [ 9.392307500000186, 42.745491 ], [ 9.391651223950134, 42.744323839662968 ], [ 9.391574, 42.744186500000126 ], [ 9.391997500000116, 42.74282850000003 ], [ 9.393001500000025, 42.741623000000118 ], [ 9.395446000000163, 42.740513 ], [ 9.395455500000025, 42.738361500000053 ], [ 9.395667689191441, 42.737874960663817 ], [ 9.396640000000161, 42.735645500000089 ], [ 9.396518, 42.727756500000112 ], [ 9.402152, 42.72681450000016 ], [ 9.402830000000222, 42.726318500000161 ], [ 9.405676000000142, 42.721027500000105 ], [ 9.40800849853224, 42.718792001406939 ], [ 9.408024, 42.715252 ], [ 9.405230500000073, 42.712406000000101 ], [ 9.40388600000017, 42.708992 ], [ 9.404838500000153, 42.704796000000215 ], [ 9.405488, 42.702720500000055 ], [ 9.402869, 42.699756500000149 ], [ 9.400565000000199, 42.698543500000142 ], [ 9.398523500000067, 42.693210500000134 ], [ 9.398089500000196, 42.6904525 ], [ 9.397291322468504, 42.689410697699429 ], [ 9.396233500000108, 42.68803000000014 ], [ 9.396167000000105, 42.685943500000121 ], [ 9.393177, 42.683273500000041 ], [ 9.392529142135913, 42.681026268890037 ], [ 9.392394, 42.680557500000191 ], [ 9.390508500047076, 42.67829500005638 ], [ 9.390778500000124, 42.675735500000201 ], [ 9.393184500000245, 42.674610000000143 ], [ 9.392754500000024, 42.672588500000018 ], [ 9.39021, 42.670547500000112 ], [ 9.38564300000013, 42.66811 ], [ 9.382029500000101, 42.667392500000176 ], [ 9.379961000000208, 42.665996500000119 ], [ 9.380197501273528, 42.658267997775283 ], [ 9.3828, 42.653721 ], [ 9.38389, 42.65028 ], [ 9.385753500000021, 42.647819500000196 ], [ 9.385298500000033, 42.643593 ], [ 9.389380500000129, 42.640697499999987 ], [ 9.392235000000198, 42.637863 ], [ 9.394515999997793, 42.63474250000337 ], [ 9.398171500000046, 42.629734 ], [ 9.40608600000013, 42.627228 ], [ 9.407218000000171, 42.626121500000067 ], [ 9.405458500000066, 42.624485 ], [ 9.404662000000258, 42.622532 ], [ 9.399938500000076, 42.622089500000072 ], [ 9.398237000132497, 42.620513999916795 ], [ 9.401080000000206, 42.618725 ], [ 9.402665462143091, 42.618496490843938 ], [ 9.403834500000016, 42.618328 ], [ 9.404265215473231, 42.61776767853496 ], [ 9.404770000000156, 42.617111 ], [ 9.406915500000025, 42.615772 ], [ 9.4096325000001, 42.6152955 ], [ 9.410392402687364, 42.614976267272993 ], [ 9.410458500000061, 42.614948500000025 ], [ 9.410466697152174, 42.614942420354623 ], [ 9.413087000000132, 42.612999 ], [ 9.416291161981917, 42.612288922729817 ], [ 9.417631, 42.611992 ], [ 9.421305495869035, 42.610004502234574 ], [ 9.419801500000062, 42.608230500000047 ], [ 9.419226095697013, 42.608028135421762 ], [ 9.418131, 42.60764300000011 ], [ 9.416280500000028, 42.605228500000123 ], [ 9.417039000000102, 42.6025965 ], [ 9.418889999829219, 42.601039999038449 ], [ 9.418528500000036, 42.599006500000144 ], [ 9.416087764176098, 42.597023461430354 ], [ 9.4159555, 42.596916 ], [ 9.414315000000158, 42.594482500000254 ], [ 9.415475, 42.592544500000145 ], [ 9.415058000000158, 42.59066 ], [ 9.413211000000103, 42.589054 ], [ 9.412863500000128, 42.587669500000175 ], [ 9.413909000000103, 42.58654 ], [ 9.414849500000116, 42.586525000000165 ], [ 9.414319, 42.585155500000042 ], [ 9.412970500000256, 42.584133000000122 ], [ 9.403841, 42.58007050000009 ], [ 9.40240608379338, 42.579247414803149 ], [ 9.397789, 42.576599000000101 ], [ 9.395211000000245, 42.57592 ], [ 9.393167500000118, 42.571899500000086 ], [ 9.390392500000189, 42.569950000000119 ], [ 9.387940499999957, 42.568855500000154 ], [ 9.384273204323392, 42.569026786864129 ], [ 9.384183000000121, 42.569031000000109 ], [ 9.382027500000106, 42.567611500000055 ], [ 9.383011000000124, 42.565731 ], [ 9.381937000000107, 42.560089000000232 ], [ 9.376711, 42.557529500000044 ], [ 9.375123, 42.555992 ], [ 9.366743000000213, 42.555374000000199 ], [ 9.350128, 42.550670500000081 ], [ 9.343625, 42.550140500000111 ], [ 9.340874500000041, 42.549537500000099 ], [ 9.337118, 42.550117500000169 ], [ 9.333473, 42.54945 ], [ 9.33109450000012, 42.548259500000086 ], [ 9.326524000000177, 42.547249000000136 ], [ 9.321311000000151, 42.5444490000001 ], [ 9.320348000000195, 42.54452150000003 ], [ 9.319710194197171, 42.545000176151405 ], [ 9.318366, 42.546009 ], [ 9.315666, 42.546821500000135 ], [ 9.313404551257122, 42.547171282728073 ], [ 9.311893500000053, 42.547405 ], [ 9.308371500000135, 42.548599 ], [ 9.306478499999969, 42.548603 ], [ 9.301058999608244, 42.551422000065088 ], [ 9.2972815, 42.552047500000128 ], [ 9.294397500000116, 42.5519065000002 ], [ 9.29371, 42.551536499999941 ], [ 9.291079500000023, 42.551620500000013 ], [ 9.290498, 42.551159000000155 ], [ 9.291009657048733, 42.550006716435973 ], [ 9.291043500000114, 42.54993050000013 ], [ 9.289587999880382, 42.549209500042821 ], [ 9.285290500000144, 42.550743 ], [ 9.282857, 42.550091 ], [ 9.280175, 42.550842500000101 ], [ 9.276359499999955, 42.551170500000069 ], [ 9.268699499999968, 42.551002500000038 ], [ 9.263982000000112, 42.551452500000096 ], [ 9.261965, 42.552753500000108 ], [ 9.260039499717436, 42.555099499933476 ], [ 9.246685000000184, 42.555114500000059 ], [ 9.24481, 42.555397000000198 ], [ 9.242431500000123, 42.556576 ], [ 9.238697, 42.556129500000054 ], [ 9.236046, 42.555301500000098 ], [ 9.235206500000231, 42.554954500000179 ], [ 9.234557, 42.554432 ], [ 9.234515802353599, 42.554331557623357 ], [ 9.234278500000187, 42.553753 ], [ 9.234448500000042, 42.551632 ], [ 9.233870500000194, 42.551071 ], [ 9.228743500000178, 42.549125500000116 ], [ 9.225292000122806, 42.546753000084493 ], [ 9.225576500000159, 42.545376 ], [ 9.225034500000049, 42.54330450000009 ], [ 9.227225499999975, 42.540199500000199 ], [ 9.226578, 42.5389025 ], [ 9.224788500000159, 42.537273500000026 ], [ 9.22419818275614, 42.533411820429649 ], [ 9.223613500000113, 42.529587 ], [ 9.221784500000126, 42.528000000000134 ], [ 9.22140300000018, 42.525898 ], [ 9.219867001155592, 42.524147001317374 ], [ 9.220088, 42.521354500000086 ], [ 9.22213650000009, 42.519024000000172 ], [ 9.221581500000184, 42.517662 ], [ 9.221120000237136, 42.517074501523552 ], [ 9.2176, 42.515976 ], [ 9.21010525592942, 42.516639068119389 ], [ 9.207122, 42.516903 ], [ 9.204336, 42.516411000000119 ], [ 9.202137, 42.515072 ], [ 9.200447815909627, 42.513043334398276 ], [ 9.198131500000045, 42.51026150000007 ], [ 9.196872, 42.509205 ], [ 9.195487720947654, 42.508747256641982 ], [ 9.195118, 42.508625 ], [ 9.192761500000188, 42.506386000000248 ], [ 9.192149000000143, 42.507721 ], [ 9.190625, 42.508590500000196 ], [ 9.186871500000109, 42.509125 ], [ 9.183354500000235, 42.510277000000144 ], [ 9.180627, 42.509681500000056 ], [ 9.179099, 42.507892500000025 ], [ 9.176406000000156, 42.508449500000097 ], [ 9.17463, 42.510124 ], [ 9.174129500000106, 42.5129015 ], [ 9.172250499747122, 42.515376999831972 ], [ 9.168580000000134, 42.515945500000157 ], [ 9.168886, 42.517334000000119 ], [ 9.167478500000072, 42.518223000000148 ], [ 9.167437548196347, 42.518656897905146 ], [ 9.167350000000113, 42.519584500000178 ], [ 9.16571032447979, 42.519833954908279 ], [ 9.165595, 42.519851500000073 ], [ 9.165559009998674, 42.519937071700895 ], [ 9.164534500000059, 42.52237300000013 ], [ 9.16296, 42.522049000000152 ], [ 9.162427363653194, 42.522071205355246 ], [ 9.162048500000083, 42.522087000000113 ], [ 9.161170000000197, 42.522384500000044 ], [ 9.160932806269955, 42.523089706443159 ], [ 9.160723500000017, 42.523712000000103 ], [ 9.160005325554266, 42.523721759871592 ], [ 9.157890500000121, 42.523750500000062 ], [ 9.157255, 42.524242500000128 ], [ 9.157589052485321, 42.525368385673346 ], [ 9.158474, 42.528351 ], [ 9.155776000000117, 42.52834300000012 ], [ 9.154519, 42.529098500000089 ], [ 9.1562765, 42.5306700000001 ], [ 9.156193000000144, 42.531273 ], [ 9.153548, 42.531738500000017 ], [ 9.151258500000097, 42.5306700000001 ], [ 9.149445500000184, 42.530918000000156 ], [ 9.149643, 42.532940000000167 ], [ 9.149515, 42.533638 ], [ 9.148929500000122, 42.534031 ], [ 9.146605500000021, 42.533081 ], [ 9.145158, 42.53615550000012 ], [ 9.144506500000091, 42.536659 ], [ 9.143975710371819, 42.536652615125718 ], [ 9.141680000000179, 42.536625 ], [ 9.141236500000048, 42.537258000000179 ], [ 9.141068500000188, 42.537948500000141 ], [ 9.142676121926115, 42.538417634540224 ], [ 9.142847, 42.538467500000081 ], [ 9.143512, 42.539634499999977 ], [ 9.142662, 42.539928499999974 ], [ 9.14145300891272, 42.540078789825202 ], [ 9.140759500000058, 42.540165 ], [ 9.139894500000025, 42.540104 ], [ 9.138677500000085, 42.539028 ], [ 9.137809000000175, 42.538952 ], [ 9.137638, 42.540092500000071 ], [ 9.136371500000052, 42.5409815000001 ], [ 9.139040989188516, 42.543354643542727 ], [ 9.139177500000073, 42.543476 ], [ 9.13886672239056, 42.543591321764097 ], [ 9.137521500000162, 42.544090500000095 ], [ 9.137554633701313, 42.545373318223994 ], [ 9.137555, 42.545387500000118 ], [ 9.136654144723877, 42.546596305803462 ], [ 9.136654, 42.546596500000135 ], [ 9.135888, 42.546806500000116 ], [ 9.133163500000023, 42.546093 ], [ 9.132308, 42.54623800000013 ], [ 9.132167, 42.548324500000149 ], [ 9.130140499999982, 42.552292000000136 ], [ 9.130490500000178, 42.553661500000089 ], [ 9.133788000000152, 42.558834000000161 ], [ 9.132398500000136, 42.559650500000032 ], [ 9.130837405411796, 42.559821428734836 ], [ 9.127626500000019, 42.560173 ], [ 9.126595500000121, 42.561241000000166 ], [ 9.12345050000016, 42.562713500000143 ], [ 9.120656000445365, 42.563171499868417 ], [ 9.117940000000203, 42.5625265 ], [ 9.115805074814602, 42.56274645491078 ], [ 9.115198000000191, 42.562809 ], [ 9.114803281155162, 42.562658676317653 ], [ 9.112714, 42.56186300000013 ], [ 9.109899500000154, 42.562229 ], [ 9.10502050000008, 42.564422500000148 ], [ 9.102566, 42.566574000000173 ], [ 9.098835000773818, 42.567134999883706 ], [ 9.097263500000054, 42.566639 ], [ 9.096026405086263, 42.565360282785264 ], [ 9.094484499999965, 42.563766500000042 ], [ 9.094234500000084, 42.564228 ], [ 9.093275000000119, 42.564201500000195 ], [ 9.092043000000103, 42.563171500000067 ], [ 9.093143500000053, 42.559093500000131 ], [ 9.091310500000077, 42.55746449999998 ], [ 9.086669, 42.556782 ], [ 9.084347, 42.55558 ], [ 9.081647, 42.555004000000167 ], [ 9.080297500000142, 42.55405050000013 ], [ 9.079559500000016, 42.549862000000132 ], [ 9.081977, 42.546089 ], [ 9.081849, 42.5440940000002 ], [ 9.079514500000187, 42.540210500000228 ], [ 9.074519, 42.538112500000182 ], [ 9.075841000000196, 42.537117 ], [ 9.076649500000087, 42.535824 ], [ 9.076931655813496, 42.53440890739995 ], [ 9.077205500000105, 42.53303550000004 ], [ 9.078917500000159, 42.531360500000176 ], [ 9.077759500000127, 42.528702000000123 ], [ 9.081697499999962, 42.519897500000127 ], [ 9.078366500000243, 42.507267000000127 ], [ 9.07489000000021, 42.506111 ], [ 9.072025500000166, 42.506157 ], [ 9.070902000000103, 42.505127 ], [ 9.068389, 42.504421 ], [ 9.065639500000032, 42.504184499999951 ], [ 9.06385900000015, 42.5046885000001 ], [ 9.061081000000172, 42.504303 ], [ 9.056281, 42.499946500000135 ], [ 9.052438500000051, 42.497844500000156 ], [ 9.049942000000101, 42.498726 ], [ 9.046134000000166, 42.498783 ], [ 9.045332, 42.498398000000122 ], [ 9.044933500000127, 42.497020500000019 ], [ 9.041665, 42.495594 ], [ 9.035946, 42.495159000000172 ], [ 9.030138000000193, 42.497658000000172 ], [ 9.021400500000084, 42.494663 ], [ 9.016755001041417, 42.494003500147926 ], [ 9.01432050000011, 42.491806 ], [ 9.013599579085508, 42.490365616049587 ], [ 9.013331500000163, 42.489830000000154 ], [ 9.012875789491886, 42.489531159479952 ], [ 9.011190500000112, 42.488426000000118 ], [ 9.009975919009833, 42.486187900616073 ], [ 9.008412499999963, 42.483307 ], [ 9.005596627139369, 42.481139017759233 ], [ 9.003071000000148, 42.479194500000176 ], [ 9.002209500445417, 42.477234001013528 ], [ 9.001612500000078, 42.476681 ], [ 9.000919792855598, 42.47626048754654 ], [ 8.997885500000052, 42.47441850000007 ], [ 8.993932000000143, 42.472465500000112 ], [ 8.993095500000209, 42.472107000000108 ], [ 8.990412500000105, 42.471405000000118 ], [ 8.988372000000197, 42.466789000000119 ], [ 8.984032500000126, 42.465339500000084 ], [ 8.981720000000109, 42.464073 ], [ 8.977915, 42.463848 ], [ 8.975058500000159, 42.464172500000132 ], [ 8.97412700000018, 42.464058 ], [ 8.971435500000041, 42.463276 ], [ 8.969516000000226, 42.461719500000015 ], [ 8.968584, 42.4597245 ], [ 8.965457000000129, 42.456119499999943 ], [ 8.963485500000047, 42.454555500000083 ], [ 8.96070600000013, 42.454479000000106 ], [ 8.96023434783001, 42.454678289649451 ], [ 8.956552499999987, 42.456234 ], [ 8.951818500000172, 42.456878500000073 ], [ 8.939169628246987, 42.455473862847896 ], [ 8.938527000000192, 42.4554025 ], [ 8.937190411743188, 42.455548613978465 ], [ 8.933816, 42.455917500000112 ], [ 8.930958, 42.455784000000108 ], [ 8.927885000000174, 42.457393500000023 ], [ 8.9269855, 42.45717250000007 ], [ 8.919042500000046, 42.459511 ], [ 8.917533, 42.454654500000061 ], [ 8.915726597039509, 42.451982397522102 ], [ 8.913667499999974, 42.448936500000173 ], [ 8.913145000364239, 42.446121001961899 ], [ 8.916919500000063, 42.443058 ], [ 8.916323500000146, 42.435318000000109 ], [ 8.916527500000143, 42.433891500000072 ], [ 8.917096000000129, 42.432541 ], [ 8.919458622320462, 42.43117854000684 ], [ 8.920092500000067, 42.430813 ], [ 8.920538000000136, 42.430179500000236 ], [ 8.920818500000109, 42.429497 ], [ 8.920824, 42.42736050000002 ], [ 8.916240500000015, 42.421215000000132 ], [ 8.916347500000029, 42.419113 ], [ 8.915625500000147, 42.417034 ], [ 8.916263499999957, 42.415718 ], [ 8.916092993572136, 42.414310494152744 ], [ 8.913065000000188, 42.411556000000132 ], [ 8.912633605436895, 42.411390693355827 ], [ 8.911363500000107, 42.410904 ], [ 8.911220499930721, 42.410198000256514 ], [ 8.910927, 42.408798 ], [ 8.910730347645199, 42.408602220491844 ], [ 8.909800500000074, 42.40767650000015 ], [ 8.909859113763162, 42.405765759476253 ], [ 8.909886500000084, 42.404873 ], [ 8.908756499839285, 42.402176000204747 ], [ 8.907804500000168, 42.400932500000067 ], [ 8.904677500000048, 42.399345500000038 ], [ 8.903843000000109, 42.395141500000022 ], [ 8.900741500000152, 42.392528499999969 ], [ 8.901723, 42.386204 ], [ 8.900565000000142, 42.383556500000168 ], [ 8.905041500000152, 42.3790130000001 ], [ 8.913204000000121, 42.377174500000024 ], [ 8.913788999810492, 42.375110500668939 ], [ 8.911825, 42.373562000000106 ], [ 8.909246087631288, 42.372541702896797 ], [ 8.907659500000022, 42.371914000000174 ], [ 8.904790000000105, 42.37002200000012 ], [ 8.904370500000027, 42.368641 ], [ 8.902437897417201, 42.367374514760229 ], [ 8.900784499999986, 42.36629100000016 ], [ 8.900597477556801, 42.365302970580785 ], [ 8.900397500000111, 42.364246500000093 ], [ 8.898889500000053, 42.363380500000062 ], [ 8.897907500000144, 42.358520500000111 ], [ 8.895713000000114, 42.357231 ], [ 8.888832, 42.351478500000098 ], [ 8.887007499999982, 42.35136800000015 ], [ 8.885690500000067, 42.350361 ], [ 8.882378500000129, 42.349231499999973 ], [ 8.881745499999965, 42.348701500000175 ], [ 8.880158500000107, 42.346935500000086 ], [ 8.880059, 42.345604 ], [ 8.878987500000051, 42.344459500000198 ], [ 8.878615499999967, 42.343071 ], [ 8.878056500000127, 42.342529500000182 ], [ 8.874069, 42.340584000000149 ], [ 8.871478, 42.339855 ], [ 8.870582500000069, 42.339664500000083 ], [ 8.867901, 42.340118500000017 ], [ 8.866624, 42.33829900000012 ], [ 8.866623, 42.336887500000046 ], [ 8.865567000000226, 42.33495350000004 ], [ 8.86249250000003, 42.333462000000111 ], [ 8.862428891802381, 42.333469456572175 ], [ 8.85969450000016, 42.33379 ], [ 8.859222499999987, 42.332466000000124 ], [ 8.857169, 42.330982 ], [ 8.855647, 42.330143000000135 ], [ 8.854352506095836, 42.330135958534754 ], [ 8.852797500000065, 42.33012750000006 ], [ 8.851001689685347, 42.329129412906582 ], [ 8.84822650000001, 42.327587 ], [ 8.845447500000148, 42.327461000000255 ], [ 8.844684500000085, 42.327144499999974 ], [ 8.844523014670585, 42.326780776820215 ], [ 8.844102, 42.325832500000161 ], [ 8.840989002437709, 42.324180501293597 ], [ 8.837216499999954, 42.3236925 ], [ 8.836340000000121, 42.32341 ], [ 8.832255500000201, 42.321544500000073 ], [ 8.831537, 42.321113500000138 ], [ 8.831361958182242, 42.320396314774086 ], [ 8.831213000000105, 42.319786 ], [ 8.829529000000207, 42.319439 ], [ 8.828055500000119, 42.318531 ], [ 8.826476387016271, 42.318475901245961 ], [ 8.825318500000151, 42.318435500000078 ], [ 8.823668960652753, 42.317372361990465 ], [ 8.8231525, 42.317039500000021 ], [ 8.819707000000221, 42.315815000000157 ], [ 8.819317, 42.318351500000063 ], [ 8.814611500000126, 42.318722 ], [ 8.810247500000173, 42.319973000000118 ], [ 8.806555000000174, 42.320141000000149 ], [ 8.804339500000196, 42.321483500000227 ], [ 8.800999500000103, 42.322693 ], [ 8.796361000000161, 42.323288000000105 ], [ 8.792602500000044, 42.323105 ], [ 8.789197000000172, 42.326370000000225 ], [ 8.783482500000048, 42.326046 ], [ 8.783416604402817, 42.326061810581848 ], [ 8.781669500000135, 42.326481000000172 ], [ 8.780626941085757, 42.325913076001314 ], [ 8.780205499999965, 42.325683500000082 ], [ 8.776481500000045, 42.325073 ], [ 8.77170650000005, 42.3248365 ], [ 8.771172500000091, 42.325409 ], [ 8.76819050000006, 42.327038 ], [ 8.766907713283786, 42.328419965133833 ], [ 8.766030500000056, 42.329365 ], [ 8.762381500000117, 42.331615500000112 ], [ 8.758802500000115, 42.338161500000069 ], [ 8.752196500000139, 42.338955 ], [ 8.747604500000136, 42.33803550000016 ], [ 8.741939500000171, 42.3378945 ], [ 8.737919, 42.339718000000119 ], [ 8.729340503506307, 42.339774999976726 ], [ 8.726739, 42.340645 ], [ 8.72475350000002, 42.342174500000112 ], [ 8.723866500000156, 42.343323000000112 ], [ 8.720005176432608, 42.344257490999212 ], [ 8.719296500000041, 42.344429000000162 ], [ 8.71690950000027, 42.345615500000065 ], [ 8.714065500000117, 42.349087000000111 ], [ 8.7102405, 42.349148 ], [ 8.7061225, 42.347385499999973 ], [ 8.694614500000114, 42.347805000000221 ], [ 8.6880825, 42.348835 ], [ 8.683482000000254, 42.348026500000117 ], [ 8.681526, 42.350475500000016 ], [ 8.682719, 42.351398500000187 ], [ 8.683045499641366, 42.352805998453789 ], [ 8.6828395, 42.354923 ], [ 8.682757392800227, 42.355071724632239 ], [ 8.681403000000159, 42.357525000000123 ], [ 8.682309550866876, 42.358593642938217 ], [ 8.682804, 42.35917650000016 ], [ 8.68218400000012, 42.359581000000105 ], [ 8.674566500000083, 42.360115 ], [ 8.671920000000171, 42.359413 ], [ 8.668068000000119, 42.359333 ], [ 8.664385000296306, 42.358623500057092 ], [ 8.659720500000105, 42.359474 ], [ 8.658392515796436, 42.360300479595253 ], [ 8.657569, 42.360813 ], [ 8.650263025904167, 42.362575493751024 ], [ 8.650263, 42.362575500000048 ], [ 8.647135, 42.364212 ], [ 8.644700000000228, 42.366424500000164 ], [ 8.640624000000116, 42.373504500000138 ], [ 8.636997, 42.373165000000142 ], [ 8.635181500000101, 42.373626500000114 ], [ 8.631479500000069, 42.373092499999984 ], [ 8.62815850000004, 42.371738500000049 ], [ 8.623399500000119, 42.371376 ], [ 8.620597, 42.371856500000035 ], [ 8.618255679667584, 42.374668689618431 ], [ 8.618170500000019, 42.374771000000123 ], [ 8.617241000000206, 42.374721500000135 ], [ 8.614815, 42.373573500000191 ], [ 8.610166495631404, 42.373767998264611 ], [ 8.605086500000141, 42.371750000000134 ], [ 8.604140559346149, 42.370684485632182 ], [ 8.603532000000143, 42.369999 ], [ 8.601943000000119, 42.369198000000154 ], [ 8.601026500000103, 42.369091000000196 ], [ 8.600100500000053, 42.369274 ], [ 8.599824055126305, 42.369393752689405 ], [ 8.597687, 42.370319500000051 ], [ 8.594920000899094, 42.370628499899681 ], [ 8.592134500000157, 42.372581499999967 ], [ 8.591752606579803, 42.373785933095121 ], [ 8.591283, 42.375267000000122 ], [ 8.589938688574648, 42.375594146402364 ], [ 8.588649, 42.375908 ], [ 8.586493500000074, 42.379028500000175 ], [ 8.573408001468408, 42.381405000278335 ], [ 8.576828000000205, 42.383384500000147 ], [ 8.578833500000087, 42.382732500000031 ], [ 8.578604500000154, 42.382297500000107 ], [ 8.579752, 42.382103000000143 ], [ 8.580618000000129, 42.38169100000016 ], [ 8.583665000000167, 42.381664500000113 ], [ 8.584119, 42.381950499999959 ], [ 8.583847000000105, 42.382240500000194 ], [ 8.583995000000129, 42.382591 ], [ 8.5845470000001, 42.382644500000026 ], [ 8.584903500000109, 42.3831330000001 ], [ 8.585747499999968, 42.383083500000112 ], [ 8.58595349999996, 42.383293 ], [ 8.585976500000072, 42.383518 ], [ 8.584820500000035, 42.384174500000142 ], [ 8.584677500000112, 42.384540500000071 ], [ 8.584236000000146, 42.384388 ], [ 8.583641000000114, 42.384506 ], [ 8.584126500000139, 42.385071 ], [ 8.58512600000023, 42.385322500000086 ], [ 8.586017500000139, 42.385147000000131 ], [ 8.586260885132788, 42.384886283270873 ], [ 8.586509, 42.384620500000096 ], [ 8.587107500000059, 42.3845445 ], [ 8.587384, 42.383625000000166 ], [ 8.587561500000163, 42.383568 ], [ 8.588426499999969, 42.383709 ], [ 8.588462104784128, 42.384040198668117 ], [ 8.588474500000189, 42.384155499999963 ], [ 8.5891315, 42.384613000000172 ], [ 8.5892525000001, 42.384601500000144 ], [ 8.58977150000004, 42.383674500000154 ], [ 8.590570500000069, 42.38377 ], [ 8.592207, 42.3830415 ], [ 8.592821122763041, 42.382364719352324 ], [ 8.59302050000008, 42.382145 ], [ 8.593314152015523, 42.382175213293976 ], [ 8.593574500000102, 42.382202 ], [ 8.593756048459738, 42.382005361195411 ], [ 8.593965500000138, 42.381778499999939 ], [ 8.594563502641677, 42.381695000768048 ], [ 8.596006500000044, 42.382114500000057 ], [ 8.596388, 42.382278500000098 ], [ 8.596490723823763, 42.382343436272095 ], [ 8.597691500000053, 42.383102500000064 ], [ 8.599234499999966, 42.383339 ], [ 8.60062100000016, 42.383804500000053 ], [ 8.600875, 42.38401800000014 ], [ 8.600731, 42.384933500000045 ], [ 8.60275, 42.38631050000015 ], [ 8.603307500000028, 42.386413500000117 ], [ 8.604354000000114, 42.385860500000035 ], [ 8.604829000000166, 42.385746000000154 ], [ 8.605377, 42.385757500000182 ], [ 8.606642500000078, 42.386230500000067 ], [ 8.607754194997824, 42.386133160620318 ], [ 8.607904500000075, 42.38612 ], [ 8.608845, 42.386383 ], [ 8.609109, 42.386589 ], [ 8.609265500000049, 42.386905499999955 ], [ 8.609019165585835, 42.387095390291563 ], [ 8.608582500000011, 42.387432 ], [ 8.608598500000085, 42.388160500000083 ], [ 8.608657, 42.388698499999975 ], [ 8.608713603392005, 42.388817842116623 ], [ 8.6088, 42.389 ], [ 8.609106, 42.389030500000104 ], [ 8.609570500000075, 42.389957500000094 ], [ 8.608552, 42.39077750000007 ], [ 8.608309500000018, 42.392006 ], [ 8.608107459915061, 42.392234668409628 ], [ 8.607767, 42.39262 ], [ 8.607862499636667, 42.393615500272915 ], [ 8.606896500000119, 42.394340500000169 ], [ 8.605944500000078, 42.394531499999971 ], [ 8.605089, 42.395157 ], [ 8.603550000000212, 42.394977500000095 ], [ 8.603136, 42.395633500000031 ], [ 8.603492500000073, 42.396244 ], [ 8.603485000000148, 42.396740000000136 ], [ 8.603434500000049, 42.396831500000019 ], [ 8.603021499999954, 42.396946000000128 ], [ 8.603119, 42.39739250000008 ], [ 8.602550500000063, 42.397201500000108 ], [ 8.601961000675203, 42.397358000754309 ], [ 8.602145000000121, 42.397945500000048 ], [ 8.601893500000074, 42.398544500000185 ], [ 8.601983, 42.398807500000089 ], [ 8.602183500000081, 42.398979000000111 ], [ 8.603062500000192, 42.399242500000071 ], [ 8.60219300000017, 42.399746000000164 ], [ 8.602286500000105, 42.400055000000123 ], [ 8.602507500000058, 42.400398500000108 ], [ 8.602903500000139, 42.400703500000134 ], [ 8.604302500000074, 42.400711 ], [ 8.60434650000002, 42.401119 ], [ 8.604821000000186, 42.401001 ], [ 8.605518500000017, 42.401951000000167 ], [ 8.606222000000116, 42.401603500000022 ], [ 8.606598000000133, 42.401714500000139 ], [ 8.607716500000151, 42.401382500000011 ], [ 8.608868500000085, 42.4024925 ], [ 8.611680000000149, 42.403198000000145 ], [ 8.611942500000055, 42.403496 ], [ 8.611896500000114, 42.403633 ], [ 8.6114895, 42.403797000000111 ], [ 8.611518000000103, 42.404064 ], [ 8.610919, 42.404144500000086 ], [ 8.611627500000054, 42.405189500000063 ], [ 8.6107015, 42.405060000000162 ], [ 8.610465000000147, 42.405117 ], [ 8.610442, 42.40547550000008 ], [ 8.609997, 42.405281000000173 ], [ 8.609699000000205, 42.405342 ], [ 8.609424500000046, 42.40572 ], [ 8.608810500000061, 42.405655 ], [ 8.60837, 42.406086 ], [ 8.608528000000149, 42.406440499999974 ], [ 8.608428, 42.406624 ], [ 8.60824950000017, 42.406769000000168 ], [ 8.608008499999983, 42.406788 ], [ 8.607558500000039, 42.406448500000124 ], [ 8.607364500000131, 42.40646 ], [ 8.607379, 42.406593500000213 ], [ 8.607660499999952, 42.406940499999962 ], [ 8.606548500000144, 42.406772500000102 ], [ 8.606555000000128, 42.407402000000161 ], [ 8.606499500000155, 42.407451499999979 ], [ 8.606257500000197, 42.407463 ], [ 8.605837, 42.406952 ], [ 8.605565000000126, 42.40723400000013 ], [ 8.605263, 42.407249500000148 ], [ 8.604991, 42.406990000000178 ], [ 8.604288000000167, 42.407348500000182 ], [ 8.604144000000133, 42.407131000000106 ], [ 8.603898, 42.407097000000135 ], [ 8.60329350000012, 42.407135 ], [ 8.603005500000052, 42.40728 ], [ 8.602341500000023, 42.407993500000089 ], [ 8.601617000000147, 42.408039 ], [ 8.601743500000111, 42.408657 ], [ 8.601103, 42.409012000000132 ], [ 8.601176500000065, 42.409141500000032 ], [ 8.601184587929197, 42.409147138160733 ], [ 8.601833500000112, 42.40959950000007 ], [ 8.60394650000012, 42.410034000000167 ], [ 8.605253, 42.409637500000031 ], [ 8.605290500000137, 42.410087500000145 ], [ 8.606208, 42.410721000000137 ], [ 8.60715950000008, 42.410534 ], [ 8.608580500000016, 42.411308500000075 ], [ 8.608721500000172, 42.411487500000135 ], [ 8.608524500000044, 42.411903500000108 ], [ 8.607550500000059, 42.412582500000156 ], [ 8.607058500000051, 42.412521500000082 ], [ 8.6070775, 42.412700500000142 ], [ 8.607702500000016, 42.41284550000006 ], [ 8.6075945, 42.412987 ], [ 8.60686, 42.41293700000017 ], [ 8.606349000000137, 42.413376 ], [ 8.606765000000109, 42.413845000000151 ], [ 8.605829, 42.413631500000065 ], [ 8.605405, 42.413646500000084 ], [ 8.60518, 42.413795500000163 ], [ 8.605087500000025, 42.414074 ], [ 8.605407, 42.414329500000122 ], [ 8.605335, 42.414783500000169 ], [ 8.606384500000047, 42.414951500000029 ], [ 8.606455, 42.415035 ], [ 8.606413, 42.415218500000094 ], [ 8.60544300000015, 42.415230000000179 ], [ 8.605944500000078, 42.416054000000145 ], [ 8.605481000000111, 42.416263500000071 ], [ 8.606108499999948, 42.41645050000011 ], [ 8.606805, 42.416149 ], [ 8.60738, 42.416385500000047 ], [ 8.608104500000081, 42.416351500000076 ], [ 8.608198, 42.416660500000035 ], [ 8.608639499999924, 42.416813 ], [ 8.608497500000112, 42.417186500000071 ], [ 8.608739, 42.417167500000062 ], [ 8.609323500000073, 42.416954 ], [ 8.610498500000119, 42.415905 ], [ 8.610846500000093, 42.41574850000012 ], [ 8.611593, 42.4157945 ], [ 8.613410000000101, 42.41642 ], [ 8.613631000000112, 42.416771000000153 ], [ 8.614281500000118, 42.416599500000189 ], [ 8.616845000000126, 42.417263000000162 ], [ 8.617851500000086, 42.4169005 ], [ 8.618116500000156, 42.417110500000149 ], [ 8.617779500000154, 42.417354500000101 ], [ 8.617837000000122, 42.417442500000107 ], [ 8.6181575, 42.417598500000054 ], [ 8.618713500000013, 42.417579500000045 ], [ 8.618894500000067, 42.417564500000083 ], [ 8.619329500000163, 42.417091500000197 ], [ 8.620517000000177, 42.417381500000033 ], [ 8.620723000000169, 42.417606499999977 ], [ 8.622007500000052, 42.41947550000009 ], [ 8.621666, 42.419807500000047 ], [ 8.622024500000066, 42.421543 ], [ 8.62268150136839, 42.422008498644345 ], [ 8.622859000000176, 42.421951499999977 ], [ 8.623080500000185, 42.421760499999948 ], [ 8.623212, 42.421169500000076 ], [ 8.623840500000028, 42.420814500000063 ], [ 8.62432, 42.420738 ], [ 8.625236500000085, 42.420784 ], [ 8.62679, 42.420433000000116 ], [ 8.627538500000128, 42.420608500000071 ], [ 8.627551, 42.420162 ], [ 8.628398000000175, 42.420021000000133 ], [ 8.628855499999986, 42.42041 ], [ 8.629520500000126, 42.420280500000104 ], [ 8.629662500000165, 42.420582000000138 ], [ 8.630219500000067, 42.420555 ], [ 8.635355, 42.4189225 ], [ 8.635442, 42.418602000000135 ], [ 8.636803500000042, 42.418384500000059 ], [ 8.637124, 42.41842250000002 ], [ 8.637377500000071, 42.419079 ], [ 8.637894499873369, 42.419368499763323 ], [ 8.637993, 42.41859050000005 ], [ 8.638344000000131, 42.418346500000098 ], [ 8.639395500000091, 42.41851800000012 ], [ 8.639986, 42.41835 ], [ 8.640066000000104, 42.417988 ], [ 8.64080619209102, 42.418091514984781 ], [ 8.64099200000021, 42.4181175 ], [ 8.641186872600542, 42.417924559439939 ], [ 8.642101500000138, 42.417019 ], [ 8.643196000000103, 42.416916 ], [ 8.644487494932434, 42.416477001722683 ], [ 8.644882000000166, 42.41609550000004 ], [ 8.644843000000151, 42.415737 ], [ 8.644388000000163, 42.415451 ], [ 8.644539, 42.415169000000105 ], [ 8.643954500000177, 42.4141580000001 ], [ 8.64497950000009, 42.413521 ], [ 8.645802500000116, 42.413158500000179 ], [ 8.646281000000101, 42.413082 ], [ 8.648108500000149, 42.413116500000115 ], [ 8.651421499999969, 42.413975000000107 ], [ 8.651786552539818, 42.414400333010519 ], [ 8.651909, 42.414543 ], [ 8.651541000000122, 42.415058000000158 ], [ 8.651603500000135, 42.415188 ], [ 8.651920500000074, 42.415306000000101 ], [ 8.652973, 42.415378500000031 ], [ 8.653775, 42.414932500000077 ], [ 8.654597350047311, 42.414983640243577 ], [ 8.654876500000057, 42.415001 ], [ 8.655066500000146, 42.4150810000001 ], [ 8.655363000000136, 42.4155695 ], [ 8.6553775000001, 42.415706500000169 ], [ 8.655081000000109, 42.415764000000138 ], [ 8.655047499999966, 42.416126500000132 ], [ 8.655439500000114, 42.416374 ], [ 8.656000593446436, 42.416544458768669 ], [ 8.656822, 42.416794 ], [ 8.656539988124564, 42.417389536821929 ], [ 8.656119500000045, 42.418277500000102 ], [ 8.656552500000146, 42.419559500000105 ], [ 8.657054, 42.419719500000042 ], [ 8.65787887220813, 42.419487187393884 ], [ 8.658069500000067, 42.419433499999968 ], [ 8.65911, 42.420734500000151 ], [ 8.659593500000085, 42.421386500000096 ], [ 8.661601, 42.4249650000001 ], [ 8.662220000000161, 42.426288500000169 ], [ 8.661724, 42.426773 ], [ 8.661898500000177, 42.427257500000053 ], [ 8.661678500000107, 42.427585500000021 ], [ 8.66252350000002, 42.428085500000179 ], [ 8.662537499999928, 42.428219 ], [ 8.662358500000039, 42.428230500000097 ], [ 8.661798500000089, 42.42811949999998 ], [ 8.660989, 42.428619500000138 ], [ 8.662039000000107, 42.429329 ], [ 8.662163500000077, 42.429905 ], [ 8.662684500000012, 42.430237 ], [ 8.662754, 42.430412500000159 ], [ 8.662595500000123, 42.430645 ], [ 8.662369500000068, 42.43079750000004 ], [ 8.660518500000023, 42.431209500000193 ], [ 8.66054349999996, 42.431442500000117 ], [ 8.661014500000022, 42.431865500000129 ], [ 8.662642500000118, 42.432861500000115 ], [ 8.66313550000001, 42.432918500000028 ], [ 8.663878500000237, 42.434280500000114 ], [ 8.663717500000075, 42.434471 ], [ 8.663541863601495, 42.434452912782831 ], [ 8.663164000000108, 42.434414000000118 ], [ 8.662828500000046, 42.434112500000026 ], [ 8.66253, 42.434173500000099 ], [ 8.662496500000088, 42.434536 ], [ 8.662265, 42.434639 ], [ 8.661818500000152, 42.434440500000164 ], [ 8.661636499999986, 42.434448 ], [ 8.661545, 42.434726500000068 ], [ 8.661042, 42.434574 ], [ 8.660682500000121, 42.434635000000128 ], [ 8.660340500000075, 42.434833500000195 ], [ 8.658698, 42.436058 ], [ 8.658045, 42.436863 ], [ 8.65814400000022, 42.437217500000088 ], [ 8.657468, 42.437160500000175 ], [ 8.656886, 42.437511500000085 ], [ 8.654265500000122, 42.43689350000011 ], [ 8.654418000000135, 42.437736500000028 ], [ 8.654097500000091, 42.438251500000035 ], [ 8.652667, 42.438507000000186 ], [ 8.652372500000183, 42.43983100000014 ], [ 8.651015500000142, 42.439769500000011 ], [ 8.650435500000128, 42.440029 ], [ 8.650325, 42.440124500000081 ], [ 8.649911, 42.440918 ], [ 8.648224, 42.442276000000106 ], [ 8.648238000000219, 42.442413500000157 ], [ 8.64843, 42.442493500000182 ], [ 8.649285500000019, 42.442528 ], [ 8.650111, 42.442306500000143 ], [ 8.649970000000167, 42.442676500000061 ], [ 8.6503505, 42.442837000000168 ], [ 8.650310500000103, 42.44302 ], [ 8.649855500000115, 42.443313500000158 ], [ 8.649893000000191, 42.44376 ], [ 8.650676500000145, 42.444256000000166 ], [ 8.65152350000011, 42.444214 ], [ 8.652472500000101, 42.444561 ], [ 8.652789000000155, 42.44400400000012 ], [ 8.652970500000094, 42.44400400000012 ], [ 8.653696, 42.444637500000113 ], [ 8.653988, 42.4443895 ], [ 8.655462500000056, 42.444538 ], [ 8.656177500000069, 42.444404500000019 ], [ 8.656912, 42.444999500000051 ], [ 8.657687, 42.444866 ], [ 8.659645, 42.445534 ], [ 8.659825500000068, 42.445522500000152 ], [ 8.659854, 42.444656500000065 ], [ 8.662548, 42.445278 ], [ 8.665028500000176, 42.444507500000043 ], [ 8.665783, 42.444832 ], [ 8.666586, 42.444828 ], [ 8.666778500000191, 42.445045500000106 ], [ 8.6683435, 42.444774500000108 ], [ 8.668846, 42.444931 ], [ 8.668116500000053, 42.4456025 ], [ 8.668482, 42.446174500000097 ], [ 8.667638, 42.446892000000162 ], [ 8.668869000000143, 42.44759 ], [ 8.667893500000048, 42.4482385 ], [ 8.667975500000125, 42.448993500000086 ], [ 8.66876700000023, 42.448993500000086 ], [ 8.668826000000138, 42.449539000000129 ], [ 8.669938000000116, 42.45037450000018 ], [ 8.669080500000064, 42.450878 ], [ 8.669554000000176, 42.451435 ], [ 8.668604, 42.451626000000147 ], [ 8.668913, 42.452240000000131 ], [ 8.668507500000089, 42.452530000000138 ], [ 8.668013500000029, 42.4524725 ], [ 8.668235, 42.45282 ], [ 8.668088, 42.453144000000179 ], [ 8.66767300000015, 42.453254500000071 ], [ 8.667136, 42.45401 ], [ 8.666290500000116, 42.453510500000107 ], [ 8.665848, 42.453357500000038 ], [ 8.665491, 42.453422500000102 ], [ 8.665294929415211, 42.453535846165778 ], [ 8.664633, 42.4539185000001 ], [ 8.664768, 42.454727 ], [ 8.66415400000011, 42.455341500000088 ], [ 8.664613500000087, 42.456764000000192 ], [ 8.664672, 42.456848 ], [ 8.665928, 42.4571 ], [ 8.666438, 42.457432 ], [ 8.66735100000011, 42.45733650000011 ], [ 8.667951500000072, 42.457931500000143 ], [ 8.668444500000192, 42.457996500000036 ], [ 8.668560000000127, 42.458488500000044 ], [ 8.669413069396057, 42.459221568010776 ], [ 8.670291, 42.459976 ], [ 8.670268342003681, 42.460303335735773 ], [ 8.670244, 42.460655 ], [ 8.671069000000102, 42.461647 ], [ 8.671346794813928, 42.46166738672099 ], [ 8.671743499999934, 42.461696500000073 ], [ 8.672666500000105, 42.463001500000075 ], [ 8.674302, 42.463501000000178 ], [ 8.674787500000093, 42.464596 ], [ 8.67447, 42.465156500000035 ], [ 8.674938000000111, 42.465542000000141 ], [ 8.675149000000147, 42.466476500000169 ], [ 8.676444, 42.466633 ], [ 8.676961, 42.466240000000141 ], [ 8.678160500000104, 42.466091 ], [ 8.678730000000144, 42.466278000000102 ], [ 8.679447000000152, 42.467281500000183 ], [ 8.67982950000021, 42.468113 ], [ 8.679664500000058, 42.47005850000005 ], [ 8.678754000000197, 42.47196200000019 ], [ 8.678169500000138, 42.472854500000153 ], [ 8.677246000000139, 42.473987500000078 ], [ 8.675542000000178, 42.475754 ], [ 8.674792500000137, 42.476242000000127 ], [ 8.673195000000135, 42.476104500000076 ], [ 8.673135814778448, 42.47611689377004 ], [ 8.672302000000172, 42.476291500000116 ], [ 8.671180500000105, 42.476036000000136 ], [ 8.671092672427108, 42.475962603845744 ], [ 8.670578000000148, 42.475532500000213 ], [ 8.669508, 42.475223500000197 ], [ 8.6677643306964, 42.475711260813625 ], [ 8.6674900000001, 42.475788 ], [ 8.667008660784859, 42.475654195649668 ], [ 8.665734499999985, 42.475300000000175 ], [ 8.663693500000022, 42.475006 ], [ 8.663199500000019, 42.474945000000105 ], [ 8.661683, 42.474983 ], [ 8.660497183303733, 42.475162474959575 ], [ 8.660295500000075, 42.475193000000161 ], [ 8.660005500000068, 42.475342 ], [ 8.659969500000102, 42.476112500000056 ], [ 8.658384500000068, 42.475517500000024 ], [ 8.65705000000014, 42.475689000000159 ], [ 8.655514500000095, 42.475544 ], [ 8.653268, 42.47503300000011 ], [ 8.653169500000047, 42.474678 ], [ 8.652903834233484, 42.474589055661738 ], [ 8.6526005, 42.474487500000066 ], [ 8.652524, 42.4742205 ], [ 8.651175500000079, 42.473572 ], [ 8.650716, 42.473827500000198 ], [ 8.650222, 42.473755 ], [ 8.649235, 42.474312000000111 ], [ 8.6496565, 42.476051500000153 ], [ 8.649442500000021, 42.477009 ], [ 8.650182, 42.478866500000038 ], [ 8.650713947334623, 42.478801853622713 ], [ 8.650902, 42.478779 ], [ 8.651085546475258, 42.479929970701733 ], [ 8.651107, 42.480064500000026 ], [ 8.651160000000232, 42.480156000000136 ], [ 8.652162500000202, 42.480964500000027 ], [ 8.652661500000079, 42.480526000000168 ], [ 8.653134499999965, 42.480957 ], [ 8.653981, 42.480907500000114 ], [ 8.653743500000076, 42.481640000000141 ], [ 8.654143500000146, 42.481945 ], [ 8.653797, 42.482136000000196 ], [ 8.653741, 42.482723 ], [ 8.654333999173218, 42.48382199846742 ], [ 8.654469500000118, 42.483951500000103 ], [ 8.654493048321626, 42.483957521488833 ], [ 8.655783499999927, 42.4842875 ], [ 8.655703500000072, 42.484649500000103 ], [ 8.656163000000106, 42.48507300000017 ], [ 8.656625499999961, 42.484741 ], [ 8.656741000000125, 42.485367 ], [ 8.657254000000137, 42.48560700000013 ], [ 8.657220577717226, 42.486281602397014 ], [ 8.657216000000176, 42.486374 ], [ 8.657546000000139, 42.486721000000102 ], [ 8.658667500000206, 42.487514500000202 ], [ 8.658978499999989, 42.4875830000002 ], [ 8.659280004295113, 42.487223387604672 ], [ 8.659528500000192, 42.486927 ], [ 8.65995200000026, 42.486904000000152 ], [ 8.659645, 42.487552500000163 ], [ 8.6601, 42.488376500000129 ], [ 8.66077700000011, 42.488437500000032 ], [ 8.661443, 42.490200000000186 ], [ 8.662381, 42.490425 ], [ 8.662757866900108, 42.490366490084114 ], [ 8.663337500000068, 42.490276500000107 ], [ 8.663530500000206, 42.490364 ], [ 8.663599000000204, 42.490452 ], [ 8.663407462229316, 42.491168102372171 ], [ 8.663245, 42.49177549999996 ], [ 8.663331, 42.491997000000197 ], [ 8.664132, 42.492771000000118 ], [ 8.664263500000118, 42.492851500000029 ], [ 8.664746500000092, 42.492820500000107 ], [ 8.6650545, 42.495197500000131 ], [ 8.665208555369531, 42.495273123778134 ], [ 8.665877500000079, 42.495601500000191 ], [ 8.666056500000138, 42.496132 ], [ 8.66560150000015, 42.496425500000157 ], [ 8.666486000000134, 42.497375500000032 ], [ 8.666508500000077, 42.497600500000033 ], [ 8.665965, 42.497635 ], [ 8.666376000000128, 42.49805850000007 ], [ 8.666386500000101, 42.498146 ], [ 8.666121500000031, 42.498611499999981 ], [ 8.665831825500334, 42.498581488678042 ], [ 8.665566500000068, 42.498554 ], [ 8.665465500000096, 42.498741 ], [ 8.665929776088944, 42.499101417796282 ], [ 8.666330500000072, 42.4994125 ], [ 8.66621677571834, 42.500624833492282 ], [ 8.666121500000031, 42.501640500000178 ], [ 8.666455500000097, 42.501892000000169 ], [ 8.6664285, 42.502208500000108 ], [ 8.666387500000155, 42.502392 ], [ 8.666263500000014, 42.502487 ], [ 8.665128, 42.502678 ], [ 8.664976, 42.502964 ], [ 8.664543, 42.502895500000079 ], [ 8.66437650000006, 42.5030405 ], [ 8.664472500000159, 42.503486500000122 ], [ 8.664176000000168, 42.503551500000185 ], [ 8.664229500000147, 42.504043500000193 ], [ 8.664298000000144, 42.504123500000105 ], [ 8.665155500000196, 42.504715 ], [ 8.666441000000134, 42.504783500000144 ], [ 8.665533000000153, 42.505504500000143 ], [ 8.665914521499531, 42.506011856660791 ], [ 8.665960499999983, 42.506073 ], [ 8.66597, 42.506164500000011 ], [ 8.665837491925174, 42.506191578702158 ], [ 8.665671500000087, 42.506225500000085 ], [ 8.665620000000104, 42.506408500000134 ], [ 8.665666385258533, 42.506590797309457 ], [ 8.665834500000074, 42.507251500000052 ], [ 8.665556, 42.507492 ], [ 8.666036500000075, 42.508678500000201 ], [ 8.664954, 42.508789 ], [ 8.664557500000114, 42.509178000000134 ], [ 8.665228, 42.509182000000123 ], [ 8.665298500000119, 42.509262000000149 ], [ 8.665547500000116, 42.509880000000123 ], [ 8.665567500000179, 42.510059500000068 ], [ 8.665325, 42.51075 ], [ 8.665712500000097, 42.511505000000113 ], [ 8.665349937276062, 42.511585305949211 ], [ 8.665177500000084, 42.511623500000155 ], [ 8.665200000000141, 42.511936 ], [ 8.66557794074248, 42.512277946386121 ], [ 8.665672500000142, 42.512363500000106 ], [ 8.665683000000115, 42.512451 ], [ 8.665642578169127, 42.512474305222497 ], [ 8.665167, 42.512748500000157 ], [ 8.665697, 42.513256 ], [ 8.665495, 42.513633500000196 ], [ 8.666300886910335, 42.514474148739453 ], [ 8.666318000000103, 42.514492 ], [ 8.666670968586175, 42.515598401531292 ], [ 8.666671000000179, 42.515598500000067 ], [ 8.667400500000156, 42.516151500000149 ], [ 8.668327500000089, 42.516273500000125 ], [ 8.668296000000169, 42.5165445 ], [ 8.668552500000089, 42.51676550000019 ], [ 8.668984500000079, 42.516826500000036 ], [ 8.669205500000089, 42.517177499999946 ], [ 8.670048, 42.51709 ], [ 8.671618500000079, 42.518085499999984 ], [ 8.672126000000162, 42.518284 ], [ 8.67393, 42.518631000000141 ], [ 8.674423000000161, 42.518692 ], [ 8.674843, 42.518623500000047 ], [ 8.675016500000027, 42.518528000000174 ], [ 8.675215500000149, 42.518024500000081 ], [ 8.676381, 42.517547500000035 ], [ 8.676623500000119, 42.517532500000016 ], [ 8.678492500000061, 42.517925500000047 ], [ 8.679706500000123, 42.517776500000139 ], [ 8.679713324833074, 42.517841525492884 ], [ 8.67972450000002, 42.517948000000104 ], [ 8.680028000000107, 42.517933000000141 ], [ 8.68120949979766, 42.517601000057027 ], [ 8.681579500000055, 42.517086 ], [ 8.681341, 42.51591500000012 ], [ 8.682208000000173, 42.515381 ], [ 8.682574500000101, 42.51482 ], [ 8.682941500000084, 42.514839000000109 ], [ 8.683760500000176, 42.515106000000173 ], [ 8.68434149999996, 42.515396 ], [ 8.685379000000182, 42.515972 ], [ 8.685567000000106, 42.516594000000168 ], [ 8.687414, 42.517437000000143 ], [ 8.687584, 42.517875500000173 ], [ 8.688164, 42.5181655 ], [ 8.6917965, 42.51909250000017 ], [ 8.692888500000151, 42.51961150000011 ], [ 8.692986671490473, 42.51985114421035 ], [ 8.693037, 42.519974 ], [ 8.694198024010234, 42.520082584979491 ], [ 8.694218500000034, 42.520084500000166 ], [ 8.694225042993025, 42.520087747220941 ], [ 8.695364000000154, 42.520653 ], [ 8.696924, 42.522777500000018 ], [ 8.6969555, 42.523044500000083 ], [ 8.696563, 42.52347200000014 ], [ 8.695266500000059, 42.523864500000116 ], [ 8.695100000000139, 42.524009500000034 ], [ 8.694662000000164, 42.524578 ], [ 8.694711500000153, 42.525028 ], [ 8.695194000000129, 42.52553550000016 ], [ 8.6978825, 42.5256195 ], [ 8.698807000000102, 42.526287 ], [ 8.699591500000167, 42.526203000000123 ], [ 8.699339, 42.526802 ], [ 8.699529499999983, 42.526882 ], [ 8.700086500000111, 42.5268480000002 ], [ 8.701197499999978, 42.526428000000124 ], [ 8.701770000000124, 42.526081000000147 ], [ 8.702266500000178, 42.525509000000113 ], [ 8.702388, 42.525505000000123 ], [ 8.703575, 42.526340500000174 ], [ 8.704724500000168, 42.526272000000176 ], [ 8.704987500000072, 42.525219000000106 ], [ 8.706078500000103, 42.52462 ], [ 8.706037500000093, 42.524132 ], [ 8.706503000000225, 42.52338050000003 ], [ 8.706724, 42.5231895 ], [ 8.70786650000008, 42.522938000000181 ], [ 8.708659, 42.522945500000105 ], [ 8.709895, 42.523105499999986 ], [ 8.710286, 42.523350000000164 ], [ 8.710747000000197, 42.524318500000163 ], [ 8.71175, 42.524578 ], [ 8.712172500000179, 42.524555 ], [ 8.713114500000131, 42.524147 ], [ 8.713598500000046, 42.524120500000151 ], [ 8.714889500000083, 42.524231 ], [ 8.716087500000071, 42.5246085 ], [ 8.717754614606463, 42.524583302446615 ], [ 8.718337, 42.524574500000028 ], [ 8.719844, 42.524982500000249 ], [ 8.720185500000071, 42.525875 ], [ 8.719577000000186, 42.527755500000012 ], [ 8.717438500000128, 42.528911500000049 ], [ 8.717314499999986, 42.530674 ], [ 8.715879500000142, 42.530349500000057 ], [ 8.714357500000119, 42.531028500000104 ], [ 8.714938000000188, 42.531307000000197 ], [ 8.714988500000118, 42.531891 ], [ 8.716369500000155, 42.532268499999986 ], [ 8.717119, 42.533535 ], [ 8.716001500000061, 42.533458500000052 ], [ 8.714806500000179, 42.533668500000033 ], [ 8.714639500000203, 42.533809500000132 ], [ 8.7152575, 42.534450500000048 ], [ 8.713187000000119, 42.5345650000001 ], [ 8.711640500000044, 42.534332500000062 ], [ 8.71105950000009, 42.534595499999966 ], [ 8.710257500000012, 42.535721 ], [ 8.710678000000144, 42.536327500000141 ], [ 8.711241500000085, 42.536476 ], [ 8.711718500000075, 42.537491000000102 ], [ 8.712188500000082, 42.53800200000012 ], [ 8.712989, 42.538639 ], [ 8.714209500000152, 42.539207500000202 ], [ 8.71585000000016, 42.539161499999921 ], [ 8.716386000000114, 42.538948 ], [ 8.716699500000118, 42.5390205 ], [ 8.716915422880049, 42.539086048017168 ], [ 8.717567500000143, 42.539284000000123 ], [ 8.718112, 42.539798500000074 ], [ 8.718808000000138, 42.5400275 ], [ 8.718988500000137, 42.540569500000117 ], [ 8.718953, 42.540794500000061 ], [ 8.718262500000094, 42.541279 ], [ 8.717479500000138, 42.541370500000085 ], [ 8.717908, 42.541927499999986 ], [ 8.717965, 42.542557 ], [ 8.7173805, 42.5434495 ], [ 8.717290000000105, 42.543724000000168 ], [ 8.7174005, 42.544178 ], [ 8.717605500000104, 42.544388 ], [ 8.71873549999998, 42.544681500000138 ], [ 8.71914100000015, 42.545162000000118 ], [ 8.722124, 42.545036500000037 ], [ 8.722683000000131, 42.5451470000001 ], [ 8.722825000000114, 42.545318500000121 ], [ 8.722873500000048, 42.5457685 ], [ 8.721885500000042, 42.545635000000175 ], [ 8.720783, 42.546245500000055 ], [ 8.720617500000117, 42.546390500000143 ], [ 8.7210295000001, 42.546814 ], [ 8.721105499999965, 42.547077000000115 ], [ 8.72087950000008, 42.547226 ], [ 8.720346500000232, 42.54681 ], [ 8.720032500000173, 42.546741500000053 ], [ 8.719814500000098, 42.546966500000053 ], [ 8.720181500000081, 42.547539000000143 ], [ 8.717849000000172, 42.547493 ], [ 8.718119500000171, 42.548286500000017 ], [ 8.717995500000029, 42.548923500000114 ], [ 8.71689050000009, 42.548847 ], [ 8.716606000000183, 42.549041500000101 ], [ 8.716746500000113, 42.549755000000175 ], [ 8.717502500000137, 42.549991500000033 ], [ 8.71751300000011, 42.550079500000038 ], [ 8.71739, 42.550174500000082 ], [ 8.716779500000143, 42.550167 ], [ 8.716500500781763, 42.550400001192543 ], [ 8.716648000000134, 42.550625 ], [ 8.717327000000182, 42.551262 ], [ 8.717458500000191, 42.551346000000194 ], [ 8.718115851276025, 42.551272606411032 ], [ 8.718179500000019, 42.551265500000113 ], [ 8.718190432752806, 42.551312894960574 ], [ 8.718272000000184, 42.551666500000067 ], [ 8.718647000000146, 42.551639500000135 ], [ 8.718965500000195, 42.551758 ], [ 8.719107500000064, 42.552063000000203 ], [ 8.719300500000031, 42.552143000000228 ], [ 8.71964592024068, 42.552099142193754 ], [ 8.71984, 42.55207450000006 ], [ 8.720299, 42.552364500000067 ], [ 8.720216260058919, 42.552407236978297 ], [ 8.720011500000055, 42.552513 ], [ 8.720171000000107, 42.55286800000016 ], [ 8.720363500000019, 42.552944 ], [ 8.721669, 42.553192000000138 ], [ 8.721654, 42.553596500000083 ], [ 8.721801705268547, 42.553605731579466 ], [ 8.722022000000152, 42.553619500000025 ], [ 8.722162, 42.55379100000016 ], [ 8.722306500000059, 42.554649500000153 ], [ 8.722799500000178, 42.554706500000066 ], [ 8.722899500000096, 42.555065 ], [ 8.72255500000017, 42.555263500000137 ], [ 8.722820500000125, 42.556782 ], [ 8.722491500000103, 42.557113500000071 ], [ 8.722319500000083, 42.557213000000161 ], [ 8.721488, 42.556854000000101 ], [ 8.720880500000192, 42.557426500000076 ], [ 8.720517000000143, 42.557449500000018 ], [ 8.720853, 42.5578425 ], [ 8.719985, 42.557708500000103 ], [ 8.719928500000094, 42.557754500000215 ], [ 8.72023600000017, 42.558319 ], [ 8.719801, 42.558258 ], [ 8.72036, 42.558998 ], [ 8.719538500000169, 42.559849 ], [ 8.718461, 42.559467500000153 ], [ 8.718279, 42.559475 ], [ 8.718699500000014, 42.560077500000034 ], [ 8.718059500000038, 42.559704 ], [ 8.7174475, 42.559788 ], [ 8.717518000000155, 42.560413500000095 ], [ 8.716886500000101, 42.560226500000113 ], [ 8.715689500000053, 42.56042100000019 ], [ 8.7161615, 42.560943500000064 ], [ 8.717822, 42.561077000000125 ], [ 8.717434000000139, 42.561416500000121 ], [ 8.718564999533612, 42.561752499861484 ], [ 8.7183, 42.562088 ], [ 8.718645, 42.56246950000002 ], [ 8.718533500000149, 42.562568500000054 ], [ 8.717579, 42.562847 ], [ 8.717487500000118, 42.563129500000116 ], [ 8.717044000000215, 42.562973000000113 ], [ 8.716928500000051, 42.563022499999988 ], [ 8.716649000000189, 42.56326700000011 ], [ 8.716594500000099, 42.563991500000043 ], [ 8.715855538347341, 42.563850572520948 ], [ 8.715475, 42.563778000000127 ], [ 8.714852500000063, 42.564220500000147 ], [ 8.71503811762517, 42.564483542827475 ], [ 8.715127, 42.564609500000188 ], [ 8.714658500000155, 42.564777500000218 ], [ 8.714727500000038, 42.56607450000007 ], [ 8.715382500000203, 42.567035500000031 ], [ 8.715769, 42.567241500000023 ], [ 8.715727000000129, 42.567512500000021 ], [ 8.716226500000062, 42.567615500000045 ], [ 8.716431500000112, 42.567829000000131 ], [ 8.716925500000173, 42.568439500000011 ], [ 8.7171105, 42.569011500000101 ], [ 8.717799000000127, 42.569294 ], [ 8.717768500000091, 42.569565 ], [ 8.718232, 42.569900500000074 ], [ 8.718406500000128, 42.570385 ], [ 8.7183665, 42.570568 ], [ 8.718012000000158, 42.570770499999981 ], [ 8.717717000000107, 42.570877 ], [ 8.716496500000176, 42.5708505 ], [ 8.714579500000013, 42.570598500000131 ], [ 8.712944, 42.570144500000197 ], [ 8.712435500000083, 42.569950000000119 ], [ 8.711780500000089, 42.569530500000042 ], [ 8.710597, 42.569286500000089 ], [ 8.709793000000104, 42.569191 ], [ 8.709551, 42.569206 ], [ 8.709716000000128, 42.569603000000143 ], [ 8.709125500000141, 42.569771 ], [ 8.709032000000207, 42.570137000000102 ], [ 8.708416, 42.570083500000123 ], [ 8.707082, 42.569481 ], [ 8.706226500000071, 42.569568500000173 ], [ 8.706623000000207, 42.570411500000091 ], [ 8.706957000000102, 42.570659500000033 ], [ 8.70766327367096, 42.570971852802131 ], [ 8.708225500000083, 42.571220500000038 ], [ 8.709104500000194, 42.572025500000052 ], [ 8.710506500000179, 42.572582 ], [ 8.711719500000186, 42.57251750000006 ], [ 8.712136500000042, 42.572986500000013 ], [ 8.711885500000051, 42.573589500000139 ], [ 8.712859, 42.574123500000098 ], [ 8.712499500000035, 42.575405000000103 ], [ 8.712192350185319, 42.575395578226676 ], [ 8.712010500000076, 42.57539 ], [ 8.711361, 42.575016 ], [ 8.711179, 42.575023500000157 ], [ 8.711067, 42.575126500000124 ], [ 8.711521000000118, 42.5753785 ], [ 8.71093100000013, 42.575538500000107 ], [ 8.710501500000134, 42.575515500000165 ], [ 8.709673000000123, 42.575199000000111 ], [ 8.709737, 42.575878 ], [ 8.709326000000203, 42.576030499999945 ], [ 8.709081500000025, 42.576584 ], [ 8.709158000000173, 42.576725 ], [ 8.711030000000164, 42.577114000000108 ], [ 8.711878000000127, 42.577743500000111 ], [ 8.712911500000018, 42.577602500000012 ], [ 8.715104, 42.578239500000109 ], [ 8.715909, 42.578922499999976 ], [ 8.716221832681413, 42.578945441063411 ], [ 8.716584, 42.578972 ], [ 8.716704028386289, 42.579249960473476 ], [ 8.716831, 42.579544 ], [ 8.718438, 42.580402500000218 ], [ 8.718950500000176, 42.581188000000168 ], [ 8.719898867264021, 42.581267586180843 ], [ 8.721226500000057, 42.581379000000197 ], [ 8.721605500000123, 42.581493500000079 ], [ 8.722528500000124, 42.582119000000148 ], [ 8.722862000000191, 42.583046 ], [ 8.723942706839921, 42.583821378405503 ], [ 8.724318500000095, 42.584091 ], [ 8.724641997825415, 42.584262998843826 ], [ 8.725272, 42.58445 ], [ 8.725638034605026, 42.584131549893982 ], [ 8.725772, 42.584015000000136 ], [ 8.726010500000086, 42.5839575 ], [ 8.7265944858475, 42.584005323866506 ], [ 8.726993500000049, 42.584038 ], [ 8.727044000000149, 42.58394600000014 ], [ 8.726946, 42.583595500000058 ], [ 8.726477499999987, 42.583114500000079 ], [ 8.726308000000188, 42.582679500000154 ], [ 8.726469, 42.582485 ], [ 8.725880500000017, 42.582115000000158 ], [ 8.725778500000104, 42.581630500000017 ], [ 8.725147, 42.580887000000132 ], [ 8.724563500000102, 42.580562500000156 ], [ 8.724718000000109, 42.580196500000056 ], [ 8.724636, 42.580017000000112 ], [ 8.724511, 42.579986500000075 ], [ 8.724175216884419, 42.580126008744344 ], [ 8.724162, 42.5801315 ], [ 8.72401600000012, 42.579914000000144 ], [ 8.724, 42.579777000000149 ], [ 8.723993500000176, 42.57914750000009 ], [ 8.724024338936772, 42.57913394686517 ], [ 8.724340500000096, 42.578995000000134 ], [ 8.724337500000047, 42.578857500000083 ], [ 8.724117500000148, 42.578510500000164 ], [ 8.7246285, 42.578167 ], [ 8.724674, 42.578029499999957 ], [ 8.724649500000112, 42.577804500000013 ], [ 8.724048036520173, 42.576917192490043 ], [ 8.723791000000119, 42.576538 ], [ 8.723841500000049, 42.574013 ], [ 8.724085000000287, 42.57345950000007 ], [ 8.72443950000013, 42.573253500000078 ], [ 8.724869, 42.57327650000019 ], [ 8.725116, 42.573303 ], [ 8.725515499999972, 42.573608499999921 ], [ 8.726187000000152, 42.573612 ], [ 8.728021500000068, 42.57423 ], [ 8.72847349999995, 42.574569500000052 ], [ 8.728898, 42.574547000000166 ], [ 8.729081000000122, 42.574444000000142 ], [ 8.729072500000143, 42.573818 ], [ 8.727211000000125, 42.572963500000014 ], [ 8.726036, 42.572811 ], [ 8.72590050000008, 42.572681500000158 ], [ 8.725637500000119, 42.57183450000008 ], [ 8.726506, 42.57143 ], [ 8.72651500000012, 42.570297 ], [ 8.726978500000087, 42.569961499999977 ], [ 8.726539500000172, 42.569301500000108 ], [ 8.727009000000123, 42.568462500000123 ], [ 8.726972500000102, 42.5681495 ], [ 8.7265205, 42.567905500000052 ], [ 8.727166000000125, 42.567013 ], [ 8.726808500000061, 42.56654 ], [ 8.727645000000166, 42.566395000000114 ], [ 8.726818, 42.565410500000041 ], [ 8.727084000000104, 42.564396000000102 ], [ 8.726783, 42.563873500000227 ], [ 8.726826500000129, 42.563061000000118 ], [ 8.726699655319749, 42.56297966447994 ], [ 8.726564500000109, 42.562893 ], [ 8.726776229293591, 42.562672747294926 ], [ 8.727111, 42.562324500000102 ], [ 8.727043, 42.56160350000016 ], [ 8.728142500000104, 42.561626500000102 ], [ 8.728671512282972, 42.562059892318416 ], [ 8.729805000000169, 42.562988500000188 ], [ 8.730934, 42.562740500000075 ], [ 8.731220869929928, 42.562774352539861 ], [ 8.731997500000034, 42.562866 ], [ 8.732724971709956, 42.563195878681142 ], [ 8.733587500000169, 42.563587000000155 ], [ 8.735646, 42.564014500000155 ], [ 8.737787, 42.565201000000116 ], [ 8.737698500000135, 42.566162 ], [ 8.738110500000118, 42.566585500000087 ], [ 8.737669000000153, 42.567108000000133 ], [ 8.738111500000173, 42.567802500000028 ], [ 8.739963500000101, 42.568554 ], [ 8.7405045000001, 42.568489 ], [ 8.7407675, 42.568111500000043 ], [ 8.742606, 42.5681 ], [ 8.743050500000095, 42.567711000000145 ], [ 8.743772500000148, 42.56762300000014 ], [ 8.744623, 42.566952 ], [ 8.74498750000015, 42.566929 ], [ 8.74531, 42.567089 ], [ 8.745483500000148, 42.567661500000099 ], [ 8.74599250000017, 42.567867500000091 ], [ 8.747304, 42.5681495 ], [ 8.7476375, 42.568405 ], [ 8.748283500000014, 42.568187500000136 ], [ 8.749331500000039, 42.568306 ], [ 8.750305, 42.56884 ], [ 8.752292500000067, 42.569179500000132 ], [ 8.752217500000086, 42.569587500000125 ], [ 8.753061500000115, 42.569504000000165 ], [ 8.753926500000091, 42.568954499999961 ], [ 8.754108500000029, 42.568947 ], [ 8.7542380000001, 42.569027000000119 ], [ 8.754164500000059, 42.570659500000033 ], [ 8.754826500000092, 42.571251 ], [ 8.754805500000145, 42.571613500000069 ], [ 8.755754499999966, 42.571384500000136 ], [ 8.755732500000136, 42.571071500000016 ], [ 8.755843000000198, 42.570976500000143 ], [ 8.756434500000125, 42.570804500000122 ], [ 8.758128, 42.568809500000043 ], [ 8.758753000000127, 42.568962 ], [ 8.759098, 42.569435000000112 ], [ 8.760052500000143, 42.569793500000117 ], [ 8.762304500000141, 42.569668 ], [ 8.762719000000175, 42.5695495 ], [ 8.762891, 42.569450499999959 ], [ 8.762517000000116, 42.568168500000127 ], [ 8.762038000000132, 42.567146500000149 ], [ 8.761728500000117, 42.566990000000146 ], [ 8.760411500000032, 42.566654 ], [ 8.759010500000102, 42.56677650000006 ], [ 8.758671, 42.566341500000135 ], [ 8.757172500000081, 42.565483000000143 ], [ 8.756816, 42.565006500000152 ], [ 8.756199, 42.563728500000138 ], [ 8.756523000000129, 42.563347 ], [ 8.756507, 42.562538 ], [ 8.7570495, 42.561287000000107 ], [ 8.757708500000035, 42.560528 ], [ 8.758543000000145, 42.55981050000014 ], [ 8.760442000000239, 42.558571 ], [ 8.762529500000085, 42.557506500000102 ], [ 8.766839975147946, 42.556049508400349 ], [ 8.766840003996492, 42.556049499475762 ], [ 8.768642500000169, 42.555813000000114 ], [ 8.770161500000086, 42.555774500000155 ], [ 8.772553500000129, 42.555816500000049 ], [ 8.77671700000019, 42.555996000000164 ], [ 8.77857, 42.55620950000008 ], [ 8.781054500000039, 42.556518500000038 ], [ 8.787805500000161, 42.558170500000131 ], [ 8.788885000000107, 42.558563000000106 ], [ 8.79206750000003, 42.56032950000008 ], [ 8.793496, 42.561237500000061 ], [ 8.794112, 42.56184 ], [ 8.794204500000092, 42.562782500000026 ], [ 8.795612500000061, 42.563923 ], [ 8.796517500000164, 42.565048000000218 ], [ 8.796869500000128, 42.565475500000048 ], [ 8.800095500000054, 42.567188500000043 ], [ 8.800174500000026, 42.567997 ], [ 8.800527500000101, 42.56788250000011 ], [ 8.800625000000196, 42.567562 ], [ 8.801055528434404, 42.567660689701256 ], [ 8.801124500000128, 42.567676500000118 ], [ 8.80189050000007, 42.568077 ], [ 8.802156500000081, 42.568290500000103 ], [ 8.802156985419401, 42.568294834101721 ], [ 8.802212500000053, 42.568790500000091 ], [ 8.802827, 42.569385500000124 ], [ 8.803473499999939, 42.569164500000113 ], [ 8.803720500000168, 42.56919500000015 ], [ 8.804063, 42.569542 ], [ 8.804032368742014, 42.569738606797955 ], [ 8.803949500000101, 42.570270500000163 ], [ 8.804322000000184, 42.570339 ], [ 8.804478635014675, 42.57051647693072 ], [ 8.804810500000087, 42.570892500000127 ], [ 8.8050838223661, 42.571571356481343 ], [ 8.805133000000126, 42.571693500000094 ], [ 8.8050080000001, 42.572872000000132 ], [ 8.805882499266147, 42.57296350017765 ], [ 8.805012500000089, 42.573456000000135 ], [ 8.805253000000107, 42.574623 ], [ 8.804911500000117, 42.575500499999976 ], [ 8.805128, 42.576343500000121 ], [ 8.804719, 42.5765 ], [ 8.804006500000014, 42.57613 ], [ 8.804197500000157, 42.578068000000144 ], [ 8.80351550000006, 42.5785065 ], [ 8.803197, 42.578388 ], [ 8.802706500000113, 42.5789145 ], [ 8.80328750000001, 42.5792925 ], [ 8.803240000000187, 42.579429500000174 ], [ 8.802044, 42.580169500000125 ], [ 8.802343500000063, 42.581321500000058 ], [ 8.802179500000193, 42.581608000000131 ], [ 8.801866500000074, 42.582073 ], [ 8.801755, 42.582168500000137 ], [ 8.801497500000096, 42.58205050000015 ], [ 8.800564000000122, 42.582424000000117 ], [ 8.799011, 42.582283000000189 ], [ 8.798152, 42.582775 ], [ 8.797934500000167, 42.583019500000205 ], [ 8.797945000000141, 42.583103 ], [ 8.798833, 42.583420000000103 ], [ 8.800055500000155, 42.583442500000046 ], [ 8.80127049999993, 42.5839575 ], [ 8.801314500000046, 42.584999 ], [ 8.801389500000028, 42.585129000000109 ], [ 8.801869500000123, 42.5850565 ], [ 8.802021, 42.584774 ], [ 8.803060500000072, 42.585354000000109 ], [ 8.803221459878557, 42.585375117062881 ], [ 8.804977500000064, 42.585605500000099 ], [ 8.805601000000138, 42.58638 ], [ 8.805546, 42.586426 ], [ 8.803167500000029, 42.586967500000014 ], [ 8.802880367166267, 42.586966041485823 ], [ 8.801691000000119, 42.58696 ], [ 8.802046000000132, 42.587394500000016 ], [ 8.801984000000175, 42.58794 ], [ 8.80242150000015, 42.588047 ], [ 8.80257249966769, 42.588401999218604 ], [ 8.803817, 42.588646000000153 ], [ 8.8039895, 42.5890885 ], [ 8.804947000000197, 42.588817499999948 ], [ 8.807228000000123, 42.589042500000119 ], [ 8.808331500000122, 42.589756000000193 ], [ 8.809296500000187, 42.589557500000069 ], [ 8.811080000000118, 42.589687500000196 ], [ 8.810811000000115, 42.590015500000163 ], [ 8.811094500000081, 42.591671 ], [ 8.810389500000042, 42.59311300000013 ], [ 8.809944000000144, 42.593494500000077 ], [ 8.810951000000102, 42.594429000000105 ], [ 8.81097700000015, 42.594654 ], [ 8.810386500000163, 42.59482550000007 ], [ 8.810864500000093, 42.595291000000202 ], [ 8.810282, 42.595642000000112 ], [ 8.809637000000123, 42.59708 ], [ 8.810358, 42.598171 ], [ 8.810302, 42.598221000000137 ], [ 8.809689500000047, 42.598202000000185 ], [ 8.809360500000139, 42.597996000000194 ], [ 8.80875, 42.597988000000214 ], [ 8.808155, 42.598106500000085 ], [ 8.80799850000011, 42.598339000000124 ], [ 8.808143500000028, 42.598556500000029 ], [ 8.808837, 42.598751000000107 ], [ 8.808931500000199, 42.599060000000122 ], [ 8.808223500000054, 42.599373 ], [ 8.807338000000129, 42.59964350000007 ], [ 8.8060865, 42.599361499999986 ], [ 8.805933, 42.600269500000024 ], [ 8.805629000000124, 42.600277 ], [ 8.805593500000214, 42.599968000000104 ], [ 8.805220500000075, 42.599899500000106 ], [ 8.805188, 42.599495 ], [ 8.805056500000205, 42.599411 ], [ 8.804552, 42.599262000000124 ], [ 8.804141000000129, 42.599415 ], [ 8.80390749999998, 42.599609500000099 ], [ 8.803979, 42.599693500000114 ], [ 8.804474000000141, 42.599762000000112 ], [ 8.803970500000219, 42.60083 ], [ 8.803060500000072, 42.600876 ], [ 8.802668499999982, 42.600631500000134 ], [ 8.8022995, 42.601146500000084 ], [ 8.801412788096115, 42.600709512697222 ], [ 8.801394500000072, 42.60070050000013 ], [ 8.801218, 42.600757500000043 ], [ 8.801047499999981, 42.600857000000133 ], [ 8.801085500000113, 42.601215500000137 ], [ 8.801176000000112, 42.601570000000152 ], [ 8.801315499991574, 42.601741999815602 ], [ 8.802628500000026, 42.6025735 ], [ 8.803422, 42.6025735 ], [ 8.804122000000177, 42.602848 ], [ 8.804610492772269, 42.602712900459721 ], [ 8.805129000000136, 42.602569500000072 ], [ 8.805121553138747, 42.602863489134222 ], [ 8.805117500000108, 42.60302350000012 ], [ 8.805783500000132, 42.603523500000108 ], [ 8.805881500000055, 42.603969500000062 ], [ 8.807969725963972, 42.603702729660029 ], [ 8.808359, 42.603653 ], [ 8.809317499999963, 42.604046 ], [ 8.80933778296037, 42.604105840335876 ], [ 8.809408, 42.604313 ], [ 8.811089500000207, 42.604622 ], [ 8.813912500000015, 42.604107 ], [ 8.815345, 42.60438900000014 ], [ 8.816049500000076, 42.604797500000018 ], [ 8.817033, 42.604744 ], [ 8.817263500000024, 42.604641 ], [ 8.817836000000113, 42.604290000000105 ], [ 8.817971000000114, 42.603878000000122 ], [ 8.819025, 42.603374500000029 ], [ 8.8193655, 42.604343500000084 ], [ 8.821369, 42.60535450000009 ], [ 8.82159600000017, 42.605747 ], [ 8.82235789648314, 42.605920872714705 ], [ 8.823535, 42.606189500000085 ], [ 8.824001509689936, 42.606110326853297 ], [ 8.824793, 42.605976000000169 ], [ 8.826115500218009, 42.60635399989701 ], [ 8.827677000000108, 42.606132500000172 ], [ 8.828264000000161, 42.605285500000093 ], [ 8.827370500000143, 42.604934499999956 ], [ 8.827331500000071, 42.604568500000084 ], [ 8.82755, 42.604236500000127 ], [ 8.828737500000102, 42.6039545000001 ], [ 8.828727, 42.60386300000016 ], [ 8.827881210073656, 42.603567822567413 ], [ 8.827556500000071, 42.603454500000112 ], [ 8.8274775000001, 42.602936 ], [ 8.828128000000106, 42.60276400000015 ], [ 8.828903, 42.601955500000031 ], [ 8.829787500000066, 42.601677000000109 ], [ 8.830924, 42.601486000000136 ], [ 8.831348500000104, 42.6014555000001 ], [ 8.833153, 42.601669500000185 ], [ 8.833236571620375, 42.601787501307967 ], [ 8.833428500000082, 42.602058500000055 ], [ 8.83383450000008, 42.601764500000058 ], [ 8.834320000000105, 42.601745500000106 ], [ 8.834590000000105, 42.602627 ], [ 8.835068500000034, 42.602550500000063 ], [ 8.836416, 42.603153 ], [ 8.836383000000126, 42.603382000000124 ], [ 8.837115500000152, 42.603931500000101 ], [ 8.837077, 42.604248 ], [ 8.837793500000089, 42.604656 ], [ 8.838112, 42.604774500000076 ], [ 8.838475000000187, 42.604759 ], [ 8.839224000000172, 42.604263500000059 ], [ 8.841104501880579, 42.604694501906067 ], [ 8.841371500000037, 42.604908 ], [ 8.841334500000016, 42.60522450000002 ], [ 8.840762, 42.606205000000102 ], [ 8.841450500000178, 42.606262 ], [ 8.842281500000183, 42.606708500000025 ], [ 8.842222, 42.607929000000127 ], [ 8.843207500000062, 42.608551 ], [ 8.844354500000122, 42.608444 ], [ 8.845155500000146, 42.609073500000136 ], [ 8.846734000000197, 42.608986 ], [ 8.84749150000016, 42.609218500000225 ], [ 8.848291500000073, 42.609840500000018 ], [ 8.849471000000165, 42.610008 ], [ 8.84977350000014, 42.610527000000161 ], [ 8.850455500000066, 42.610630000000128 ], [ 8.850215, 42.611324500000023 ], [ 8.850311500000032, 42.611629500000049 ], [ 8.850578499999926, 42.611839500000031 ], [ 8.850881499999957, 42.611824 ], [ 8.85168950000002, 42.611408 ], [ 8.851791500000104, 42.612312500000087 ], [ 8.852094500000135, 42.612297 ], [ 8.8523265, 42.61219 ], [ 8.853114000000119, 42.611603 ], [ 8.853040500000077, 42.61084000000011 ], [ 8.853490000000136, 42.610500500000057 ], [ 8.85394, 42.610695 ], [ 8.8541775, 42.610645499999976 ], [ 8.854162000000144, 42.610512000000142 ], [ 8.853138000000172, 42.609977499999957 ], [ 8.853079, 42.6094435 ], [ 8.853268219565962, 42.608981625469198 ], [ 8.85326950000001, 42.608978500000092 ], [ 8.853555500000084, 42.608692 ], [ 8.853842000000157, 42.6085395 ], [ 8.854140500000142, 42.608474500000113 ], [ 8.856428, 42.608749500000158 ], [ 8.856602212769928, 42.608844914994108 ], [ 8.857403, 42.609283500000117 ], [ 8.857321, 42.6097375 ], [ 8.85775550000011, 42.609714500000052 ], [ 8.85806950000017, 42.609241500000167 ], [ 8.858979, 42.609195500000112 ], [ 8.860167500000045, 42.608806500000071 ], [ 8.860628000000133, 42.609108000000163 ], [ 8.860684500000161, 42.609730000000127 ], [ 8.86148350000019, 42.609771499999965 ], [ 8.861721, 42.609722000000147 ], [ 8.86270450000012, 42.609123 ], [ 8.863016000000187, 42.609192 ], [ 8.864085347162074, 42.60853806888025 ], [ 8.864968500000089, 42.607998 ], [ 8.867391500000167, 42.608402500000068 ], [ 8.869751000000178, 42.609306500000059 ], [ 8.872548000000165, 42.610958 ], [ 8.875042, 42.6131630000001 ], [ 8.875604127792201, 42.614632446866324 ], [ 8.8756315, 42.614704 ], [ 8.875235500000088, 42.615093000000115 ], [ 8.874405000000138, 42.615864000000101 ], [ 8.874094000000184, 42.618179500000224 ], [ 8.876613500000076, 42.619529500000169 ], [ 8.8773405, 42.61948400000017 ], [ 8.880058500000018, 42.620327 ], [ 8.8806705, 42.62088400000016 ], [ 8.880517000000111, 42.621792000000141 ], [ 8.879249500000071, 42.621906500000023 ], [ 8.878558000000226, 42.621723 ], [ 8.878223500000047, 42.622009500000047 ], [ 8.878338, 42.622593000000165 ], [ 8.87807250000003, 42.622928500000057 ], [ 8.879384, 42.623749 ], [ 8.881255, 42.624099500000113 ], [ 8.881303, 42.624637500000063 ], [ 8.882096500000046, 42.624634000000128 ], [ 8.883319000000142, 42.625198500000124 ], [ 8.883135, 42.626381 ], [ 8.882055500000035, 42.626541 ], [ 8.879516500000136, 42.626224500000092 ], [ 8.878789, 42.627441500000089 ], [ 8.879164500000115, 42.628727 ], [ 8.879013000238217, 42.629096999418664 ], [ 8.880442500000186, 42.629333500000087 ], [ 8.880517256764847, 42.629320605609507 ], [ 8.881173, 42.6292075 ], [ 8.882556, 42.629574000000105 ], [ 8.88316350000008, 42.628372000000127 ], [ 8.884355500000083, 42.628116500000147 ], [ 8.884537500000079, 42.628105 ], [ 8.884937500000092, 42.6284025 ], [ 8.886119, 42.628605000000221 ], [ 8.886448, 42.628807 ], [ 8.886951500000123, 42.629596500000048 ], [ 8.887901500000055, 42.629902 ], [ 8.887958500000138, 42.6304015 ], [ 8.888892000000112, 42.630565500000102 ], [ 8.889265, 42.630096499999979 ], [ 8.889151500000082, 42.629516500000136 ], [ 8.889929000000109, 42.628837500000088 ], [ 8.889910499999985, 42.628025 ], [ 8.890006, 42.627796000000103 ], [ 8.890293, 42.62764350000009 ], [ 8.890836500000034, 42.627483500000153 ], [ 8.891140000000121, 42.627464500000031 ], [ 8.891961, 42.627819 ], [ 8.8921795, 42.628120500000136 ], [ 8.892660000000149, 42.629135 ], [ 8.892753500000026, 42.630077500000198 ], [ 8.892894500000011, 42.630253000000152 ], [ 8.893081500000164, 42.630279500000029 ], [ 8.893255000000124, 42.630192 ], [ 8.893291198124302, 42.630056074010156 ], [ 8.893477500000074, 42.629356500000085 ], [ 8.89445, 42.628135500000099 ], [ 8.894723000000113, 42.627846000000147 ], [ 8.895716500000049, 42.627472000000125 ], [ 8.896142000000111, 42.627453000000116 ], [ 8.896241523420201, 42.627479879907128 ], [ 8.89834500000012, 42.628048000000149 ], [ 8.899616000000151, 42.627842 ], [ 8.900202, 42.628166000000135 ], [ 8.900746500000025, 42.628132000000164 ], [ 8.901522018094795, 42.627559133145439 ], [ 8.901929000000166, 42.627258500000039 ], [ 8.903021000000138, 42.627098 ], [ 8.903886000000114, 42.627189499999986 ], [ 8.906377000000134, 42.627632000000176 ], [ 8.907261000000119, 42.627903 ], [ 8.907711, 42.628097499999967 ], [ 8.907722584251985, 42.628114876377992 ], [ 8.907856000000152, 42.628315 ], [ 8.907941, 42.628624 ], [ 8.907678500000202, 42.629001500000186 ], [ 8.908113500000127, 42.629078000000106 ], [ 8.908517, 42.628868000000125 ], [ 8.909859507832152, 42.628881732794582 ], [ 8.9111565, 42.628895 ], [ 8.91146950000001, 42.628967500000044 ], [ 8.913552500000208, 42.630207 ], [ 8.91388250000017, 42.631088500000033 ], [ 8.913843282217556, 42.631138770811162 ], [ 8.913403500000129, 42.631702500000017 ], [ 8.913448500000129, 42.632103 ], [ 8.914309697309704, 42.632633332522914 ], [ 8.915536, 42.633388500000081 ], [ 8.915587500000015, 42.633838500000024 ], [ 8.914837000000261, 42.634323000000109 ], [ 8.9169550000002, 42.63525 ], [ 8.917278499999952, 42.636043500000028 ], [ 8.917476946191528, 42.636255862206781 ], [ 8.918319500000109, 42.637157500000171 ], [ 8.919754000000125, 42.638069 ], [ 8.920049201414201, 42.638139163814571 ], [ 8.921134000000109, 42.638397 ], [ 8.921199000000115, 42.638981 ], [ 8.922470000000146, 42.639404500000126 ], [ 8.923280500000033, 42.639038000000141 ], [ 8.923771, 42.639053499999989 ], [ 8.924403, 42.638706 ], [ 8.924090500000091, 42.637996500000156 ], [ 8.9254, 42.637703 ], [ 8.925495371463512, 42.63773883705386 ], [ 8.926547000000141, 42.63813400000015 ], [ 8.926945500000102, 42.637882 ], [ 8.92835250000013, 42.637802000000192 ], [ 8.929348, 42.637428500000055 ], [ 8.929849499999989, 42.637539000000118 ], [ 8.929827499999988, 42.637901500000112 ], [ 8.930217500000083, 42.638107500000103 ], [ 8.930869, 42.637928000000159 ], [ 8.932343499999945, 42.638023500000031 ], [ 8.932779500000152, 42.638088 ], [ 8.933997000000147, 42.638607 ], [ 8.934261500000048, 42.638775 ], [ 8.934412, 42.640213 ], [ 8.932647500000087, 42.640362 ], [ 8.932111500000133, 42.640476 ], [ 8.930938500000082, 42.640907500000139 ], [ 8.930949, 42.640995 ], [ 8.931142, 42.641075000000114 ], [ 8.931979, 42.640934 ], [ 8.933997000000147, 42.640960500000062 ], [ 8.934436, 42.64106750000002 ], [ 8.934574000000111, 42.641193499999986 ], [ 8.93460000000016, 42.6414185000001 ], [ 8.934336500000029, 42.641796000000113 ], [ 8.935357, 42.641651 ], [ 8.93629750000008, 42.641861000000119 ], [ 8.936478500000135, 42.642483 ], [ 8.93542750000006, 42.642906 ], [ 8.933517500000107, 42.643375500000047 ], [ 8.931237, 42.643734 ], [ 8.93094450000001, 42.643837 ], [ 8.930372, 42.644275500000049 ], [ 8.929902, 42.644981500000029 ], [ 8.93027950000004, 42.645183500000087 ], [ 8.930660000000103, 42.645302 ], [ 8.933683499999972, 42.644947 ], [ 8.93366350000008, 42.644134500000121 ], [ 8.934507499999938, 42.644047000000171 ], [ 8.935311500000012, 42.64466850000008 ], [ 8.935552500000085, 42.644657 ], [ 8.936267, 42.64448550000003 ], [ 8.936670500000048, 42.644283500000029 ], [ 8.936731500000121, 42.643646 ], [ 8.937247500000012, 42.643345 ], [ 8.937031500000046, 42.642410499999926 ], [ 8.93827350000015, 42.642063 ], [ 8.936813500000142, 42.64093 ], [ 8.936193500000172, 42.640835000000152 ], [ 8.935656500000164, 42.640403500000161 ], [ 8.935645, 42.640316 ], [ 8.9364385, 42.64032 ], [ 8.936555, 42.64027 ], [ 8.936529, 42.640045 ], [ 8.936095, 42.639984 ], [ 8.935078500000145, 42.640171000000123 ], [ 8.935055000000148, 42.63931650000012 ], [ 8.93546850000007, 42.638031000000126 ], [ 8.935787000000118, 42.637604 ], [ 8.936478500000135, 42.637249000000111 ], [ 8.937793500000055, 42.637535000000128 ], [ 8.938092, 42.63747 ], [ 8.93844700000011, 42.637268 ], [ 8.93849750000004, 42.637176500000123 ], [ 8.938495500000045, 42.636635000000126 ], [ 8.93884550000007, 42.636478500000123 ], [ 8.938578500000176, 42.636181 ], [ 8.9390335, 42.635879500000101 ], [ 8.93886, 42.635437 ], [ 8.939140653520326, 42.63523619986023 ], [ 8.939942500000029, 42.634662500000161 ], [ 8.9417830000001, 42.634094 ], [ 8.942628, 42.634006500000055 ], [ 8.944042682309259, 42.6343371345626 ], [ 8.944194, 42.634372500000154 ], [ 8.944607925401954, 42.634233465149293 ], [ 8.946147, 42.633716500000048 ], [ 8.948383499421766, 42.633540999298418 ], [ 8.949526, 42.633930000000134 ], [ 8.950855500000046, 42.633812 ], [ 8.951855500000022, 42.634556000000202 ], [ 8.953164000000129, 42.634262 ], [ 8.953726, 42.633732 ], [ 8.954767000000231, 42.633762500000103 ], [ 8.954818500000044, 42.634842 ], [ 8.954975000000218, 42.635151 ], [ 8.955101, 42.635189 ], [ 8.95665850000006, 42.635456 ], [ 8.958486500000163, 42.635444500000176 ], [ 8.959720500000117, 42.634926000000121 ], [ 8.961602, 42.634815 ], [ 8.962526500000081, 42.634262 ], [ 8.963916000000154, 42.634681500000113 ], [ 8.964998000000151, 42.635071 ], [ 8.965392, 42.635410500000035 ], [ 8.965414919624664, 42.635827371433209 ], [ 8.965461, 42.636665500000163 ], [ 8.965664000000174, 42.636833000000138 ], [ 8.966913000000147, 42.637081 ], [ 8.967586236617706, 42.637004110977784 ], [ 8.967648500000053, 42.636997 ], [ 8.967828251162814, 42.637135270125157 ], [ 8.968571500000053, 42.637707000000148 ], [ 8.96914858053151, 42.637850819160633 ], [ 8.970331000000158, 42.6381455 ], [ 8.970372865750107, 42.638514317321039 ], [ 8.970373, 42.638515500000096 ], [ 8.970377013582095, 42.638516565227803 ], [ 8.971192500000029, 42.638733 ], [ 8.972246998733169, 42.639529999042395 ], [ 8.975174, 42.640045000000157 ], [ 8.976024500000165, 42.638729 ], [ 8.976898000000119, 42.638359 ], [ 8.977206, 42.638382 ], [ 8.977399, 42.638462000000118 ], [ 8.977302500000178, 42.639335500000072 ], [ 8.978585, 42.639343500000052 ], [ 8.978878290328623, 42.639532731512418 ], [ 8.978981000000147, 42.639599 ], [ 8.980304499710542, 42.639335500056404 ], [ 8.981855500000165, 42.639019 ], [ 8.98285750000008, 42.639240500000028 ], [ 8.983875500000124, 42.640121500000078 ], [ 8.984754500000179, 42.640346500000078 ], [ 8.984811947975288, 42.640438084993889 ], [ 8.985412500000109, 42.641395500000158 ], [ 8.986559000000113, 42.641277500000172 ], [ 8.986654500000213, 42.641044500000078 ], [ 8.986893076483909, 42.6409471583288 ], [ 8.988589500000046, 42.640255000000138 ], [ 8.988924, 42.640506499999958 ], [ 8.988531, 42.640804500000115 ], [ 8.98857100000015, 42.64115900000013 ], [ 8.989146999850107, 42.641498499800321 ], [ 8.990288500000133, 42.640701500000148 ], [ 8.991846757272128, 42.640756847071771 ], [ 8.992752, 42.640789 ], [ 8.992860999956122, 42.640478223381081 ], [ 8.993074500000091, 42.639869500000032 ], [ 8.994549000000234, 42.639957500000037 ], [ 8.995631981006056, 42.639717004218141 ], [ 8.995632007947563, 42.639717003006524 ], [ 8.997801, 42.64053750000005 ], [ 8.99833602665035, 42.640910004196257 ], [ 8.9985845, 42.641083 ], [ 8.998837818912875, 42.641131392833984 ], [ 8.999521500000071, 42.641262000000154 ], [ 9.000249, 42.641754000000162 ], [ 9.000633, 42.6419105 ], [ 9.000967559772107, 42.642434057859248 ], [ 9.001137500000027, 42.642700000000104 ], [ 9.001307088555507, 42.642755393991195 ], [ 9.00171, 42.642887 ], [ 9.001983500000051, 42.643142500000124 ], [ 9.002015641972321, 42.643425981656208 ], [ 9.002044500000125, 42.643680500000073 ], [ 9.002768500000116, 42.644138500000111 ], [ 9.00362100000018, 42.643585000000144 ], [ 9.003997, 42.643024500000138 ], [ 9.004402305545227, 42.643089010972687 ], [ 9.00505250000009, 42.643192500000168 ], [ 9.006918, 42.642318499999988 ], [ 9.007335500000011, 42.6417045 ], [ 9.007402280323504, 42.641161951402125 ], [ 9.007436, 42.640888 ], [ 9.008712998795772, 42.640320000535723 ], [ 9.010377000000119, 42.640354 ], [ 9.01299750000004, 42.640835000000152 ], [ 9.014949, 42.641353500000093 ], [ 9.017579, 42.642559000000176 ], [ 9.020693000000165, 42.644272000000115 ], [ 9.024390000000153, 42.648483500000054 ], [ 9.025635499999964, 42.649315000000115 ], [ 9.026050500000053, 42.650371499999949 ], [ 9.026312700261713, 42.650672833292674 ], [ 9.027514500000052, 42.652054 ], [ 9.028505498260699, 42.652709998848593 ], [ 9.034079500000189, 42.653930500000115 ], [ 9.034985284138202, 42.654899806662058 ], [ 9.035042, 42.654960500000072 ], [ 9.035481500000174, 42.6550675000002 ], [ 9.037006500000075, 42.654937500000131 ], [ 9.038083000000142, 42.654236000000139 ], [ 9.038572217597618, 42.653614660927701 ], [ 9.038681, 42.653476500000011 ], [ 9.040091491897215, 42.652900503308956 ], [ 9.041380000000117, 42.653595 ], [ 9.04195571734499, 42.653595 ], [ 9.042979, 42.653595 ], [ 9.043822500000033, 42.654125 ], [ 9.045644, 42.654567500000041 ], [ 9.046295970959648, 42.655211930817359 ], [ 9.046941, 42.655849500000102 ], [ 9.051950500000032, 42.657455500000083 ], [ 9.053431500000158, 42.658764 ], [ 9.054286000000161, 42.658756500000095 ], [ 9.056408, 42.659675500000105 ], [ 9.057623364583264, 42.659431871276524 ], [ 9.05772, 42.65941250000003 ], [ 9.059321494612902, 42.660064497806843 ], [ 9.059099000000117, 42.660236500000167 ], [ 9.059571057154415, 42.6608529678183 ], [ 9.060594500000093, 42.662189500000068 ], [ 9.061660000000131, 42.664203500000099 ], [ 9.06183249999998, 42.664642500000014 ], [ 9.061825000000113, 42.665096500000118 ], [ 9.060973000000104, 42.665230000000122 ], [ 9.061319500000025, 42.665573000000109 ], [ 9.061073999054031, 42.665601483535283 ], [ 9.060595500000147, 42.665657000000124 ], [ 9.060616500000094, 42.665836500000069 ], [ 9.06101700000022, 42.666137500000104 ], [ 9.061256808627377, 42.666179066828818 ], [ 9.061392, 42.666202500000111 ], [ 9.06135, 42.666473500000166 ], [ 9.061295499999972, 42.666523 ], [ 9.061260317274446, 42.666517602489648 ], [ 9.060673, 42.666427500000111 ], [ 9.060350500000141, 42.666172 ], [ 9.05991250000011, 42.666195 ], [ 9.0597975, 42.666248500000052 ], [ 9.060068, 42.667 ], [ 9.05907650000006, 42.6668775 ], [ 9.057954000000109, 42.667301 ], [ 9.058358000000112, 42.667637 ], [ 9.0589, 42.667568000000131 ], [ 9.058786114151189, 42.667734333279384 ], [ 9.058482, 42.66817850000001 ], [ 9.057474700250168, 42.668379243010691 ], [ 9.057217500000093, 42.668430500000113 ], [ 9.056858378070217, 42.66868232975645 ], [ 9.056369, 42.669025499999918 ], [ 9.056170748657223, 42.669020483027339 ], [ 9.055756500000143, 42.66901 ], [ 9.055641, 42.669060000000115 ], [ 9.05530750000014, 42.669445000000167 ], [ 9.055394000000206, 42.669662500000072 ], [ 9.055729, 42.669914 ], [ 9.055851000000189, 42.669914 ], [ 9.056344, 42.669433500000139 ], [ 9.056709499999954, 42.669410500000197 ], [ 9.056713, 42.669456500000081 ], [ 9.056262, 42.670292 ], [ 9.057205000000124, 42.670009500000162 ], [ 9.057387500000118, 42.669998000000135 ], [ 9.057822000000158, 42.670070500000065 ], [ 9.057980499999985, 42.670376000000147 ], [ 9.058581500000116, 42.670292 ], [ 9.058376500000065, 42.671249500000101 ], [ 9.059409, 42.671108000000117 ], [ 9.060364500000048, 42.671539500000108 ], [ 9.060279, 42.671859500000096 ], [ 9.059996500000125, 42.672062 ], [ 9.0589, 42.672081000000162 ], [ 9.058305500000017, 42.672336500000142 ], [ 9.057833500000072, 42.6730005 ], [ 9.0561925, 42.67318350000005 ], [ 9.055352, 42.673820500000033 ], [ 9.055306500000029, 42.673958000000198 ], [ 9.05508500000019, 42.674782000000164 ], [ 9.055466500000136, 42.675438 ], [ 9.054675, 42.675579 ], [ 9.054349438224619, 42.675910553710196 ], [ 9.054349000000229, 42.675911000000156 ], [ 9.054349375591869, 42.675910976391492 ], [ 9.0551365, 42.675861499999939 ], [ 9.05521750000014, 42.676037 ], [ 9.054301174052398, 42.676236268195282 ], [ 9.05402650000002, 42.676296 ], [ 9.054184, 42.676601500000061 ], [ 9.054244444622213, 42.676619111125774 ], [ 9.054930500000012, 42.676819000000137 ], [ 9.054648499999985, 42.677021000000138 ], [ 9.054922, 42.677280500000109 ], [ 9.054116735115031, 42.677480968574116 ], [ 9.053972000000101, 42.677517000000137 ], [ 9.053744499999937, 42.677662 ], [ 9.05376050000001, 42.677887 ], [ 9.054062197237727, 42.677849021641975 ], [ 9.055035500000031, 42.677726500000063 ], [ 9.055167, 42.677807000000143 ], [ 9.055177500000013, 42.677898500000083 ], [ 9.054754500000058, 42.677925 ], [ 9.054568500000073, 42.678016500000069 ], [ 9.054528000000118, 42.678200000000174 ], [ 9.055460000000153, 42.6783335 ], [ 9.055330500000082, 42.678791 ], [ 9.054623500000048, 42.679645500000049 ], [ 9.05380550000001, 42.6799585 ], [ 9.053741476303969, 42.680013431573798 ], [ 9.053636500000096, 42.680103500000087 ], [ 9.053490500000066, 42.680519 ], [ 9.053681484652373, 42.680418289857585 ], [ 9.05425, 42.680118500000106 ], [ 9.054503500000067, 42.680195 ], [ 9.054575000000114, 42.680282499999976 ], [ 9.054164, 42.680530500000089 ], [ 9.054145, 42.680893 ], [ 9.053574182613261, 42.681142425935604 ], [ 9.053447, 42.681198 ], [ 9.053538274747268, 42.681384752936594 ], [ 9.053751000000148, 42.68182 ], [ 9.053458, 42.681926500000145 ], [ 9.05368250000015, 42.68227400000012 ], [ 9.054123000000175, 42.682380500000022 ], [ 9.05445949999995, 42.682136500000126 ], [ 9.054723500000136, 42.682297 ], [ 9.056677, 42.682190000000105 ], [ 9.057421500000089, 42.682277500000055 ], [ 9.05781, 42.682571500000051 ], [ 9.059616000000119, 42.682239500000094 ], [ 9.059803000000102, 42.68227400000012 ], [ 9.059547500000122, 42.682693500000028 ], [ 9.060052, 42.682850000000144 ], [ 9.059461500000111, 42.683647 ], [ 9.059583500000087, 42.684280500000057 ], [ 9.058794000000148, 42.684318499999961 ], [ 9.058683500000029, 42.684417500000166 ], [ 9.058694, 42.684505500000171 ], [ 9.059134500000084, 42.684616 ], [ 9.05859850000013, 42.684738 ], [ 9.058102500000132, 42.685310500000014 ], [ 9.059188, 42.685699500000055 ], [ 9.059197500000096, 42.685791 ], [ 9.058614000000148, 42.68655 ], [ 9.057889, 42.686722 ], [ 9.057429500000012, 42.686977500000069 ], [ 9.05727400000012, 42.687210000000107 ], [ 9.057708000000162, 42.687271 ], [ 9.0578155, 42.687671500000135 ], [ 9.056903, 42.687816500000054 ], [ 9.057542000000126, 42.688053 ], [ 9.057082, 42.688305000000128 ], [ 9.058344, 42.688637 ], [ 9.058388500000149, 42.689132500000028 ], [ 9.058243, 42.689457 ], [ 9.056943000000103, 42.689846000000102 ], [ 9.057722, 42.690346 ], [ 9.057234, 42.690876 ], [ 9.05732050000006, 42.691093500000136 ], [ 9.057750500000111, 42.691112500000088 ], [ 9.057555, 42.691528500000061 ], [ 9.057377000000145, 42.691673499999979 ], [ 9.056897, 42.691749500000014 ], [ 9.056735000000117, 42.691940500000214 ], [ 9.057241500000089, 42.692093 ], [ 9.056822, 42.6921615 ], [ 9.0564995000002, 42.692543000000114 ], [ 9.057287, 42.692489500000136 ], [ 9.05709, 42.693001 ], [ 9.057690500000149, 42.692917 ], [ 9.057268, 42.693481500000189 ], [ 9.05806350000006, 42.693489 ], [ 9.058402, 42.693241000000171 ], [ 9.059071500000016, 42.693741000000159 ], [ 9.058581500000116, 42.694263500000034 ], [ 9.058799, 42.69466 ], [ 9.057120058193618, 42.695471637646676 ], [ 9.05711, 42.695476500000041 ], [ 9.057177500000137, 42.696068000000139 ], [ 9.057279518400435, 42.696061445275689 ], [ 9.057481, 42.696048500000131 ], [ 9.0576355, 42.696312 ], [ 9.057423502380004, 42.696593999169863 ], [ 9.058538500000111, 42.696205 ], [ 9.05894550000005, 42.696552500000053 ], [ 9.059869000000106, 42.696087 ], [ 9.060716031276854, 42.694753458768162 ], [ 9.06118, 42.694023 ], [ 9.061887500000125, 42.693805500000167 ], [ 9.062206999831687, 42.693919999823834 ], [ 9.062830000000133, 42.694015499999921 ], [ 9.063912499999958, 42.693779 ], [ 9.064241500000037, 42.693439500000068 ], [ 9.065363000000104, 42.69310750000011 ], [ 9.0657980000002, 42.693168500000183 ], [ 9.066223642365117, 42.692863890421904 ], [ 9.067162500000109, 42.692192 ], [ 9.068169500000124, 42.691814500000078 ], [ 9.069475000000125, 42.692009000000212 ], [ 9.069562, 42.692230000000166 ], [ 9.06982501254214, 42.692231562064251 ], [ 9.070235500000194, 42.692234 ], [ 9.070970500000044, 42.692783500000132 ], [ 9.071702000000187, 42.693409 ], [ 9.071728408660874, 42.693441872319113 ], [ 9.071916499999986, 42.693676 ], [ 9.072057, 42.694343500000059 ], [ 9.07261, 42.694488499999977 ], [ 9.07333750000015, 42.695488 ], [ 9.074858500000232, 42.695942000000173 ], [ 9.075639411300472, 42.695928756974638 ], [ 9.075772500000028, 42.695926500000155 ], [ 9.075914441783311, 42.696103640284775 ], [ 9.076329, 42.696621 ], [ 9.076824000000158, 42.696682000000123 ], [ 9.076634500000125, 42.697143500000095 ], [ 9.076661000000172, 42.697368500000096 ], [ 9.076914000000158, 42.697441 ], [ 9.076691500000038, 42.69763550000016 ], [ 9.076885, 42.69834150000014 ], [ 9.076754500000106, 42.698807000000102 ], [ 9.076471500000139, 42.699093000000119 ], [ 9.076231000000121, 42.699016500000198 ], [ 9.075927000000206, 42.699669000000199 ], [ 9.076819500000113, 42.699978000000158 ], [ 9.076479, 42.70021800000012 ], [ 9.076693500000033, 42.700573 ], [ 9.077087500000118, 42.700821 ], [ 9.077390500000149, 42.700798000000134 ], [ 9.077962000000184, 42.700359500000104 ], [ 9.07821, 42.700386 ], [ 9.079112000000123, 42.700790500000039 ], [ 9.080287000000169, 42.700905000000148 ], [ 9.080744, 42.701149 ], [ 9.080785637038503, 42.701191779735893 ], [ 9.081910000000164, 42.702347 ], [ 9.08184784962657, 42.702400962899105 ], [ 9.081743, 42.702492 ], [ 9.082198000000176, 42.70282 ], [ 9.082297500000038, 42.704311500000074 ], [ 9.082607500000108, 42.704338000000121 ], [ 9.082677000000217, 42.704422000000136 ], [ 9.082511, 42.704571 ], [ 9.082647500000064, 42.704693 ], [ 9.083956000000171, 42.704895 ], [ 9.084080306197848, 42.70494230813307 ], [ 9.084146500000088, 42.70496750000018 ], [ 9.0842935, 42.705185 ], [ 9.084274500000049, 42.705547500000023 ], [ 9.083685000000116, 42.706352000000152 ], [ 9.083781, 42.706661000000111 ], [ 9.082974385208558, 42.707196499927193 ], [ 9.082522500000039, 42.707496500000161 ], [ 9.082212910632222, 42.70835766199167 ], [ 9.082190500000081, 42.70842 ], [ 9.082167293083728, 42.70842722356133 ], [ 9.081835500000011, 42.708530500000109 ], [ 9.081742499999962, 42.708763 ], [ 9.081772001843603, 42.709030001409928 ], [ 9.08303450000011, 42.7099955 ], [ 9.083237500000223, 42.710796500000015 ], [ 9.084309500000074, 42.712131500000169 ], [ 9.084193915584081, 42.712472915424428 ], [ 9.084028, 42.712963 ], [ 9.084166500000151, 42.71373 ], [ 9.084992991818069, 42.713608856678718 ], [ 9.085261500000172, 42.713569500000119 ], [ 9.085721382714496, 42.714644313914278 ], [ 9.085829500000102, 42.714897000000178 ], [ 9.085920495048015, 42.714927365648862 ], [ 9.086276000000112, 42.715046 ], [ 9.086167500000158, 42.715278500000124 ], [ 9.086354500000027, 42.715313000000151 ], [ 9.086375185666725, 42.715307144568612 ], [ 9.087137, 42.715091500000085 ], [ 9.087193500000126, 42.7145385 ], [ 9.087705500000084, 42.714199000000178 ], [ 9.088132, 42.714710000000139 ], [ 9.089038, 42.714618500000029 ], [ 9.089615, 42.714851500000123 ], [ 9.089886500000034, 42.714565500000106 ], [ 9.090891, 42.714779 ], [ 9.091933499999925, 42.714714000000129 ], [ 9.092454000000203, 42.715095500000075 ], [ 9.092395000000124, 42.715641000000119 ], [ 9.09264950000005, 42.715717500000039 ], [ 9.09219, 42.715969 ], [ 9.092392000006612, 42.716136999908997 ], [ 9.094254500000147, 42.715217500000051 ], [ 9.094373500000017, 42.715206000000137 ], [ 9.094395500000076, 42.715385500000082 ], [ 9.095578, 42.715675500000089 ], [ 9.096787500000119, 42.714927500000044 ], [ 9.099034500000016, 42.715339500000027 ], [ 9.099879500000156, 42.715244500000153 ], [ 9.100412500000175, 42.71561800000012 ], [ 9.099911499999962, 42.717182 ], [ 9.101111500000115, 42.717518000000155 ], [ 9.101628500000061, 42.718391500000109 ], [ 9.101472000000115, 42.71913150000006 ], [ 9.103020105294888, 42.71990627448713 ], [ 9.103080500000146, 42.719936500000074 ], [ 9.103091015390646, 42.720022887976995 ], [ 9.103113000000178, 42.720203500000139 ], [ 9.103216999823474, 42.720230072642153 ], [ 9.103680500000053, 42.720348500000057 ], [ 9.10381747485178, 42.721217569388386 ], [ 9.103870500000141, 42.72155400000014 ], [ 9.10409533146418, 42.721674511788422 ], [ 9.104717500000049, 42.722008 ], [ 9.104778500000123, 42.722633500000086 ], [ 9.104854500000044, 42.722759000000167 ], [ 9.105332500000145, 42.723194 ], [ 9.105591, 42.723308499999973 ], [ 9.106507500000021, 42.723297000000116 ], [ 9.106271500000048, 42.723896 ], [ 9.105695, 42.724296500000037 ], [ 9.105847471205038, 42.724555951001321 ], [ 9.105847500385948, 42.724555999812253 ], [ 9.106482500000084, 42.724247 ], [ 9.107250000000136, 42.724521500000151 ], [ 9.10824, 42.72400650000003 ], [ 9.108338500000173, 42.723278000000107 ], [ 9.108663500000034, 42.723449500000129 ], [ 9.10995, 42.723366000000112 ], [ 9.110268499999961, 42.72348 ], [ 9.11127, 42.725456 ], [ 9.111875500000053, 42.725921500000197 ], [ 9.111851500000057, 42.726871500000073 ], [ 9.113381500000173, 42.726871500000073 ], [ 9.11383150000006, 42.72707 ], [ 9.114424, 42.726902 ], [ 9.115413500000045, 42.725849 ], [ 9.115895500000136, 42.725681500000064 ], [ 9.116670500000168, 42.725002500000016 ], [ 9.117560500000081, 42.724144 ], [ 9.11774650000018, 42.723549000000162 ], [ 9.118136499999935, 42.723835 ], [ 9.118821, 42.723839 ], [ 9.119089, 42.724148 ], [ 9.118978500000139, 42.724243 ], [ 9.118083000000127, 42.724426500000106 ], [ 9.118032500000027, 42.724518 ], [ 9.117827500000146, 42.725479 ], [ 9.118413, 42.726307000000133 ], [ 9.118078, 42.72668850000008 ], [ 9.118244000000118, 42.727577 ], [ 9.117921, 42.72805000000011 ], [ 9.118199500000173, 42.728348 ], [ 9.118625500000064, 42.728321000000108 ], [ 9.119848500000046, 42.728840000000105 ], [ 9.120317500000112, 42.729305500000066 ], [ 9.120817000000216, 42.729282500000124 ], [ 9.121333000000106, 42.729610500000035 ], [ 9.121380000000102, 42.730015 ], [ 9.122686499999986, 42.730209500000058 ], [ 9.122557499999971, 42.730667 ], [ 9.123062000000175, 42.730816000000175 ], [ 9.122978078998813, 42.731221204361759 ], [ 9.122977500000104, 42.731224000000168 ], [ 9.122984375551255, 42.731223654238704 ], [ 9.123584, 42.731193500000131 ], [ 9.123809000000165, 42.731544500000041 ], [ 9.124091, 42.731346000000144 ], [ 9.124338, 42.731373 ], [ 9.124552000000165, 42.731632 ], [ 9.125398500000017, 42.731453000000101 ], [ 9.126146500000118, 42.731045000000108 ], [ 9.12739850000014, 42.731289 ], [ 9.128159500000038, 42.731014500000072 ], [ 9.128413, 42.73045350000001 ], [ 9.129289500000084, 42.730633000000125 ], [ 9.129653000000189, 42.730613500000118 ], [ 9.129755000000102, 42.730423 ], [ 9.130727, 42.730369500000165 ], [ 9.132169000000147, 42.730053 ], [ 9.132461500000204, 42.729946 ], [ 9.132512000000133, 42.729854500000158 ], [ 9.132062, 42.729156500000158 ], [ 9.132159, 42.728836000000115 ], [ 9.133892, 42.72900750000008 ], [ 9.134755, 42.728554 ], [ 9.13511950000003, 42.728531 ], [ 9.137913, 42.729408500000034 ], [ 9.138308500000107, 42.729652500000157 ], [ 9.138809, 42.730385 ], [ 9.139632000000177, 42.730613500000118 ], [ 9.140131, 42.731212500000083 ], [ 9.1400145, 42.731895500000121 ], [ 9.140657500000145, 42.732673500000033 ], [ 9.141191500000048, 42.732551500000056 ], [ 9.141388, 42.733169500000031 ], [ 9.142845, 42.733715000000188 ], [ 9.143161000000134, 42.7337875 ], [ 9.143824500000164, 42.733619500000145 ], [ 9.144337499999949, 42.732773 ], [ 9.144832500000064, 42.732830000000149 ], [ 9.145041500000104, 42.732410500000071 ], [ 9.145765500000152, 42.732330500000046 ], [ 9.146391, 42.731930000000148 ], [ 9.146659, 42.732139500000073 ], [ 9.147079500000018, 42.732063499999981 ], [ 9.147590500000149, 42.731636 ], [ 9.147822500000188, 42.731529 ], [ 9.148596, 42.731346000000144 ], [ 9.149704, 42.731418500000075 ], [ 9.150657500000079, 42.73172 ], [ 9.150987500000042, 42.731930000000148 ], [ 9.150909500000012, 42.73230000000018 ], [ 9.1511, 42.732376000000102 ], [ 9.151946000000123, 42.732277 ], [ 9.151340500000117, 42.73294850000002 ], [ 9.152381, 42.7334745 ], [ 9.153289, 42.734543000000144 ], [ 9.153781, 42.734565500000031 ], [ 9.154122500000085, 42.734859500000027 ], [ 9.154707000000144, 42.734642 ], [ 9.155535500000099, 42.734916500000168 ], [ 9.156167, 42.734470499999986 ], [ 9.156951000000163, 42.734375000000114 ], [ 9.157832, 42.734592499999962 ], [ 9.157868500000063, 42.734997 ], [ 9.1594695, 42.734997 ], [ 9.15978900000016, 42.73510750000014 ], [ 9.160492, 42.7354775 ], [ 9.160592396518553, 42.736322918207634 ], [ 9.160593, 42.736328 ], [ 9.161044, 42.736522500000149 ], [ 9.163510500000029, 42.736702 ], [ 9.165468, 42.736088000000109 ], [ 9.166107000000125, 42.736316500000157 ], [ 9.1660688199579, 42.736424915683187 ], [ 9.165960500000097, 42.73673250000013 ], [ 9.166087, 42.736770500000091 ], [ 9.166547551498013, 42.736373065639441 ], [ 9.166652500000168, 42.736282500000016 ], [ 9.166713500000014, 42.736278500000026 ], [ 9.166815716355586, 42.736344021470757 ], [ 9.1674280000002, 42.73673650000012 ], [ 9.167549, 42.73672850000014 ], [ 9.167874499999982, 42.736259500000074 ], [ 9.168002606134053, 42.736215472833806 ], [ 9.168519, 42.736038 ], [ 9.168713892569315, 42.736138435434384 ], [ 9.168845, 42.736206 ], [ 9.169078000000127, 42.736099 ], [ 9.169354500000054, 42.735855 ], [ 9.169304, 42.735321 ], [ 9.169724500000143, 42.73475250000007 ], [ 9.16953, 42.734039500000051 ], [ 9.169692000000111, 42.733852500000012 ], [ 9.170029500000112, 42.733604500000126 ], [ 9.170724, 42.7337875 ], [ 9.170900500000073, 42.733726500000103 ], [ 9.171749000000148, 42.733051500000045 ], [ 9.173318000000108, 42.7328720000001 ], [ 9.174606500000095, 42.732292 ], [ 9.175125, 42.732536500000037 ], [ 9.177132500000027, 42.731834500000048 ], [ 9.177708500000108, 42.7304 ], [ 9.17764950000003, 42.729904 ], [ 9.179503500000123, 42.73006450000014 ], [ 9.179938500000048, 42.729500000000144 ], [ 9.180879500000117, 42.729706000000135 ], [ 9.180933, 42.730152 ], [ 9.182087, 42.730087500000081 ], [ 9.182424500000025, 42.72984300000013 ], [ 9.182693500000084, 42.730053 ], [ 9.18298649999997, 42.72995 ], [ 9.18301164361111, 42.72988910531717 ], [ 9.183082500000125, 42.729717500000049 ], [ 9.183693814612582, 42.729537678489123 ], [ 9.183861, 42.729488500000116 ], [ 9.183883988167338, 42.729439708787936 ], [ 9.184057000000109, 42.729072500000143 ], [ 9.184602, 42.729034500000012 ], [ 9.185041500000011, 42.728607 ], [ 9.186549658252545, 42.728066463691846 ], [ 9.186989, 42.727909000000125 ], [ 9.18843250000009, 42.727096500000243 ], [ 9.189122, 42.7272415 ], [ 9.190253734663486, 42.726707027612917 ], [ 9.190987500000119, 42.726360500000112 ], [ 9.191201066714996, 42.72650443994911 ], [ 9.191785, 42.726898000000176 ], [ 9.192755500000032, 42.726841 ], [ 9.193507, 42.726475000000164 ], [ 9.194003, 42.726532 ], [ 9.195139, 42.726200000000119 ], [ 9.195353500000067, 42.725963500000091 ], [ 9.19627, 42.725956 ], [ 9.197909868281386, 42.72506975774445 ], [ 9.198063, 42.724987000000112 ], [ 9.198366999277027, 42.724972000035677 ], [ 9.200721000000101, 42.725239 ], [ 9.200879, 42.725544 ], [ 9.201198500000146, 42.725654500000132 ], [ 9.201514000000145, 42.725738500000148 ], [ 9.202115000000163, 42.725651000000198 ], [ 9.203845000000115, 42.7263145 ], [ 9.206080500000155, 42.727226500000143 ], [ 9.208024000000194, 42.728145500000153 ], [ 9.20973000000015, 42.729126000000122 ], [ 9.2104435, 42.730079500000159 ], [ 9.210807, 42.730057 ], [ 9.211550000000102, 42.7306405 ], [ 9.211685, 42.731361500000162 ], [ 9.212464500000067, 42.731762 ], [ 9.212357207657419, 42.732273369149937 ], [ 9.212340499999925, 42.732353 ], [ 9.212530223526073, 42.732438186283957 ], [ 9.21279149999998, 42.732555499999989 ], [ 9.213588500000014, 42.733093500000109 ], [ 9.213774500000113, 42.733623500000078 ], [ 9.214881000000162, 42.733158000000117 ], [ 9.21556, 42.733204 ], [ 9.215836500000194, 42.73295950000022 ], [ 9.216140500000108, 42.732940500000097 ], [ 9.216704500000048, 42.733047500000225 ], [ 9.218097500000056, 42.733463500000198 ], [ 9.218217, 42.733951500000046 ], [ 9.218902500000013, 42.734676499999978 ], [ 9.220519000000195, 42.734802 ], [ 9.220341957561345, 42.735027290491075 ], [ 9.22029700000013, 42.735084500000028 ], [ 9.220666000000108, 42.735615 ], [ 9.222233000067945, 42.735431499907747 ], [ 9.222928, 42.7344855 ], [ 9.223336047436931, 42.734280712147893 ], [ 9.223862500000109, 42.734016500000109 ], [ 9.224238500000126, 42.733589000000109 ], [ 9.224192796785019, 42.733386881471745 ], [ 9.224006500000087, 42.732563 ], [ 9.224566500000094, 42.732128 ], [ 9.224769499999979, 42.731163 ], [ 9.225579500000208, 42.730671 ], [ 9.225841500000058, 42.729797500000075 ], [ 9.226316500000109, 42.729675500000099 ], [ 9.2268305, 42.7287445 ], [ 9.227623000000165, 42.728733 ], [ 9.228443000000198, 42.728328500000032 ], [ 9.228758000000141, 42.727272 ], [ 9.229485500000123, 42.727226500000143 ], [ 9.229548500000192, 42.726726499999984 ], [ 9.230324500000052, 42.725956 ], [ 9.2299955000002, 42.725254 ], [ 9.228581500000075, 42.724567500000092 ], [ 9.230347500000221, 42.724510000000123 ], [ 9.230786500000079, 42.723984 ], [ 9.231269, 42.723919 ], [ 9.232539000000145, 42.724334500000168 ], [ 9.232994000000133, 42.724041 ], [ 9.232839500000125, 42.72377 ], [ 9.233392500000093, 42.723789000000124 ], [ 9.233334500000069, 42.723209500000166 ], [ 9.232525, 42.722576000000117 ], [ 9.23179250000004, 42.721443 ], [ 9.233078, 42.720329500000048 ], [ 9.234004999591946, 42.719909500185054 ], [ 9.237092000000132, 42.719551000000138 ], [ 9.237176310372831, 42.719642508412562 ], [ 9.237724500000013, 42.72023750000011 ], [ 9.23796649999997, 42.720218500000101 ], [ 9.238801000000137, 42.720031500000118 ], [ 9.239462704865957, 42.719450016883854 ], [ 9.239465, 42.719448000000114 ], [ 9.240781, 42.719101 ], [ 9.241691500000172, 42.719051500000035 ], [ 9.242486, 42.719043500000055 ], [ 9.242958420320122, 42.719155712635711 ], [ 9.243869, 42.719372 ], [ 9.244337, 42.719204 ], [ 9.244464698854188, 42.71902889906147 ], [ 9.244715500000098, 42.718685 ], [ 9.245268, 42.718700500000125 ], [ 9.24540050000013, 42.71878049999998 ], [ 9.245531661779125, 42.718939071463865 ], [ 9.24575700000014, 42.719211500000085 ], [ 9.245822, 42.719341500000041 ], [ 9.245938500000022, 42.720920500000091 ], [ 9.246034500000178, 42.721229500000106 ], [ 9.246371499999952, 42.7214775 ], [ 9.246988500000043, 42.721527 ], [ 9.2472810000001, 42.721420500000079 ], [ 9.247489, 42.720501 ], [ 9.248977500000137, 42.719558500000062 ], [ 9.249002500000074, 42.718746000000124 ], [ 9.249181599558881, 42.71863178323963 ], [ 9.249469, 42.718448500000022 ], [ 9.250000126676639, 42.718562871449933 ], [ 9.250284, 42.718624 ], [ 9.250534349985742, 42.718517895195077 ], [ 9.251157000000148, 42.718254000000115 ], [ 9.253035499999953, 42.718006 ], [ 9.25276550000001, 42.7178 ], [ 9.253239500000177, 42.717678 ], [ 9.253735500000175, 42.71773150000007 ], [ 9.254183615270733, 42.718210663588479 ], [ 9.254702500000064, 42.718765499999961 ], [ 9.255193500000019, 42.71878450000014 ], [ 9.2570505, 42.718361 ], [ 9.257790500000112, 42.717907000000196 ], [ 9.257846, 42.7178535 ], [ 9.257741232327362, 42.717818577442529 ], [ 9.257400500000017, 42.717705 ], [ 9.25715450000007, 42.717083 ], [ 9.256388500000128, 42.716816000000165 ], [ 9.256318000000135, 42.71672800000016 ], [ 9.256230500000015, 42.716511000000139 ], [ 9.256491500000095, 42.716041500000188 ], [ 9.256704572330193, 42.715958044497427 ], [ 9.256900000000144, 42.71588150000008 ], [ 9.257316500000172, 42.715263500000106 ], [ 9.257279500000095, 42.714866500000142 ], [ 9.256469500000094, 42.714729499999976 ], [ 9.255728000000204, 42.714145499999972 ], [ 9.255454, 42.713302500000054 ], [ 9.255206000000157, 42.713268500000083 ], [ 9.255455, 42.712799000000132 ], [ 9.255364492491651, 42.712492315149973 ], [ 9.255168, 42.711826500000143 ], [ 9.255505500000083, 42.71157850000003 ], [ 9.255235500000083, 42.711372500000039 ], [ 9.255522500000041, 42.711216 ], [ 9.255542, 42.710769500000083 ], [ 9.255104, 42.710163 ], [ 9.255734500000017, 42.709717 ], [ 9.255461500000138, 42.709465000000137 ], [ 9.256113, 42.70879 ], [ 9.256157568725484, 42.708608385053708 ], [ 9.256326499999943, 42.70792 ], [ 9.25631600000014, 42.707832500000052 ], [ 9.254707500000109, 42.707161 ], [ 9.254082500000095, 42.706424500000082 ], [ 9.253995000000145, 42.706203500000129 ], [ 9.254965, 42.705520500000091 ], [ 9.25531, 42.705856499999982 ], [ 9.255927, 42.705906 ], [ 9.257087500000068, 42.705391 ], [ 9.25760350000013, 42.704998 ], [ 9.258039500000109, 42.704559499999959 ], [ 9.257942882663031, 42.704396119705279 ], [ 9.257656, 42.703911000000176 ], [ 9.258307093183305, 42.703750208292206 ], [ 9.25909350000012, 42.703556000000106 ], [ 9.258893663646063, 42.70270995125594 ], [ 9.258871, 42.702614000000153 ], [ 9.258331500000111, 42.702198 ], [ 9.258398000000113, 42.701744 ], [ 9.259267, 42.7012365 ], [ 9.259324000000163, 42.700691 ], [ 9.259546500000113, 42.700500500000032 ], [ 9.259907000000112, 42.700348 ], [ 9.260316000000159, 42.700187500000254 ], [ 9.261033000000168, 42.700050499999918 ], [ 9.262482500000033, 42.699917 ], [ 9.262687500000141, 42.700084500000116 ], [ 9.262360500000227, 42.700424000000112 ], [ 9.262806, 42.700573 ], [ 9.264837500000169, 42.700687500000072 ], [ 9.265812, 42.70066850000012 ], [ 9.266088500000137, 42.700424000000112 ], [ 9.266336500000079, 42.700454499999978 ], [ 9.268139, 42.701210000000117 ], [ 9.268744500000139, 42.701168 ], [ 9.268974500000013, 42.701561 ], [ 9.269348000000207, 42.701626 ], [ 9.269405499999948, 42.701080500000103 ], [ 9.269568500000105, 42.700802000000124 ], [ 9.269850500000189, 42.700611 ], [ 9.269967, 42.700557500000173 ], [ 9.270298, 42.700763499999937 ], [ 9.270634485237451, 42.700515510880052 ], [ 9.270634500199549, 42.700515498616426 ], [ 9.270668000000171, 42.700283 ], [ 9.26982, 42.6998365 ], [ 9.269249, 42.699066000000187 ], [ 9.270267500000045, 42.698272500000087 ], [ 9.270324499999958, 42.697731 ], [ 9.26995, 42.697666 ], [ 9.2698785, 42.697582000000182 ], [ 9.2700395, 42.697391500000037 ], [ 9.269386500000167, 42.696937500000104 ], [ 9.268883500000129, 42.696823 ], [ 9.268780500000105, 42.696472000000142 ], [ 9.26931100000013, 42.6963005 ], [ 9.269781000000137, 42.695549 ], [ 9.270198000000164, 42.695442 ], [ 9.270159000000149, 42.695129500000121 ], [ 9.271214500000099, 42.694652500000075 ], [ 9.271591000000114, 42.694225500000073 ], [ 9.271766500000069, 42.69416450000017 ], [ 9.272864500000196, 42.694149000000152 ], [ 9.273943, 42.693859000000145 ], [ 9.274935, 42.693977500000017 ], [ 9.275496499999974, 42.692947500000059 ], [ 9.275778000000173, 42.692753 ], [ 9.276323500000217, 42.692722500000059 ], [ 9.276424500000019, 42.692539 ], [ 9.276864999666259, 42.692641999921989 ], [ 9.277024500000095, 42.6924515 ], [ 9.276977170170255, 42.692341481653955 ], [ 9.276873500000079, 42.692100500000095 ], [ 9.277246898340195, 42.691618847519351 ], [ 9.277349500000184, 42.69148650000011 ], [ 9.2773388673005, 42.691372451638415 ], [ 9.277307500000063, 42.691036000000167 ], [ 9.276668500000142, 42.69030400000014 ], [ 9.276097500000162, 42.690117000000157 ], [ 9.275855000000149, 42.689636000000121 ], [ 9.276150500000085, 42.689438000000109 ], [ 9.275444000000107, 42.689167 ], [ 9.275396500000056, 42.688259 ], [ 9.275439500000061, 42.687984500000084 ], [ 9.275614499999961, 42.687927000000116 ], [ 9.275879, 42.688099000000136 ], [ 9.276047500000118, 42.688587 ], [ 9.276586500000121, 42.689003000000184 ], [ 9.278002500000014, 42.689594500000055 ], [ 9.278857, 42.689594500000055 ], [ 9.280056000000116, 42.688793 ], [ 9.280090500000142, 42.688564500000098 ], [ 9.279733500000077, 42.688137 ], [ 9.28002650000019, 42.688026500000035 ], [ 9.280040000000213, 42.68753049999998 ], [ 9.279864500000087, 42.687092000000121 ], [ 9.279176, 42.686451 ], [ 9.279282500000079, 42.685089 ], [ 9.278885806584697, 42.684314432582141 ], [ 9.278882, 42.684307000000103 ], [ 9.278963, 42.68385300000017 ], [ 9.27991750000001, 42.68315900000016 ], [ 9.28107250000005, 42.683002500000157 ], [ 9.281461, 42.682163000000173 ], [ 9.281301500000154, 42.681862000000137 ], [ 9.28159050000005, 42.681614000000195 ], [ 9.282841500000018, 42.681354500000225 ], [ 9.283324000000164, 42.680691 ], [ 9.283286000000203, 42.680378 ], [ 9.282845500000178, 42.680271000000118 ], [ 9.282682500000192, 42.67992 ], [ 9.283240499999977, 42.679386 ], [ 9.283240281146959, 42.679139790301235 ], [ 9.283239500000093, 42.678261 ], [ 9.283377500000142, 42.677891 ], [ 9.283672500000023, 42.677288 ], [ 9.284426500000052, 42.676338000000101 ], [ 9.285218, 42.675709000000154 ], [ 9.285731500000225, 42.675403500000073 ], [ 9.286266500000067, 42.675277499999936 ], [ 9.286765000000116, 42.674747500000137 ], [ 9.286997, 42.67464450000017 ], [ 9.287465000000111, 42.674484500000062 ], [ 9.287465048531089, 42.674484499545656 ], [ 9.288319500000114, 42.674476500000139 ], [ 9.289202499999988, 42.674698000000149 ], [ 9.290615000000173, 42.674659499999962 ], [ 9.291726308198861, 42.674359370941488 ], [ 9.292153500000097, 42.674244 ], [ 9.2930735, 42.674282000000176 ], [ 9.293322500000158, 42.674312500000042 ], [ 9.295046, 42.674927 ], [ 9.295949, 42.67532749999998 ], [ 9.298568, 42.676887500000134 ], [ 9.299101000000121, 42.6772575 ], [ 9.299146074861483, 42.677320233885837 ], [ 9.299380500000154, 42.677646500000037 ], [ 9.299560500000098, 42.678634500000044 ], [ 9.300982570674478, 42.678268739025498 ], [ 9.300983500000086, 42.678268500000172 ], [ 9.301697506942332, 42.678637986110118 ], [ 9.3016985000001, 42.678638500000034 ], [ 9.301004500000204, 42.678955000000144 ], [ 9.300955, 42.679046500000027 ], [ 9.301203, 42.679077 ], [ 9.301192500000127, 42.680114500000116 ], [ 9.3001135, 42.680401 ], [ 9.299193500000115, 42.680870000000141 ], [ 9.299231500000076, 42.681183 ], [ 9.298635500000159, 42.681404 ], [ 9.298712, 42.68153 ], [ 9.299537500000156, 42.681793 ], [ 9.300133500000072, 42.681671000000108 ], [ 9.300293, 42.681976500000019 ], [ 9.300205, 42.682255000000112 ], [ 9.29965, 42.682831 ], [ 9.300701000000174, 42.682941500000084 ], [ 9.300336000000129, 42.683464000000185 ], [ 9.302166, 42.683937 ], [ 9.30425, 42.68399050000005 ], [ 9.304888500000061, 42.684227 ], [ 9.308793, 42.686298500000191 ], [ 9.310714500000017, 42.687034500000152 ], [ 9.314176505052217, 42.688991504600324 ], [ 9.316552000000172, 42.691154499999982 ], [ 9.316664964765721, 42.691506239387309 ], [ 9.3170225, 42.692619500000092 ], [ 9.317231, 42.692829000000188 ], [ 9.318704325877889, 42.693567134058071 ], [ 9.319234, 42.693832500000099 ], [ 9.319755705268562, 42.694629614935366 ], [ 9.320345000000145, 42.69553 ], [ 9.321137500000134, 42.696026000000188 ], [ 9.322831999104949, 42.69700600421379 ], [ 9.322598500000083, 42.698105000000112 ], [ 9.322309500000131, 42.698345 ], [ 9.322684400431399, 42.698579490055522 ], [ 9.322706, 42.69859300000013 ], [ 9.322742500000061, 42.699402000000134 ], [ 9.322593959616881, 42.699543643865468 ], [ 9.32218250000011, 42.699936 ], [ 9.322429486816191, 42.701297023445989 ], [ 9.322515500000122, 42.701771000000178 ], [ 9.322356163805239, 42.702078691111524 ], [ 9.321405500000139, 42.70391450000011 ], [ 9.322061547308692, 42.705219481240817 ], [ 9.32242, 42.705932500000074 ], [ 9.321997500000066, 42.706489500000146 ], [ 9.321873273709116, 42.707226591738049 ], [ 9.321734500000161, 42.708050000000128 ], [ 9.321780707497737, 42.70821340356332 ], [ 9.321948, 42.708805 ], [ 9.321634354136677, 42.709773618954159 ], [ 9.321262500000046, 42.710922 ], [ 9.321458, 42.711544 ], [ 9.321468263991846, 42.711544240399007 ], [ 9.321949, 42.711555500000088 ], [ 9.321420527360658, 42.712053141775186 ], [ 9.321280500000114, 42.712185 ], [ 9.321381374132784, 42.712470538875721 ], [ 9.321466500000042, 42.712711500000012 ], [ 9.321344038613745, 42.712868558101093 ], [ 9.321243500000037, 42.712997500000029 ], [ 9.321294000000137, 42.713402 ], [ 9.321911, 42.713955 ], [ 9.321934500000225, 42.714767500000107 ], [ 9.322242500000129, 42.714790500000049 ], [ 9.322280000000205, 42.715103 ], [ 9.322345500000097, 42.715145 ], [ 9.323191500000121, 42.715053499999954 ], [ 9.323269000000153, 42.71518350000008 ], [ 9.322506, 42.715450499999974 ], [ 9.322344000000157, 42.715729 ], [ 9.322475500463497, 42.71681200029451 ], [ 9.322794000000101, 42.717014500000062 ], [ 9.322983782696838, 42.716967382442533 ], [ 9.323517, 42.716835000000117 ], [ 9.3236025, 42.717144000000133 ], [ 9.323971000000142, 42.717037000000118 ], [ 9.324317166890637, 42.717374998295952 ], [ 9.324924499999952, 42.717968 ], [ 9.326348500000222, 42.718109 ], [ 9.326505500000053, 42.719005500000094 ], [ 9.327080500000193, 42.719196500000123 ], [ 9.327553000000194, 42.719074 ], [ 9.327758000000131, 42.719242 ], [ 9.328687500000115, 42.718738500000029 ], [ 9.329001500000174, 42.718807000000197 ], [ 9.329628000000127, 42.71894850000001 ], [ 9.330039, 42.718792 ], [ 9.329900500000122, 42.719166 ], [ 9.33235, 42.720814 ], [ 9.333092500000078, 42.721496500000171 ], [ 9.333076975113613, 42.721553901707921 ], [ 9.332881000000157, 42.722278500000016 ], [ 9.333680000000186, 42.722316500000147 ], [ 9.333484500000168, 42.722824 ], [ 9.33355250000011, 42.722862 ], [ 9.333866000000114, 42.722938500000112 ], [ 9.334608132935159, 42.722585913907153 ], [ 9.334629000000177, 42.722576000000117 ], [ 9.33508600000016, 42.722908 ], [ 9.335498000000143, 42.723789000000124 ], [ 9.333867, 42.724563500000102 ], [ 9.333639000000176, 42.725303500000052 ], [ 9.333787000000143, 42.726013000000137 ], [ 9.334248500000172, 42.726398500000016 ], [ 9.335416000000123, 42.726951500000155 ], [ 9.336486000000207, 42.72720350000003 ], [ 9.3371965, 42.7280235 ], [ 9.337556, 42.7279585 ], [ 9.337597, 42.72840100000019 ], [ 9.338093, 42.728462 ], [ 9.338809, 42.728199000000131 ], [ 9.339244000000122, 42.72826 ], [ 9.339375500000187, 42.728340000000117 ], [ 9.339341, 42.72866050000016 ], [ 9.338964500000088, 42.729088000000161 ], [ 9.340277500000184, 42.729324500000189 ], [ 9.340482, 42.729492 ], [ 9.340985499999988, 42.730720500000075 ], [ 9.342183, 42.732139500000073 ], [ 9.341996000000108, 42.732605 ], [ 9.342509500000119, 42.732895 ], [ 9.343443, 42.732925500000079 ], [ 9.343737500000145, 42.733951500000046 ], [ 9.344635088569476, 42.735549358178957 ], [ 9.345109, 42.736393 ], [ 9.345141500000125, 42.736664000000133 ], [ 9.344987000000117, 42.736896500000171 ], [ 9.344516, 42.737156 ], [ 9.344692, 42.737591000000123 ], [ 9.344092499999988, 42.738804 ], [ 9.343579500000033, 42.739109 ], [ 9.343818499833446, 42.739677499603943 ], [ 9.344730500000026, 42.73983 ], [ 9.34506228848312, 42.739645713136099 ], [ 9.3461105, 42.7390635000001 ], [ 9.353522500018528, 42.73942950001242 ], [ 9.3570595, 42.741802 ], [ 9.358758, 42.742473500000131 ], [ 9.359643, 42.742756 ], [ 9.361558, 42.742801500000098 ], [ 9.365899, 42.744186500000126 ], [ 9.366682, 42.7445755 ], [ 9.366875672697802, 42.745277048441892 ], [ 9.367058, 42.745937500000025 ], [ 9.368109659328013, 42.746654912489987 ], [ 9.369820500000117, 42.747822 ], [ 9.371997, 42.750995500000045 ], [ 9.376769, 42.750702000000103 ], [ 9.379107211831865, 42.749616271992863 ] ] ] ] } }
]
}
